Date;Time;Open;High;Low;Close;Volume
22/02/2026;17:10:00;25031.0;25040.75;25030.0;25036.0;0
22/02/2026;17:11:00;25037.75;25045.25;25035.0;25045.25;100
22/02/2026;17:12:00;25045.75;25048.5;25037.0;25047.75;75
22/02/2026;17:13:00;25048.25;25055.25;25044.75;25049.25;144
22/02/2026;17:14:00;25049.75;25052.5;25044.0;25051.75;135
22/02/2026;17:15:00;25049.75;25056.5;25048.75;25056.5;111
22/02/2026;17:16:00;25055.0;25057.75;25050.5;25052.5;41
22/02/2026;17:17:00;25053.0;25053.5;25045.5;25047.0;47
22/02/2026;17:18:00;25045.5;25046.5;25037.0;25041.25;222
22/02/2026;17:19:00;25039.75;25041.25;25034.0;25035.75;90
22/02/2026;17:20:00;25034.5;25037.75;25015.5;25017.5;376
22/02/2026;17:21:00;25016.5;25034.5;25011.0;25030.0;338
22/02/2026;17:22:00;25030.75;25034.75;25021.5;25021.5;175
22/02/2026;17:23:00;25021.0;25026.25;25015.0;25020.75;173
22/02/2026;17:24:00;25019.0;25019.75;25003.5;25008.0;198
22/02/2026;17:25:00;25008.75;25009.75;24994.0;25007.0;313
22/02/2026;17:26:00;25006.25;25006.25;24971.5;24984.0;393
22/02/2026;17:27:00;24983.5;24989.0;24968.25;24972.25;295
22/02/2026;17:28:00;24973.0;24982.25;24968.75;24977.5;224
22/02/2026;17:29:00;24978.25;24984.75;24977.75;24980.0;206
22/02/2026;17:30:00;24979.5;24983.25;24961.0;24973.5;401
22/02/2026;17:31:00;24972.5;24986.5;24967.25;24980.5;363
22/02/2026;17:32:00;24979.0;24983.0;24965.0;24973.75;213
22/02/2026;17:33:00;24973.75;24990.0;24972.75;24972.75;197
22/02/2026;17:34:00;24973.5;24976.25;24967.75;24974.5;147
22/02/2026;17:35:00;24974.5;24983.5;24969.25;24982.0;117
22/02/2026;17:36:00;24980.75;24980.75;24971.5;24975.5;82
22/02/2026;17:37:00;24973.75;24981.25;24973.25;24977.5;32
22/02/2026;17:38:00;24978.5;24978.5;24964.75;24967.25;110
22/02/2026;17:39:00;24965.0;24970.0;24956.5;24963.75;232
22/02/2026;17:40:00;24963.25;24966.75;24959.0;24959.75;121
22/02/2026;17:41:00;24960.0;24961.5;24949.0;24952.5;264
22/02/2026;17:42:00;24951.25;24957.0;24941.0;24946.0;533
22/02/2026;17:43:00;24946.0;24951.0;24940.0;24949.25;273
22/02/2026;17:44:00;24949.25;24949.25;24936.5;24940.5;158
22/02/2026;17:45:00;24941.5;24959.5;24936.75;24948.25;508
22/02/2026;17:46:00;24948.75;24955.0;24946.5;24951.25;100
22/02/2026;17:47:00;24951.75;24965.0;24946.5;24960.75;237
22/02/2026;17:48:00;24959.0;24961.0;24952.0;24958.75;142
22/02/2026;17:49:00;24959.0;24978.5;24953.5;24971.25;328
22/02/2026;17:50:00;24972.0;24976.75;24969.5;24972.75;119
22/02/2026;17:51:00;24973.0;24977.75;24966.75;24974.25;143
22/02/2026;17:52:00;24975.75;24980.0;24963.75;24965.25;130
22/02/2026;17:53:00;24966.5;24969.75;24954.75;24959.75;228
22/02/2026;17:54:00;24960.0;24963.75;24952.5;24956.75;88
22/02/2026;17:55:00;24956.0;24970.0;24950.75;24970.0;184
22/02/2026;17:56:00;24971.0;24972.0;24966.0;24968.5;110
22/02/2026;17:57:00;24970.0;24978.75;24970.0;24978.25;98
22/02/2026;17:58:00;24978.5;24983.0;24969.5;24970.75;126
22/02/2026;17:59:00;24972.25;24979.0;24970.0;24971.0;61
22/02/2026;18:00:00;24970.0;24971.0;24959.25;24966.0;221
22/02/2026;18:01:00;24967.0;24967.5;24952.0;24956.0;180
22/02/2026;18:02:00;24955.5;24970.5;24953.75;24955.0;293
22/02/2026;18:03:00;24956.25;24956.25;24946.25;24948.75;253
22/02/2026;18:04:00;24947.5;24948.75;24932.75;24935.25;382
22/02/2026;18:05:00;24935.25;24944.25;24928.75;24939.0;423
22/02/2026;18:06:00;24939.25;24950.5;24934.0;24941.25;230
22/02/2026;18:07:00;24940.0;24943.5;24933.5;24939.25;142
22/02/2026;18:08:00;24937.5;24940.75;24927.5;24939.5;171
22/02/2026;18:09:00;24940.0;24947.0;24931.75;24931.75;154
22/02/2026;18:10:00;24932.75;24941.75;24929.75;24934.75;234
22/02/2026;18:11:00;24932.75;24937.75;24929.0;24935.0;78
22/02/2026;18:12:00;24935.0;24938.25;24929.0;24933.0;106
22/02/2026;18:13:00;24933.0;24934.75;24929.0;24933.75;59
22/02/2026;18:14:00;24934.5;24938.75;24930.0;24933.5;109
22/02/2026;18:15:00;24934.5;24942.0;24929.75;24936.25;125
22/02/2026;18:16:00;24937.5;24941.0;24935.25;24940.75;103
22/02/2026;18:17:00;24940.75;24950.5;24940.5;24943.5;164
22/02/2026;18:18:00;24942.75;24943.75;24934.5;24938.75;93
22/02/2026;18:19:00;24938.5;24938.5;24926.0;24927.25;242
22/02/2026;18:20:00;24926.75;24927.5;24908.75;24909.75;481
22/02/2026;18:21:00;24910.25;24914.0;24902.25;24908.75;368
22/02/2026;18:22:00;24908.5;24918.75;24902.0;24906.0;195
22/02/2026;18:23:00;24905.75;24908.0;24902.25;24906.25;81
22/02/2026;18:24:00;24905.5;24914.5;24904.25;24908.5;122
22/02/2026;18:25:00;24908.0;24911.25;24896.0;24897.75;362
22/02/2026;18:26:00;24899.0;24899.0;24884.25;24889.0;274
22/02/2026;18:27:00;24888.75;24901.75;24884.0;24896.0;277
22/02/2026;18:28:00;24897.25;24900.5;24894.25;24900.5;128
22/02/2026;18:29:00;24901.25;24907.75;24898.25;24907.75;168
22/02/2026;18:30:00;24906.75;24907.75;24897.75;24898.0;201
22/02/2026;18:31:00;24898.5;24898.5;24891.75;24893.25;217
22/02/2026;18:32:00;24892.75;24898.0;24890.0;24894.25;183
22/02/2026;18:33:00;24894.25;24902.0;24889.0;24890.5;245
22/02/2026;18:34:00;24893.0;24895.75;24880.0;24893.25;367
22/02/2026;18:35:00;24893.0;24900.5;24886.5;24896.0;206
22/02/2026;18:36:00;24896.5;24898.5;24893.25;24897.25;53
22/02/2026;18:37:00;24898.25;24898.25;24886.0;24888.0;134
22/02/2026;18:38:00;24888.25;24890.5;24887.0;24889.75;31
22/02/2026;18:39:00;24889.0;24889.0;24877.0;24885.75;228
22/02/2026;18:40:00;24885.75;24892.5;24882.75;24890.5;171
22/02/2026;18:41:00;24890.25;24898.75;24886.5;24895.5;102
22/02/2026;18:42:00;24895.25;24902.0;24894.5;24894.5;117
22/02/2026;18:43:00;24895.5;24895.5;24887.25;24890.25;92
22/02/2026;18:44:00;24889.25;24893.75;24879.0;24883.75;155
22/02/2026;18:45:00;24883.25;24890.0;24873.5;24890.0;333
22/02/2026;18:46:00;24887.75;24897.5;24880.0;24890.5;200
22/02/2026;18:47:00;24890.5;24900.0;24889.0;24896.5;127
22/02/2026;18:48:00;24896.5;24896.5;24885.5;24885.5;98
22/02/2026;18:49:00;24885.0;24888.25;24875.0;24880.0;131
22/02/2026;18:50:00;24880.75;24881.5;24875.25;24881.5;189
22/02/2026;18:51:00;24882.0;24885.5;24875.75;24885.5;131
22/02/2026;18:52:00;24885.75;24889.5;24882.25;24883.5;182
22/02/2026;18:53:00;24883.0;24883.0;24877.5;24881.0;77
22/02/2026;18:54:00;24881.5;24886.25;24879.75;24883.25;126
22/02/2026;18:55:00;24881.5;24887.75;24878.25;24882.0;126
22/02/2026;18:56:00;24884.5;24886.0;24863.25;24871.25;426
22/02/2026;18:57:00;24870.0;24870.75;24854.0;24859.0;439
22/02/2026;18:58:00;24859.25;24865.5;24848.5;24864.5;456
22/02/2026;18:59:00;24863.0;24871.0;24852.75;24852.75;345
22/02/2026;19:00:00;24853.75;24862.75;24839.25;24861.25;894
22/02/2026;19:01:00;24860.5;24867.5;24851.0;24858.0;553
22/02/2026;19:02:00;24857.5;24868.75;24851.5;24859.0;373
22/02/2026;19:03:00;24860.5;24873.0;24852.25;24865.5;368
22/02/2026;19:04:00;24865.5;24872.5;24855.0;24869.75;262
22/02/2026;19:05:00;24868.75;24876.0;24860.5;24869.75;232
22/02/2026;19:06:00;24869.0;24872.75;24863.75;24868.5;120
22/02/2026;19:07:00;24867.75;24873.25;24863.25;24868.0;151
22/02/2026;19:08:00;24865.5;24873.25;24860.5;24867.5;303
22/02/2026;19:09:00;24867.5;24873.75;24865.0;24872.75;185
22/02/2026;19:10:00;24872.0;24874.5;24854.5;24861.25;265
22/02/2026;19:11:00;24862.0;24865.25;24856.75;24858.75;175
22/02/2026;19:12:00;24859.75;24864.5;24854.25;24857.0;112
22/02/2026;19:13:00;24856.75;24861.5;24855.25;24860.5;97
22/02/2026;19:14:00;24858.5;24867.5;24857.75;24864.0;213
22/02/2026;19:15:00;24863.5;24865.75;24854.75;24861.25;210
22/02/2026;19:16:00;24862.25;24873.25;24862.25;24871.0;168
22/02/2026;19:17:00;24869.5;24870.5;24855.0;24862.25;284
22/02/2026;19:18:00;24862.25;24872.0;24861.75;24869.0;153
22/02/2026;19:19:00;24869.0;24871.25;24866.5;24869.75;81
22/02/2026;19:20:00;24870.0;24878.5;24868.75;24875.0;184
22/02/2026;19:21:00;24874.25;24880.75;24872.75;24880.5;135
22/02/2026;19:22:00;24879.0;24882.0;24873.75;24876.0;193
22/02/2026;19:23:00;24875.75;24882.75;24865.0;24872.0;274
22/02/2026;19:24:00;24871.75;24872.75;24863.5;24868.0;235
22/02/2026;19:25:00;24864.75;24864.75;24852.5;24856.0;362
22/02/2026;19:26:00;24857.25;24864.5;24855.0;24860.5;232
22/02/2026;19:27:00;24860.5;24870.75;24860.0;24869.5;135
22/02/2026;19:28:00;24869.75;24873.0;24866.0;24869.25;71
22/02/2026;19:29:00;24870.5;24871.0;24857.0;24858.75;137
22/02/2026;19:30:00;24858.75;24864.0;24854.5;24862.75;146
22/02/2026;19:31:00;24861.75;24866.25;24857.5;24861.75;146
22/02/2026;19:32:00;24863.0;24866.0;24857.75;24861.75;63
22/02/2026;19:33:00;24862.0;24865.0;24842.25;24851.5;442
22/02/2026;19:34:00;24851.75;24866.75;24851.75;24859.25;309
22/02/2026;19:35:00;24859.5;24860.5;24851.75;24859.5;142
22/02/2026;19:36:00;24860.25;24864.25;24850.25;24855.0;258
22/02/2026;19:37:00;24856.5;24865.0;24856.5;24862.5;102
22/02/2026;19:38:00;24865.25;24869.0;24862.5;24863.5;79
22/02/2026;19:39:00;24862.5;24865.25;24859.0;24863.5;79
22/02/2026;19:40:00;24863.0;24864.0;24858.0;24859.75;63
22/02/2026;19:41:00;24859.5;24864.0;24859.25;24860.0;57
22/02/2026;19:42:00;24860.75;24866.75;24860.75;24865.75;89
22/02/2026;19:43:00;24868.5;24874.0;24867.25;24867.25;116
22/02/2026;19:44:00;24866.0;24873.25;24865.5;24873.25;71
22/02/2026;19:45:00;24872.75;24881.75;24869.75;24869.75;212
22/02/2026;19:46:00;24868.75;24871.75;24854.75;24855.25;215
22/02/2026;19:47:00;24854.75;24860.0;24846.25;24860.0;248
22/02/2026;19:48:00;24860.25;24867.5;24856.0;24867.5;149
22/02/2026;19:49:00;24866.75;24867.25;24856.5;24862.0;96
22/02/2026;19:50:00;24862.0;24868.5;24857.0;24863.75;99
22/02/2026;19:51:00;24864.25;24865.75;24856.0;24856.5;93
22/02/2026;19:52:00;24856.0;24856.0;24846.0;24850.5;239
22/02/2026;19:53:00;24850.0;24854.5;24843.5;24851.0;159
22/02/2026;19:54:00;24851.5;24851.5;24832.5;24848.25;534
22/02/2026;19:55:00;24847.5;24852.75;24840.75;24842.25;164
22/02/2026;19:56:00;24841.0;24861.75;24841.0;24860.0;195
22/02/2026;19:57:00;24859.75;24861.0;24854.0;24856.75;55
22/02/2026;19:58:00;24856.25;24858.25;24848.0;24851.25;107
22/02/2026;19:59:00;24848.25;24850.0;24843.5;24844.25;150
22/02/2026;20:00:00;24844.25;24857.25;24844.25;24854.5;274
22/02/2026;20:01:00;24850.25;24850.25;24836.0;24837.75;268
22/02/2026;20:02:00;24839.5;24843.0;24830.75;24834.0;230
22/02/2026;20:03:00;24833.5;24844.25;24831.25;24843.25;287
22/02/2026;20:04:00;24844.25;24854.75;24839.5;24841.25;257
22/02/2026;20:05:00;24841.0;24849.75;24840.25;24844.25;118
22/02/2026;20:06:00;24843.75;24851.75;24839.25;24848.25;142
22/02/2026;20:07:00;24845.25;24847.25;24840.0;24841.0;111
22/02/2026;20:08:00;24840.75;24844.5;24834.25;24843.0;142
22/02/2026;20:09:00;24842.0;24844.25;24839.0;24843.75;63
22/02/2026;20:10:00;24841.5;24841.5;24832.5;24833.75;133
22/02/2026;20:11:00;24833.25;24833.75;24819.75;24824.75;490
22/02/2026;20:12:00;24823.25;24831.0;24815.0;24816.5;368
22/02/2026;20:13:00;24816.25;24826.5;24815.25;24825.5;159
22/02/2026;20:14:00;24826.75;24826.75;24817.0;24818.0;114
22/02/2026;20:15:00;24818.0;24822.0;24808.0;24817.5;354
22/02/2026;20:16:00;24817.75;24819.75;24811.75;24815.0;141
22/02/2026;20:17:00;24813.5;24823.0;24810.75;24820.25;132
22/02/2026;20:18:00;24820.0;24822.0;24814.75;24822.0;159
22/02/2026;20:19:00;24821.0;24829.25;24819.75;24822.5;182
22/02/2026;20:20:00;24822.5;24832.25;24822.0;24832.25;115
22/02/2026;20:21:00;24831.75;24835.25;24825.25;24828.25;110
22/02/2026;20:22:00;24828.0;24835.0;24828.0;24831.25;54
22/02/2026;20:23:00;24830.75;24832.75;24825.0;24825.0;144
22/02/2026;20:24:00;24824.25;24829.25;24823.5;24828.25;44
22/02/2026;20:25:00;24829.0;24833.5;24828.75;24831.5;74
22/02/2026;20:26:00;24831.5;24836.5;24831.25;24834.75;100
22/02/2026;20:27:00;24834.5;24839.5;24831.0;24837.0;170
22/02/2026;20:28:00;24836.75;24839.0;24832.75;24838.5;91
22/02/2026;20:29:00;24838.25;24840.0;24831.0;24832.0;175
22/02/2026;20:30:00;24831.75;24837.0;24828.5;24836.75;60
22/02/2026;20:31:00;24837.75;24843.75;24837.0;24842.25;167
22/02/2026;20:32:00;24842.25;24845.0;24833.25;24837.25;211
22/02/2026;20:33:00;24837.25;24842.5;24837.25;24840.25;98
22/02/2026;20:34:00;24839.75;24840.75;24836.25;24840.5;48
22/02/2026;20:35:00;24839.25;24840.0;24833.25;24834.75;88
22/02/2026;20:36:00;24833.75;24840.0;24833.5;24836.0;114
22/02/2026;20:37:00;24835.0;24841.75;24832.25;24835.25;138
22/02/2026;20:38:00;24835.5;24837.75;24834.25;24837.5;43
22/02/2026;20:39:00;24837.75;24838.75;24830.25;24835.25;99
22/02/2026;20:40:00;24833.75;24835.0;24829.25;24830.75;129
22/02/2026;20:41:00;24831.25;24838.25;24831.25;24838.0;92
22/02/2026;20:42:00;24836.25;24840.25;24835.5;24837.5;106
22/02/2026;20:43:00;24838.75;24840.25;24833.75;24835.75;56
22/02/2026;20:44:00;24835.5;24842.0;24835.25;24839.5;88
22/02/2026;20:45:00;24839.0;24842.5;24838.0;24841.25;63
22/02/2026;20:46:00;24840.5;24841.75;24836.5;24838.25;75
22/02/2026;20:47:00;24837.25;24837.25;24833.0;24834.25;67
22/02/2026;20:48:00;24834.25;24837.0;24831.5;24835.75;56
22/02/2026;20:49:00;24836.75;24839.75;24835.25;24835.25;70
22/02/2026;20:50:00;24836.5;24839.75;24833.5;24834.5;70
22/02/2026;20:51:00;24835.75;24839.75;24835.5;24838.75;34
22/02/2026;20:52:00;24837.5;24839.25;24837.0;24837.25;36
22/02/2026;20:53:00;24837.25;24838.75;24833.0;24835.0;52
22/02/2026;20:54:00;24833.75;24840.25;24833.75;24835.5;59
22/02/2026;20:55:00;24834.75;24836.25;24831.75;24834.5;48
22/02/2026;20:56:00;24834.5;24837.25;24834.5;24837.25;21
22/02/2026;20:57:00;24837.75;24839.5;24836.75;24839.0;34
22/02/2026;20:58:00;24838.0;24838.0;24834.25;24834.5;26
22/02/2026;20:59:00;24834.5;24840.0;24834.5;24839.0;40
22/02/2026;21:00:00;24839.5;24842.25;24839.5;24842.0;63
22/02/2026;21:01:00;24842.25;24852.75;24840.5;24850.25;239
22/02/2026;21:02:00;24850.5;24862.25;24850.0;24855.25;315
22/02/2026;21:03:00;24855.0;24855.5;24851.25;24852.5;105
22/02/2026;21:04:00;24852.0;24852.75;24845.5;24849.0;110
22/02/2026;21:05:00;24849.25;24856.25;24848.75;24850.5;98
22/02/2026;21:06:00;24850.75;24860.75;24848.0;24860.75;115
22/02/2026;21:07:00;24859.5;24863.0;24857.75;24860.75;104
22/02/2026;21:08:00;24861.5;24863.5;24855.0;24856.25;145
22/02/2026;21:09:00;24857.25;24858.25;24852.75;24853.75;56
22/02/2026;21:10:00;24852.5;24854.25;24849.0;24850.75;55
22/02/2026;21:11:00;24850.25;24854.0;24844.25;24846.75;178
22/02/2026;21:12:00;24846.25;24853.75;24845.75;24848.75;109
22/02/2026;21:13:00;24847.0;24848.75;24844.0;24846.75;58
22/02/2026;21:14:00;24847.75;24849.75;24847.0;24849.0;25
22/02/2026;21:15:00;24848.75;24850.0;24846.25;24847.5;41
22/02/2026;21:16:00;24845.0;24845.75;24840.5;24840.5;84
22/02/2026;21:17:00;24840.75;24842.5;24833.5;24835.0;180
22/02/2026;21:18:00;24834.25;24837.0;24831.75;24836.0;135
22/02/2026;21:19:00;24835.25;24836.75;24832.25;24836.5;37
22/02/2026;21:20:00;24835.5;24845.75;24835.5;24844.0;206
22/02/2026;21:21:00;24840.5;24842.5;24834.75;24834.75;82
22/02/2026;21:22:00;24834.25;24838.5;24831.0;24835.0;152
22/02/2026;21:23:00;24834.5;24837.0;24831.5;24833.75;96
22/02/2026;21:24:00;24836.5;24836.75;24823.0;24824.25;187
22/02/2026;21:25:00;24823.5;24826.0;24820.0;24822.5;153
22/02/2026;21:26:00;24822.5;24826.75;24815.25;24817.0;148
22/02/2026;21:27:00;24816.75;24823.75;24816.0;24821.75;141
22/02/2026;21:28:00;24822.75;24830.25;24821.0;24828.0;171
22/02/2026;21:29:00;24827.75;24833.75;24827.75;24833.5;96
22/02/2026;21:30:00;24833.5;24838.0;24829.75;24830.5;100
22/02/2026;21:31:00;24831.0;24834.0;24822.5;24824.5;201
22/02/2026;21:32:00;24824.5;24829.0;24818.0;24819.25;141
22/02/2026;21:33:00;24819.25;24821.75;24816.0;24821.5;123
22/02/2026;21:34:00;24820.5;24826.0;24819.0;24823.25;125
22/02/2026;21:35:00;24822.75;24822.75;24813.25;24817.5;189
22/02/2026;21:36:00;24815.5;24822.25;24813.75;24821.25;83
22/02/2026;21:37:00;24820.75;24827.0;24820.5;24823.5;149
22/02/2026;21:38:00;24824.0;24825.0;24818.5;24822.75;99
22/02/2026;21:39:00;24822.25;24826.0;24817.25;24817.25;114
22/02/2026;21:40:00;24818.0;24831.0;24818.0;24830.75;109
22/02/2026;21:41:00;24829.75;24836.75;24829.75;24835.25;74
22/02/2026;21:42:00;24835.0;24837.25;24833.25;24833.5;29
22/02/2026;21:43:00;24834.25;24835.75;24834.25;24834.75;11
22/02/2026;21:44:00;24834.25;24839.5;24834.25;24838.75;31
22/02/2026;21:45:00;24838.5;24841.25;24837.0;24838.25;47
22/02/2026;21:46:00;24837.25;24838.75;24832.5;24832.75;36
22/02/2026;21:47:00;24834.25;24840.5;24833.75;24836.75;24
22/02/2026;21:48:00;24835.75;24836.75;24833.5;24836.25;42
22/02/2026;21:49:00;24835.25;24837.25;24835.25;24835.5;6
22/02/2026;21:50:00;24833.75;24835.0;24831.25;24835.0;41
22/02/2026;21:51:00;24835.0;24838.75;24835.0;24838.25;14
22/02/2026;21:52:00;24837.5;24837.5;24835.0;24835.0;15
22/02/2026;21:53:00;24835.75;24835.75;24830.25;24833.0;57
22/02/2026;21:54:00;24833.0;24837.75;24833.0;24835.0;36
22/02/2026;21:55:00;24836.0;24837.5;24834.0;24834.0;18
22/02/2026;21:56:00;24833.5;24839.0;24832.75;24839.0;18
22/02/2026;21:57:00;24840.0;24842.25;24837.0;24841.0;112
22/02/2026;21:58:00;24842.0;24844.0;24839.5;24840.5;55
22/02/2026;21:59:00;24841.75;24843.0;24841.75;24841.75;14
22/02/2026;22:00:00;24842.5;24843.5;24840.75;24842.5;27
22/02/2026;22:01:00;24842.0;24843.0;24834.25;24834.5;129
22/02/2026;22:02:00;24834.5;24838.25;24831.0;24836.0;59
22/02/2026;22:03:00;24836.25;24837.0;24831.5;24832.5;30
22/02/2026;22:04:00;24830.25;24832.75;24829.0;24830.75;55
22/02/2026;22:05:00;24831.0;24831.75;24828.0;24830.5;55
22/02/2026;22:06:00;24830.5;24839.0;24829.75;24837.0;57
22/02/2026;22:07:00;24838.25;24842.0;24838.25;24840.75;53
22/02/2026;22:08:00;24841.5;24845.25;24841.25;24844.75;67
22/02/2026;22:09:00;24844.25;24846.5;24840.75;24844.5;86
22/02/2026;22:10:00;24842.5;24848.0;24842.25;24847.5;45
22/02/2026;22:11:00;24848.75;24853.0;24846.75;24852.0;168
22/02/2026;22:12:00;24851.5;24851.5;24845.5;24849.25;75
22/02/2026;22:13:00;24849.75;24849.75;24846.75;24848.25;16
22/02/2026;22:14:00;24848.0;24849.0;24841.5;24843.5;52
22/02/2026;22:15:00;24842.0;24842.0;24830.5;24831.25;150
22/02/2026;22:16:00;24831.25;24836.25;24831.25;24832.75;37
22/02/2026;22:17:00;24832.5;24835.5;24832.5;24835.0;14
22/02/2026;22:18:00;24836.0;24838.0;24835.0;24835.0;22
22/02/2026;22:19:00;24835.0;24842.25;24835.0;24838.25;94
22/02/2026;22:20:00;24839.25;24839.25;24837.0;24837.0;7
22/02/2026;22:21:00;24836.25;24838.0;24836.25;24837.5;9
22/02/2026;22:22:00;24837.25;24838.0;24834.5;24834.5;7
22/02/2026;22:23:00;24834.0;24834.5;24825.75;24825.75;146
22/02/2026;22:24:00;24826.5;24829.0;24824.75;24828.0;58
22/02/2026;22:25:00;24827.25;24827.5;24821.25;24824.25;53
22/02/2026;22:26:00;24824.25;24828.75;24824.25;24828.75;63
22/02/2026;22:27:00;24829.25;24831.75;24828.25;24831.75;27
22/02/2026;22:28:00;24831.5;24832.0;24829.0;24831.25;32
22/02/2026;22:29:00;24831.75;24832.25;24829.5;24830.5;12
22/02/2026;22:30:00;24831.25;24837.0;24831.25;24832.75;131
22/02/2026;22:31:00;24833.25;24839.5;24833.25;24837.0;68
22/02/2026;22:32:00;24836.0;24836.0;24826.0;24826.0;117
22/02/2026;22:33:00;24827.25;24827.75;24824.0;24825.5;50
22/02/2026;22:34:00;24824.5;24826.75;24824.0;24825.75;37
22/02/2026;22:35:00;24825.75;24826.75;24823.5;24825.75;46
22/02/2026;22:36:00;24825.75;24825.75;24822.75;24823.0;44
22/02/2026;22:37:00;24824.0;24826.75;24824.0;24824.0;21
22/02/2026;22:38:00;24825.0;24827.0;24824.0;24824.5;20
22/02/2026;22:39:00;24824.0;24825.0;24823.75;24825.0;9
22/02/2026;22:40:00;24825.0;24825.75;24819.25;24820.25;61
22/02/2026;22:41:00;24819.75;24821.0;24811.0;24816.25;121
22/02/2026;22:42:00;24815.75;24823.0;24815.75;24820.75;68
22/02/2026;22:43:00;24820.0;24827.25;24819.75;24825.25;117
22/02/2026;22:44:00;24824.0;24828.0;24824.0;24824.0;24
22/02/2026;22:45:00;24825.0;24825.25;24822.0;24822.5;20
22/02/2026;22:46:00;24822.5;24826.5;24822.5;24825.75;15
22/02/2026;22:47:00;24825.5;24826.0;24820.0;24824.25;42
22/02/2026;22:48:00;24823.75;24824.75;24819.5;24824.75;43
22/02/2026;22:49:00;24823.75;24826.5;24822.75;24826.25;38
22/02/2026;22:50:00;24826.25;24830.0;24825.5;24827.0;104
22/02/2026;22:51:00;24827.75;24827.75;24825.25;24827.0;16
22/02/2026;22:52:00;24827.75;24827.75;24823.25;24827.25;64
22/02/2026;22:53:00;24827.0;24829.75;24826.75;24827.75;31
22/02/2026;22:54:00;24829.25;24833.75;24824.5;24824.5;128
22/02/2026;22:55:00;24826.5;24827.0;24824.0;24825.75;29
22/02/2026;22:56:00;24825.75;24830.25;24825.5;24830.25;29
22/02/2026;22:57:00;24829.75;24830.25;24828.0;24828.0;10
22/02/2026;22:58:00;24828.5;24828.5;24825.25;24828.25;10
22/02/2026;23:00:00;24833.5;24835.0;24831.25;24832.5;61
22/02/2026;23:01:00;24833.0;24834.5;24827.75;24831.0;82
22/02/2026;23:02:00;24830.75;24830.75;24827.5;24828.75;27
22/02/2026;23:03:00;24827.0;24832.25;24827.0;24829.5;29
22/02/2026;23:04:00;24829.0;24832.25;24828.75;24829.5;26
22/02/2026;23:05:00;24829.75;24830.0;24827.75;24828.0;14
22/02/2026;23:06:00;24828.0;24830.0;24828.0;24830.0;23
22/02/2026;23:07:00;24830.0;24831.0;24822.75;24827.75;85
22/02/2026;23:08:00;24826.5;24829.75;24826.25;24827.75;39
22/02/2026;23:09:00;24826.75;24828.25;24819.5;24822.5;83
22/02/2026;23:10:00;24821.75;24825.0;24819.5;24822.75;68
22/02/2026;23:11:00;24821.5;24823.5;24816.25;24823.5;59
22/02/2026;23:12:00;24822.0;24823.25;24818.25;24819.75;31
22/02/2026;23:13:00;24819.5;24819.5;24817.0;24817.5;34
22/02/2026;23:14:00;24816.75;24821.75;24816.25;24820.0;30
22/02/2026;23:15:00;24819.25;24819.25;24814.5;24819.0;15
22/02/2026;23:16:00;24817.25;24818.75;24811.75;24812.0;76
22/02/2026;23:17:00;24811.5;24817.5;24811.5;24814.75;53
22/02/2026;23:18:00;24816.25;24816.25;24812.75;24813.75;26
22/02/2026;23:19:00;24815.0;24816.25;24807.75;24808.25;157
22/02/2026;23:20:00;24809.25;24811.75;24807.25;24809.0;68
22/02/2026;23:21:00;24809.5;24817.5;24809.0;24817.5;66
22/02/2026;23:22:00;24815.75;24822.75;24815.75;24818.25;157
22/02/2026;23:23:00;24817.5;24818.5;24814.25;24814.25;58
22/02/2026;23:24:00;24816.0;24819.0;24815.75;24817.5;41
22/02/2026;23:25:00;24818.0;24822.75;24818.0;24819.25;99
22/02/2026;23:26:00;24817.5;24819.0;24816.5;24816.75;20
22/02/2026;23:27:00;24817.0;24820.5;24815.25;24820.0;32
22/02/2026;23:28:00;24821.0;24825.5;24820.75;24823.75;101
22/02/2026;23:29:00;24825.0;24828.25;24825.0;24827.75;46
22/02/2026;23:30:00;24827.0;24829.0;24824.5;24825.75;44
22/02/2026;23:31:00;24824.5;24828.25;24822.75;24828.25;38
22/02/2026;23:32:00;24828.25;24828.25;24824.75;24825.25;98
22/02/2026;23:33:00;24825.5;24826.0;24823.0;24825.0;42
22/02/2026;23:34:00;24825.0;24835.25;24825.0;24831.0;184
22/02/2026;23:35:00;24831.5;24832.5;24829.25;24829.75;63
22/02/2026;23:36:00;24830.0;24830.0;24826.0;24828.5;36
22/02/2026;23:37:00;24828.5;24832.5;24828.5;24832.25;60
22/02/2026;23:38:00;24832.0;24838.0;24832.0;24836.25;99
22/02/2026;23:39:00;24836.0;24843.25;24835.75;24837.5;244
22/02/2026;23:40:00;24837.5;24837.75;24833.75;24835.5;122
22/02/2026;23:41:00;24835.75;24843.25;24835.25;24840.0;72
22/02/2026;23:42:00;24840.5;24840.5;24835.25;24835.75;62
22/02/2026;23:43:00;24836.5;24838.75;24833.0;24838.75;81
22/02/2026;23:44:00;24839.0;24839.5;24835.25;24835.25;25
22/02/2026;23:45:00;24835.25;24836.0;24833.75;24836.0;19
22/02/2026;23:46:00;24836.75;24839.0;24836.75;24838.5;19
22/02/2026;23:47:00;24838.25;24838.25;24836.0;24836.0;17
22/02/2026;23:48:00;24836.75;24836.75;24826.0;24826.5;208
22/02/2026;23:49:00;24826.75;24829.0;24824.75;24829.0;90
22/02/2026;23:50:00;24828.75;24829.5;24825.75;24825.75;40
22/02/2026;23:51:00;24824.75;24827.0;24824.75;24827.0;12
22/02/2026;23:52:00;24826.75;24831.0;24826.75;24830.5;34
22/02/2026;23:53:00;24830.5;24838.25;24830.5;24838.25;66
22/02/2026;23:54:00;24839.0;24840.75;24837.25;24839.75;78
22/02/2026;23:55:00;24840.5;24844.25;24839.25;24842.75;72
22/02/2026;23:56:00;24842.5;24842.75;24836.5;24841.0;49
22/02/2026;23:57:00;24841.75;24843.0;24840.5;24841.75;21
22/02/2026;23:58:00;24841.25;24843.25;24839.25;24842.25;33
22/02/2026;23:59:00;24842.25;24842.25;24837.5;24838.25;29
23/02/2026;00:00:00;24838.5;24838.75;24832.25;24835.25;65
23/02/2026;00:01:00;24837.5;24840.75;24836.25;24836.25;44
23/02/2026;00:02:00;24835.75;24837.0;24834.75;24837.0;12
23/02/2026;00:03:00;24837.75;24837.75;24836.0;24836.0;11
23/02/2026;00:04:00;24837.25;24841.75;24837.25;24841.5;32
23/02/2026;00:05:00;24840.25;24841.75;24839.0;24840.75;28
23/02/2026;00:06:00;24840.75;24842.75;24839.75;24840.75;40
23/02/2026;00:07:00;24840.0;24841.75;24838.0;24839.0;64
23/02/2026;00:08:00;24841.25;24841.5;24837.75;24837.75;15
23/02/2026;00:09:00;24838.5;24839.25;24837.5;24838.0;15
23/02/2026;00:10:00;24837.5;24842.5;24836.0;24841.5;35
23/02/2026;00:11:00;24842.5;24847.5;24842.25;24844.25;74
23/02/2026;00:12:00;24844.5;24849.5;24843.75;24847.75;111
23/02/2026;00:13:00;24848.0;24850.75;24846.0;24848.5;76
23/02/2026;00:14:00;24848.5;24854.75;24848.0;24854.25;184
23/02/2026;00:15:00;24853.0;24853.5;24849.0;24849.25;81
23/02/2026;00:16:00;24848.25;24849.25;24843.75;24847.5;55
23/02/2026;00:17:00;24847.75;24851.75;24847.75;24849.75;31
23/02/2026;00:18:00;24850.0;24852.0;24849.0;24852.0;30
23/02/2026;00:19:00;24852.25;24854.5;24849.75;24850.5;48
23/02/2026;00:20:00;24851.25;24852.25;24845.75;24846.5;72
23/02/2026;00:21:00;24847.5;24847.5;24845.0;24846.5;23
23/02/2026;00:22:00;24847.5;24851.25;24847.5;24849.0;43
23/02/2026;00:23:00;24849.5;24852.5;24848.25;24851.5;21
23/02/2026;00:24:00;24851.5;24851.5;24848.5;24848.5;16
23/02/2026;00:25:00;24846.75;24850.25;24846.75;24850.25;14
23/02/2026;00:26:00;24850.75;24852.5;24847.5;24847.75;29
23/02/2026;00:27:00;24847.75;24849.5;24847.75;24849.0;17
23/02/2026;00:28:00;24849.5;24850.0;24847.5;24848.75;18
23/02/2026;00:29:00;24847.25;24848.5;24845.5;24847.25;18
23/02/2026;00:30:00;24845.5;24848.75;24841.0;24845.0;71
23/02/2026;00:31:00;24845.0;24847.0;24844.25;24844.5;35
23/02/2026;00:32:00;24845.75;24849.5;24845.25;24848.75;33
23/02/2026;00:33:00;24849.5;24854.0;24849.5;24852.25;67
23/02/2026;00:34:00;24853.25;24858.0;24851.5;24858.0;77
23/02/2026;00:35:00;24858.25;24860.0;24856.0;24856.0;61
23/02/2026;00:36:00;24858.25;24862.25;24858.25;24859.0;67
23/02/2026;00:37:00;24858.75;24858.75;24853.0;24854.5;57
23/02/2026;00:38:00;24854.0;24859.25;24853.75;24859.25;57
23/02/2026;00:39:00;24859.0;24864.25;24857.5;24857.5;102
23/02/2026;00:40:00;24857.75;24861.0;24856.75;24857.0;30
23/02/2026;00:41:00;24856.75;24858.0;24854.5;24856.0;40
23/02/2026;00:42:00;24857.0;24862.25;24856.75;24862.0;44
23/02/2026;00:43:00;24862.5;24864.5;24859.25;24860.25;70
23/02/2026;00:44:00;24860.25;24862.25;24857.5;24857.5;58
23/02/2026;00:45:00;24858.0;24858.25;24855.0;24857.5;43
23/02/2026;00:46:00;24858.75;24859.75;24853.75;24853.75;40
23/02/2026;00:47:00;24853.75;24858.0;24853.0;24857.25;27
23/02/2026;00:48:00;24858.0;24863.0;24858.0;24859.75;42
23/02/2026;00:49:00;24860.5;24861.0;24859.5;24859.75;8
23/02/2026;00:50:00;24860.5;24860.75;24859.25;24859.25;11
23/02/2026;00:51:00;24859.75;24860.5;24858.0;24860.5;18
23/02/2026;00:52:00;24860.25;24860.25;24857.0;24858.5;37
23/02/2026;00:53:00;24858.25;24859.5;24858.0;24858.0;16
23/02/2026;00:54:00;24858.75;24867.25;24858.75;24866.25;122
23/02/2026;00:55:00;24866.0;24866.25;24863.25;24865.0;32
23/02/2026;00:56:00;24865.25;24865.25;24860.0;24860.25;53
23/02/2026;00:57:00;24859.5;24860.75;24858.25;24859.5;45
23/02/2026;00:58:00;24861.0;24865.75;24861.0;24865.75;47
23/02/2026;00:59:00;24865.5;24869.5;24865.0;24867.0;106
23/02/2026;01:00:00;24868.5;24873.0;24863.25;24870.25;196
23/02/2026;01:01:00;24871.0;24886.25;24868.25;24884.0;325
23/02/2026;01:02:00;24884.0;24892.25;24882.0;24891.0;463
23/02/2026;01:03:00;24892.0;24896.75;24889.75;24896.5;252
23/02/2026;01:04:00;24896.75;24897.5;24888.75;24889.5;189
23/02/2026;01:05:00;24889.5;24893.5;24885.5;24892.0;156
23/02/2026;01:06:00;24892.75;24897.0;24889.25;24895.0;95
23/02/2026;01:07:00;24895.75;24897.0;24893.5;24895.25;77
23/02/2026;01:08:00;24894.75;24895.75;24889.25;24889.25;106
23/02/2026;01:09:00;24889.75;24893.75;24886.75;24893.75;93
23/02/2026;01:10:00;24894.25;24899.25;24892.5;24895.5;83
23/02/2026;01:11:00;24895.0;24899.75;24893.75;24896.75;59
23/02/2026;01:12:00;24897.0;24913.75;24896.5;24910.75;272
23/02/2026;01:13:00;24910.5;24913.25;24908.75;24910.5;169
23/02/2026;01:14:00;24910.25;24911.5;24905.5;24909.75;99
23/02/2026;01:15:00;24910.25;24913.5;24907.75;24913.5;76
23/02/2026;01:16:00;24914.0;24914.75;24902.25;24903.0;249
23/02/2026;01:17:00;24904.25;24906.0;24900.5;24905.75;180
23/02/2026;01:18:00;24905.75;24910.0;24904.75;24908.25;139
23/02/2026;01:19:00;24907.75;24911.75;24900.75;24905.0;188
23/02/2026;01:20:00;24903.25;24905.75;24901.25;24904.75;63
23/02/2026;01:21:00;24904.0;24905.5;24901.5;24903.5;59
23/02/2026;01:22:00;24903.5;24905.0;24900.75;24903.25;73
23/02/2026;01:23:00;24902.0;24902.0;24895.5;24895.5;65
23/02/2026;01:24:00;24895.75;24903.25;24895.0;24902.25;146
23/02/2026;01:25:00;24901.25;24903.25;24896.5;24899.5;76
23/02/2026;01:26:00;24899.0;24899.0;24894.0;24897.5;73
23/02/2026;01:27:00;24897.25;24900.5;24896.75;24897.75;52
23/02/2026;01:28:00;24898.75;24900.0;24896.75;24896.75;61
23/02/2026;01:29:00;24898.0;24904.0;24896.75;24903.75;213
23/02/2026;01:30:00;24901.5;24906.0;24896.0;24897.0;118
23/02/2026;01:31:00;24898.5;24899.5;24891.75;24899.0;58
23/02/2026;01:32:00;24898.5;24900.75;24896.25;24896.25;38
23/02/2026;01:33:00;24897.0;24903.0;24895.5;24902.75;63
23/02/2026;01:34:00;24903.5;24903.75;24899.5;24900.0;30
23/02/2026;01:35:00;24899.25;24901.25;24897.5;24899.5;42
23/02/2026;01:36:00;24896.75;24898.5;24896.5;24897.5;28
23/02/2026;01:37:00;24898.25;24899.5;24893.5;24894.5;46
23/02/2026;01:38:00;24895.0;24902.0;24894.75;24900.0;38
23/02/2026;01:39:00;24901.5;24907.5;24901.5;24905.25;148
23/02/2026;01:40:00;24906.25;24911.0;24905.75;24909.75;105
23/02/2026;01:41:00;24910.0;24910.0;24903.0;24909.0;74
23/02/2026;01:42:00;24907.5;24907.75;24904.0;24904.0;31
23/02/2026;01:43:00;24904.5;24907.75;24902.5;24904.75;30
23/02/2026;01:44:00;24905.75;24909.0;24905.75;24908.0;46
23/02/2026;01:45:00;24907.0;24908.75;24905.75;24907.25;32
23/02/2026;01:46:00;24907.5;24908.0;24905.0;24907.5;16
23/02/2026;01:47:00;24907.5;24907.5;24905.5;24906.75;16
23/02/2026;01:48:00;24907.25;24912.0;24907.25;24909.5;89
23/02/2026;01:49:00;24909.75;24910.25;24907.75;24910.0;32
23/02/2026;01:50:00;24909.5;24910.0;24906.25;24907.25;27
23/02/2026;01:51:00;24907.75;24908.0;24906.0;24907.5;32
23/02/2026;01:52:00;24907.5;24908.5;24904.5;24904.5;37
23/02/2026;01:53:00;24905.0;24905.75;24901.25;24903.0;59
23/02/2026;01:54:00;24904.0;24904.5;24901.5;24903.0;19
23/02/2026;01:55:00;24901.5;24902.75;24897.5;24897.5;43
23/02/2026;01:56:00;24898.0;24904.5;24898.0;24899.25;98
23/02/2026;01:57:00;24900.0;24903.25;24900.0;24901.0;61
23/02/2026;01:58:00;24900.75;24905.5;24900.0;24905.0;72
23/02/2026;01:59:00;24904.0;24905.0;24897.5;24898.0;82
23/02/2026;02:00:00;24898.75;24910.0;24898.75;24908.0;216
23/02/2026;02:01:00;24907.25;24913.5;24901.0;24903.75;197
23/02/2026;02:02:00;24903.5;24906.25;24900.5;24904.0;103
23/02/2026;02:03:00;24903.25;24904.5;24891.75;24892.75;128
23/02/2026;02:04:00;24893.25;24893.25;24886.25;24889.5;123
23/02/2026;02:05:00;24888.25;24888.5;24880.75;24886.25;226
23/02/2026;02:06:00;24886.25;24896.25;24886.25;24887.5;151
23/02/2026;02:07:00;24887.75;24891.0;24881.0;24881.0;97
23/02/2026;02:08:00;24881.75;24891.0;24877.5;24886.5;161
23/02/2026;02:09:00;24886.75;24886.75;24880.25;24884.0;93
23/02/2026;02:10:00;24884.5;24893.75;24882.25;24893.25;116
23/02/2026;02:11:00;24893.25;24903.75;24893.25;24902.75;97
23/02/2026;02:12:00;24902.25;24910.75;24899.0;24908.75;118
23/02/2026;02:13:00;24908.75;24912.0;24906.25;24908.5;84
23/02/2026;02:14:00;24911.0;24911.25;24903.25;24904.25;60
23/02/2026;02:15:00;24906.0;24906.25;24900.5;24903.5;81
23/02/2026;02:16:00;24904.25;24904.75;24896.25;24898.25;86
23/02/2026;02:17:00;24899.25;24902.0;24894.75;24895.5;61
23/02/2026;02:18:00;24896.0;24898.75;24893.75;24897.5;59
23/02/2026;02:19:00;24898.5;24899.25;24896.75;24897.5;50
23/02/2026;02:20:00;24896.5;24896.5;24890.0;24896.25;84
23/02/2026;02:21:00;24897.25;24905.75;24895.25;24903.25;99
23/02/2026;02:22:00;24902.25;24907.25;24902.0;24906.0;57
23/02/2026;02:23:00;24904.0;24905.0;24899.5;24902.25;30
23/02/2026;02:24:00;24902.5;24902.5;24893.5;24896.5;44
23/02/2026;02:25:00;24894.25;24898.5;24887.0;24892.5;65
23/02/2026;02:26:00;24892.5;24900.75;24891.25;24899.25;31
23/02/2026;02:27:00;24898.25;24901.5;24895.25;24898.25;59
23/02/2026;02:28:00;24897.5;24899.0;24896.25;24899.0;14
23/02/2026;02:29:00;24897.25;24899.0;24896.75;24899.0;23
23/02/2026;02:30:00;24900.25;24905.75;24900.25;24903.5;62
23/02/2026;02:31:00;24902.75;24903.25;24896.25;24899.0;73
23/02/2026;02:32:00;24899.5;24901.75;24893.25;24896.25;106
23/02/2026;02:33:00;24896.75;24897.75;24893.5;24896.75;42
23/02/2026;02:34:00;24894.25;24901.25;24890.75;24893.75;129
23/02/2026;02:35:00;24894.75;24895.75;24891.0;24892.0;54
23/02/2026;02:36:00;24891.0;24895.0;24886.25;24894.0;132
23/02/2026;02:37:00;24892.5;24898.25;24891.0;24898.25;66
23/02/2026;02:38:00;24898.5;24900.0;24896.25;24899.25;51
23/02/2026;02:39:00;24898.5;24899.0;24896.0;24897.75;45
23/02/2026;02:40:00;24895.25;24899.5;24888.75;24888.75;64
23/02/2026;02:41:00;24890.75;24893.5;24889.0;24890.0;48
23/02/2026;02:42:00;24888.75;24888.75;24878.25;24878.25;101
23/02/2026;02:43:00;24878.75;24883.0;24878.25;24882.25;91
23/02/2026;02:44:00;24882.25;24885.75;24880.25;24883.25;54
23/02/2026;02:45:00;24884.75;24892.0;24883.75;24891.0;71
23/02/2026;02:46:00;24890.5;24900.0;24888.75;24899.75;194
23/02/2026;02:47:00;24900.25;24908.25;24898.0;24907.25;169
23/02/2026;02:48:00;24908.25;24920.0;24905.0;24919.0;265
23/02/2026;02:49:00;24919.0;24921.25;24915.5;24918.5;164
23/02/2026;02:50:00;24919.5;24921.25;24916.75;24920.25;100
23/02/2026;02:51:00;24920.25;24924.5;24919.25;24919.25;199
23/02/2026;02:52:00;24919.5;24920.75;24916.0;24918.25;52
23/02/2026;02:53:00;24919.75;24930.25;24919.0;24930.25;148
23/02/2026;02:54:00;24929.75;24932.0;24928.5;24929.75;70
23/02/2026;02:55:00;24930.0;24930.0;24924.5;24927.25;70
23/02/2026;02:56:00;24928.5;24933.0;24926.25;24932.25;71
23/02/2026;02:57:00;24932.75;24934.5;24926.0;24926.0;88
23/02/2026;02:58:00;24926.75;24930.5;24924.0;24930.5;133
23/02/2026;02:59:00;24929.75;24931.75;24928.5;24929.75;126
23/02/2026;03:00:00;24931.0;24940.75;24930.75;24938.5;260
23/02/2026;03:01:00;24939.0;24945.0;24935.0;24945.0;290
23/02/2026;03:02:00;24945.25;24950.5;24943.75;24949.25;212
23/02/2026;03:03:00;24950.0;24959.5;24948.75;24958.75;224
23/02/2026;03:04:00;24958.75;24963.25;24958.5;24962.0;148
23/02/2026;03:05:00;24961.5;24963.25;24958.75;24960.25;101
23/02/2026;03:06:00;24960.5;24966.0;24960.0;24963.75;117
23/02/2026;03:07:00;24965.0;24967.75;24963.75;24966.5;131
23/02/2026;03:08:00;24966.75;24972.0;24966.75;24970.25;275
23/02/2026;03:09:00;24971.5;24974.5;24967.0;24974.5;154
23/02/2026;03:10:00;24974.25;24983.0;24973.5;24982.5;458
23/02/2026;03:11:00;24983.0;24996.25;24983.0;24993.5;573
23/02/2026;03:12:00;24992.75;24992.75;24987.0;24991.5;314
23/02/2026;03:13:00;24992.0;24995.25;24990.0;24994.75;103
23/02/2026;03:14:00;24995.5;24998.5;24989.75;24994.5;143
23/02/2026;03:15:00;24995.25;24996.25;24991.5;24994.5;126
23/02/2026;03:16:00;24995.5;24995.5;24988.25;24990.75;117
23/02/2026;03:17:00;24990.5;24991.75;24985.25;24987.25;119
23/02/2026;03:18:00;24986.75;24988.0;24975.75;24978.25;192
23/02/2026;03:19:00;24978.25;24982.0;24978.25;24982.0;75
23/02/2026;03:20:00;24983.25;24983.5;24977.25;24982.5;137
23/02/2026;03:21:00;24981.75;24986.25;24977.5;24983.75;116
23/02/2026;03:22:00;24983.5;24987.25;24979.0;24985.0;121
23/02/2026;03:23:00;24984.0;24984.5;24977.0;24977.25;149
23/02/2026;03:24:00;24977.5;24981.75;24973.0;24981.25;129
23/02/2026;03:25:00;24982.5;24986.25;24980.0;24985.5;75
23/02/2026;03:26:00;24985.0;24991.0;24984.5;24987.75;159
23/02/2026;03:27:00;24987.75;24991.5;24985.5;24991.5;72
23/02/2026;03:28:00;24990.75;24992.75;24988.5;24989.5;93
23/02/2026;03:29:00;24990.25;24996.0;24990.25;24994.25;141
23/02/2026;03:30:00;24994.5;24996.5;24993.0;24995.75;94
23/02/2026;03:31:00;24996.5;25000.0;24994.25;24996.25;175
23/02/2026;03:32:00;24995.75;24996.25;24991.75;24994.75;91
23/02/2026;03:33:00;24992.0;24993.75;24983.0;24983.5;227
23/02/2026;03:34:00;24983.0;24985.0;24975.0;24978.75;181
23/02/2026;03:35:00;24979.5;24985.0;24975.75;24983.25;136
23/02/2026;03:36:00;24983.75;24996.0;24983.75;24994.5;112
23/02/2026;03:37:00;24994.5;25000.25;24994.5;24997.25;119
23/02/2026;03:38:00;24999.0;25000.25;24993.25;24998.75;69
23/02/2026;03:39:00;24999.0;24999.25;24991.5;24994.0;47
23/02/2026;03:40:00;24994.75;24998.75;24993.75;24997.75;24
23/02/2026;03:41:00;24998.75;25002.0;24998.0;25001.0;116
23/02/2026;03:42:00;25002.0;25004.0;24997.25;24999.25;179
23/02/2026;03:43:00;25000.25;25002.0;24996.0;24996.0;100
23/02/2026;03:44:00;24995.5;24998.0;24993.0;24996.25;96
23/02/2026;03:45:00;24997.0;24999.25;24990.0;24995.5;116
23/02/2026;03:46:00;24995.0;25000.5;24995.0;24998.25;67
23/02/2026;03:47:00;24997.75;24999.25;24993.25;24996.5;60
23/02/2026;03:48:00;24996.75;24997.25;24989.5;24991.25;66
23/02/2026;03:49:00;24991.75;24991.75;24988.0;24988.0;65
23/02/2026;03:50:00;24988.5;24989.75;24981.75;24986.75;123
23/02/2026;03:51:00;24986.5;24990.0;24985.5;24990.0;50
23/02/2026;03:52:00;24990.0;24993.75;24989.75;24990.0;65
23/02/2026;03:53:00;24990.5;24991.25;24986.0;24986.75;54
23/02/2026;03:54:00;24986.5;24988.5;24985.0;24985.0;107
23/02/2026;03:55:00;24986.75;24989.75;24984.5;24989.75;43
23/02/2026;03:56:00;24988.5;24989.75;24986.75;24988.0;17
23/02/2026;03:57:00;24987.0;24988.75;24983.75;24984.25;61
23/02/2026;03:58:00;24983.75;24986.5;24982.5;24984.0;48
23/02/2026;03:59:00;24984.25;24984.5;24980.0;24983.5;54
23/02/2026;04:00:00;24985.5;24988.0;24984.25;24985.75;50
23/02/2026;04:01:00;24987.0;24992.25;24986.75;24989.0;55
23/02/2026;04:02:00;24988.5;24990.75;24988.5;24989.25;15
23/02/2026;04:03:00;24988.25;24988.5;24986.0;24986.25;13
23/02/2026;04:04:00;24985.0;24985.5;24980.0;24981.0;49
23/02/2026;04:05:00;24982.0;24984.75;24981.0;24984.75;33
23/02/2026;04:06:00;24985.5;24986.25;24981.25;24983.75;101
23/02/2026;04:07:00;24985.5;24989.5;24985.25;24988.25;28
23/02/2026;04:08:00;24988.0;24992.75;24988.0;24989.75;33
23/02/2026;04:09:00;24990.5;24992.0;24988.25;24990.0;29
23/02/2026;04:10:00;24990.75;24998.5;24988.75;24998.25;87
23/02/2026;04:11:00;24998.75;25002.75;24992.5;24993.0;301
23/02/2026;04:12:00;24993.25;24993.75;24992.5;24993.25;16
23/02/2026;04:13:00;24995.0;24995.0;24992.25;24993.75;77
23/02/2026;04:14:00;24994.25;24995.75;24988.5;24991.25;96
23/02/2026;04:15:00;24991.5;24992.0;24982.5;24985.0;159
23/02/2026;04:16:00;24984.25;24989.25;24983.25;24983.25;71
23/02/2026;04:17:00;24984.0;24985.0;24980.75;24982.0;215
23/02/2026;04:18:00;24982.25;24985.75;24982.25;24984.75;53
23/02/2026;04:19:00;24984.0;24986.5;24982.25;24984.25;46
23/02/2026;04:20:00;24983.0;24983.25;24978.5;24979.5;83
23/02/2026;04:21:00;24979.0;24981.0;24975.25;24976.0;77
23/02/2026;04:22:00;24975.25;24980.75;24975.0;24978.25;59
23/02/2026;04:23:00;24977.5;24982.5;24976.0;24981.25;37
23/02/2026;04:24:00;24982.0;24983.25;24980.25;24980.75;42
23/02/2026;04:25:00;24979.75;24980.5;24976.25;24978.25;62
23/02/2026;04:26:00;24977.5;24982.25;24945.0;24969.5;1293
23/02/2026;04:27:00;24971.25;24976.0;24968.25;24969.0;120
23/02/2026;04:28:00;24970.0;24972.75;24966.0;24971.0;141
23/02/2026;04:29:00;24970.75;24974.75;24970.0;24970.0;108
23/02/2026;04:30:00;24969.5;24972.5;24963.25;24963.75;115
23/02/2026;04:31:00;24963.25;24974.75;24959.0;24974.75;171
23/02/2026;04:32:00;24974.75;24976.75;24967.5;24970.0;108
23/02/2026;04:33:00;24970.25;24974.5;24970.25;24973.25;15
23/02/2026;04:34:00;24972.5;24973.0;24968.25;24970.75;62
23/02/2026;04:35:00;24971.75;24975.5;24971.75;24974.5;35
23/02/2026;04:36:00;24975.0;24976.25;24970.75;24971.25;59
23/02/2026;04:37:00;24970.0;24972.0;24962.25;24968.25;108
23/02/2026;04:38:00;24969.25;24972.0;24967.0;24968.75;32
23/02/2026;04:39:00;24969.0;24974.5;24969.0;24973.75;65
23/02/2026;04:40:00;24975.25;24980.0;24975.25;24978.75;99
23/02/2026;04:41:00;24978.5;24985.75;24978.5;24983.25;102
23/02/2026;04:42:00;24983.0;24984.75;24980.0;24982.5;46
23/02/2026;04:43:00;24982.5;24984.75;24979.75;24980.25;42
23/02/2026;04:44:00;24980.25;24980.75;24976.25;24977.25;70
23/02/2026;04:45:00;24977.25;24977.75;24972.75;24974.75;55
23/02/2026;04:46:00;24974.0;24975.5;24969.0;24971.25;82
23/02/2026;04:47:00;24970.75;24973.0;24968.75;24970.5;29
23/02/2026;04:48:00;24970.5;24972.25;24969.75;24970.0;33
23/02/2026;04:49:00;24968.25;24971.25;24967.0;24969.0;54
23/02/2026;04:50:00;24969.25;24974.25;24969.25;24973.25;61
23/02/2026;04:51:00;24973.0;24975.5;24970.5;24971.75;48
23/02/2026;04:52:00;24972.0;24977.0;24971.75;24977.0;66
23/02/2026;04:53:00;24974.75;24977.25;24967.5;24971.0;40
23/02/2026;04:54:00;24970.5;24973.5;24968.5;24970.0;123
23/02/2026;04:55:00;24969.0;24969.0;24963.5;24964.25;36
23/02/2026;04:56:00;24964.75;24970.25;24962.75;24968.25;44
23/02/2026;04:57:00;24969.0;24969.0;24967.5;24968.75;21
23/02/2026;04:58:00;24968.5;24969.0;24965.0;24967.0;29
23/02/2026;04:59:00;24968.25;24971.5;24968.25;24969.5;32
23/02/2026;05:00:00;24970.75;24976.0;24969.75;24971.5;73
23/02/2026;05:01:00;24972.75;24972.75;24965.5;24970.5;116
23/02/2026;05:02:00;24970.0;24971.0;24966.75;24966.75;40
23/02/2026;05:03:00;24966.75;24972.5;24964.75;24971.0;83
23/02/2026;05:04:00;24970.0;24970.0;24964.0;24966.5;44
23/02/2026;05:05:00;24965.5;24965.5;24961.75;24963.5;65
23/02/2026;05:06:00;24963.0;24963.75;24959.5;24960.5;47
23/02/2026;05:07:00;24961.75;24961.75;24960.25;24960.5;10
23/02/2026;05:08:00;24961.5;24963.75;24961.25;24963.0;35
23/02/2026;05:09:00;24963.75;24966.75;24961.75;24964.0;68
23/02/2026;05:10:00;24962.5;24968.5;24961.75;24968.5;33
23/02/2026;05:11:00;24967.75;24969.5;24966.25;24969.0;26
23/02/2026;05:12:00;24968.75;24973.25;24967.75;24972.75;53
23/02/2026;05:13:00;24973.5;24979.0;24972.0;24978.5;73
23/02/2026;05:14:00;24978.0;24980.0;24975.0;24977.0;70
23/02/2026;05:15:00;24977.75;24983.75;24977.0;24981.75;91
23/02/2026;05:16:00;24981.75;24987.25;24981.75;24986.0;81
23/02/2026;05:17:00;24987.25;24987.25;24982.0;24985.75;75
23/02/2026;05:18:00;24984.25;24985.0;24979.25;24983.5;89
23/02/2026;05:19:00;24983.0;24985.25;24981.75;24982.75;42
23/02/2026;05:20:00;24982.25;24982.25;24974.25;24977.75;46
23/02/2026;05:21:00;24977.75;24978.25;24970.0;24970.0;42
23/02/2026;05:22:00;24971.25;24974.25;24968.5;24969.75;58
23/02/2026;05:23:00;24969.25;24974.0;24968.0;24973.75;55
23/02/2026;05:24:00;24972.25;24972.5;24965.75;24967.0;42
23/02/2026;05:25:00;24966.0;24970.0;24965.0;24967.25;61
23/02/2026;05:26:00;24968.0;24969.25;24965.0;24968.75;31
23/02/2026;05:27:00;24968.75;24970.5;24965.5;24966.75;32
23/02/2026;05:28:00;24967.75;24968.0;24964.75;24965.0;39
23/02/2026;05:29:00;24965.0;24969.5;24965.0;24967.75;29
23/02/2026;05:30:00;24967.75;24970.0;24965.0;24967.75;96
23/02/2026;05:31:00;24967.0;24967.0;24960.25;24963.75;85
23/02/2026;05:32:00;24963.5;24967.25;24963.25;24967.25;55
23/02/2026;05:33:00;24965.0;24966.0;24958.0;24958.25;55
23/02/2026;05:34:00;24959.25;24962.25;24956.25;24959.25;64
23/02/2026;05:35:00;24959.0;24959.5;24954.75;24959.5;97
23/02/2026;05:36:00;24960.0;24961.0;24955.75;24957.25;71
23/02/2026;05:37:00;24957.0;24957.0;24948.0;24950.0;141
23/02/2026;05:38:00;24950.25;24955.75;24949.5;24953.25;64
23/02/2026;05:39:00;24954.25;24955.75;24951.75;24953.75;47
23/02/2026;05:40:00;24953.5;24953.5;24947.75;24949.0;45
23/02/2026;05:41:00;24948.25;24952.75;24945.75;24951.0;68
23/02/2026;05:42:00;24951.5;24954.25;24948.25;24949.25;63
23/02/2026;05:43:00;24949.5;24954.0;24948.75;24952.0;82
23/02/2026;05:44:00;24951.75;24951.75;24946.75;24948.25;40
23/02/2026;05:45:00;24948.25;24951.0;24942.25;24942.75;86
23/02/2026;05:46:00;24943.0;24946.0;24934.0;24937.75;228
23/02/2026;05:47:00;24939.25;24939.75;24926.75;24931.5;184
23/02/2026;05:48:00;24930.75;24933.25;24925.75;24926.25;115
23/02/2026;05:49:00;24926.5;24929.0;24923.5;24927.0;106
23/02/2026;05:50:00;24926.75;24927.0;24919.25;24920.25;165
23/02/2026;05:51:00;24920.5;24925.5;24920.5;24923.0;119
23/02/2026;05:52:00;24923.0;24925.0;24918.0;24919.25;86
23/02/2026;05:53:00;24919.5;24925.25;24918.75;24922.0;77
23/02/2026;05:54:00;24922.5;24923.0;24916.25;24917.75;97
23/02/2026;05:55:00;24918.0;24920.0;24913.5;24913.5;82
23/02/2026;05:56:00;24913.75;24918.75;24907.25;24910.75;294
23/02/2026;05:57:00;24910.75;24924.5;24910.25;24921.25;287
23/02/2026;05:58:00;24922.75;24924.0;24919.0;24920.5;97
23/02/2026;05:59:00;24921.75;24931.5;24921.75;24929.5;236
23/02/2026;06:00:00;24928.25;24942.0;24927.25;24934.5;376
23/02/2026;06:01:00;24934.25;24940.0;24933.75;24937.25;105
23/02/2026;06:02:00;24937.25;24939.75;24931.0;24931.5;80
23/02/2026;06:03:00;24932.5;24936.0;24910.0;24923.75;338
23/02/2026;06:04:00;24925.75;24933.5;24925.75;24932.5;190
23/02/2026;06:05:00;24931.5;24938.75;24931.0;24938.5;117
23/02/2026;06:06:00;24938.0;24942.0;24936.0;24942.0;109
23/02/2026;06:07:00;24942.5;24943.5;24930.5;24936.75;122
23/02/2026;06:08:00;24936.25;24939.0;24930.0;24932.5;46
23/02/2026;06:09:00;24933.25;24936.0;24928.5;24930.5;42
23/02/2026;06:10:00;24932.25;24932.25;24923.25;24924.5;73
23/02/2026;06:11:00;24925.5;24927.5;24922.75;24924.75;57
23/02/2026;06:12:00;24924.25;24929.25;24923.0;24925.5;59
23/02/2026;06:13:00;24925.0;24929.5;24923.0;24926.0;67
23/02/2026;06:14:00;24926.5;24928.25;24919.0;24920.5;147
23/02/2026;06:15:00;24920.5;24921.5;24912.0;24914.5;185
23/02/2026;06:16:00;24914.5;24916.0;24910.0;24910.75;120
23/02/2026;06:17:00;24909.75;24912.75;24906.0;24907.25;174
23/02/2026;06:18:00;24907.25;24914.5;24905.75;24913.0;107
23/02/2026;06:19:00;24912.5;24914.0;24903.5;24911.5;143
23/02/2026;06:20:00;24911.0;24914.75;24910.0;24913.25;96
23/02/2026;06:21:00;24911.75;24914.0;24907.0;24908.25;82
23/02/2026;06:22:00;24907.5;24913.75;24906.25;24913.0;77
23/02/2026;06:23:00;24913.0;24914.75;24909.25;24909.5;75
23/02/2026;06:24:00;24910.25;24916.0;24909.5;24909.5;62
23/02/2026;06:25:00;24911.25;24911.5;24905.75;24907.5;64
23/02/2026;06:26:00;24909.25;24909.75;24902.0;24905.0;118
23/02/2026;06:27:00;24904.0;24910.5;24903.25;24907.5;90
23/02/2026;06:28:00;24907.5;24907.75;24901.25;24904.5;82
23/02/2026;06:29:00;24905.25;24910.25;24902.5;24910.25;140
23/02/2026;06:30:00;24910.25;24912.0;24899.0;24900.75;159
23/02/2026;06:31:00;24900.75;24906.25;24891.5;24893.25;206
23/02/2026;06:32:00;24892.75;24895.0;24883.75;24890.75;221
23/02/2026;06:33:00;24890.75;24902.75;24890.5;24901.75;192
23/02/2026;06:34:00;24902.0;24902.25;24897.25;24897.25;105
23/02/2026;06:35:00;24896.5;24901.5;24893.0;24901.0;152
23/02/2026;06:36:00;24900.0;24911.75;24897.75;24910.75;157
23/02/2026;06:37:00;24911.0;24911.5;24905.5;24908.75;116
23/02/2026;06:38:00;24907.5;24914.75;24904.5;24914.5;159
23/02/2026;06:39:00;24913.75;24914.75;24908.0;24911.25;172
23/02/2026;06:40:00;24910.25;24910.25;24901.5;24908.0;157
23/02/2026;06:41:00;24908.25;24908.25;24901.75;24904.0;115
23/02/2026;06:42:00;24905.0;24910.25;24904.5;24907.75;67
23/02/2026;06:43:00;24909.5;24916.25;24909.25;24915.75;83
23/02/2026;06:44:00;24915.25;24924.0;24913.75;24922.0;169
23/02/2026;06:45:00;24920.5;24923.0;24914.75;24923.0;199
23/02/2026;06:46:00;24922.25;24926.75;24919.25;24922.75;92
23/02/2026;06:47:00;24922.0;24922.75;24912.75;24912.75;165
23/02/2026;06:48:00;24912.75;24915.0;24903.5;24908.75;188
23/02/2026;06:49:00;24906.75;24906.75;24900.5;24900.5;99
23/02/2026;06:50:00;24901.75;24910.0;24899.5;24909.0;169
23/02/2026;06:51:00;24909.5;24909.5;24902.0;24902.5;157
23/02/2026;06:52:00;24904.0;24906.0;24897.75;24903.75;154
23/02/2026;06:53:00;24905.25;24909.5;24904.5;24908.25;127
23/02/2026;06:54:00;24906.5;24909.75;24905.75;24907.75;57
23/02/2026;06:55:00;24907.5;24907.5;24896.25;24898.75;136
23/02/2026;06:56:00;24900.0;24903.25;24897.5;24900.75;130
23/02/2026;06:57:00;24901.25;24905.0;24893.0;24900.25;158
23/02/2026;06:58:00;24898.75;24904.75;24895.5;24904.75;102
23/02/2026;06:59:00;24904.25;24905.5;24898.5;24904.75;87
23/02/2026;07:00:00;24903.75;24912.25;24887.25;24910.0;544
23/02/2026;07:01:00;24910.75;24910.75;24898.5;24904.25;149
23/02/2026;07:02:00;24905.0;24909.75;24903.0;24907.75;77
23/02/2026;07:03:00;24907.25;24911.5;24904.0;24910.5;167
23/02/2026;07:04:00;24911.5;24917.75;24910.75;24913.0;136
23/02/2026;07:05:00;24911.5;24918.25;24911.0;24917.25;132
23/02/2026;07:06:00;24915.25;24915.25;24907.0;24909.0;144
23/02/2026;07:07:00;24909.0;24922.25;24909.0;24921.0;242
23/02/2026;07:08:00;24921.0;24924.75;24917.75;24921.75;147
23/02/2026;07:09:00;24922.75;24938.0;24922.75;24929.5;309
23/02/2026;07:10:00;24930.5;24932.0;24928.5;24931.0;90
23/02/2026;07:11:00;24930.0;24932.25;24921.5;24923.25;120
23/02/2026;07:12:00;24923.5;24926.75;24919.5;24922.0;63
23/02/2026;07:13:00;24921.0;24923.75;24915.75;24921.75;150
23/02/2026;07:14:00;24921.5;24924.0;24916.25;24917.0;104
23/02/2026;07:15:00;24916.25;24933.0;24916.25;24930.75;286
23/02/2026;07:16:00;24931.5;24931.5;24916.75;24916.75;119
23/02/2026;07:17:00;24916.5;24921.5;24912.5;24921.25;157
23/02/2026;07:18:00;24922.0;24926.5;24920.0;24922.0;124
23/02/2026;07:19:00;24920.0;24921.0;24912.5;24915.75;87
23/02/2026;07:20:00;24916.0;24928.25;24916.0;24928.0;134
23/02/2026;07:21:00;24928.75;24934.75;24927.0;24934.25;176
23/02/2026;07:22:00;24934.0;24935.5;24928.25;24928.25;102
23/02/2026;07:23:00;24928.0;24928.25;24917.75;24920.25;138
23/02/2026;07:24:00;24921.25;24925.5;24917.25;24923.25;102
23/02/2026;07:25:00;24924.0;24936.25;24924.0;24930.25;158
23/02/2026;07:26:00;24928.75;24930.0;24925.25;24927.75;103
23/02/2026;07:27:00;24926.0;24927.75;24920.5;24923.5;96
23/02/2026;07:28:00;24923.75;24928.25;24923.75;24925.0;66
23/02/2026;07:29:00;24925.0;24927.25;24921.5;24926.75;75
23/02/2026;07:30:00;24927.25;24930.25;24921.0;24929.75;126
23/02/2026;07:31:00;24930.25;24942.0;24929.5;24936.25;233
23/02/2026;07:32:00;24936.0;24937.0;24930.0;24932.25;190
23/02/2026;07:33:00;24932.0;24933.75;24924.0;24924.0;245
23/02/2026;07:34:00;24926.0;24928.25;24915.25;24916.75;151
23/02/2026;07:35:00;24916.5;24921.0;24910.0;24919.5;243
23/02/2026;07:36:00;24920.5;24930.75;24920.5;24922.25;281
23/02/2026;07:37:00;24921.25;24931.25;24919.25;24930.75;106
23/02/2026;07:38:00;24930.75;24936.5;24929.75;24932.75;121
23/02/2026;07:39:00;24933.0;24938.0;24926.75;24935.75;191
23/02/2026;07:40:00;24936.0;24945.5;24935.75;24943.5;277
23/02/2026;07:41:00;24943.25;24946.5;24938.0;24938.75;176
23/02/2026;07:42:00;24939.5;24943.5;24936.25;24941.5;126
23/02/2026;07:43:00;24942.0;24944.25;24934.75;24937.5;219
23/02/2026;07:44:00;24938.0;24950.5;24936.75;24950.25;239
23/02/2026;07:45:00;24949.75;24953.25;24948.5;24949.25;300
23/02/2026;07:46:00;24950.25;24954.5;24948.75;24949.0;203
23/02/2026;07:47:00;24949.75;24951.75;24943.5;24950.0;242
23/02/2026;07:48:00;24950.25;24951.5;24938.25;24940.75;180
23/02/2026;07:49:00;24940.5;24944.25;24938.5;24942.5;125
23/02/2026;07:50:00;24942.75;24942.75;24935.5;24939.25;205
23/02/2026;07:51:00;24939.5;24939.5;24932.25;24936.25;311
23/02/2026;07:52:00;24935.5;24945.0;24935.25;24943.75;211
23/02/2026;07:53:00;24944.25;24951.0;24942.0;24945.25;301
23/02/2026;07:54:00;24945.0;24949.75;24944.5;24945.5;157
23/02/2026;07:55:00;24945.0;24945.0;24940.0;24941.5;127
23/02/2026;07:56:00;24942.0;24942.5;24928.75;24930.0;283
23/02/2026;07:57:00;24930.0;24932.0;24926.5;24930.5;186
23/02/2026;07:58:00;24931.5;24933.25;24928.25;24932.0;108
23/02/2026;07:59:00;24932.0;24938.25;24930.0;24934.75;170
23/02/2026;08:00:00;24935.0;24941.0;24935.0;24938.5;177
23/02/2026;08:01:00;24939.5;24946.25;24935.25;24945.0;193
23/02/2026;08:02:00;24945.0;24946.0;24939.25;24942.75;178
23/02/2026;08:03:00;24942.25;24944.0;24935.5;24935.5;129
23/02/2026;08:04:00;24935.5;24939.0;24931.5;24937.75;188
23/02/2026;08:05:00;24938.25;24943.5;24937.5;24940.0;115
23/02/2026;08:06:00;24939.75;24942.75;24937.75;24942.0;95
23/02/2026;08:07:00;24941.5;24943.25;24939.25;24940.25;84
23/02/2026;08:08:00;24940.5;24949.0;24940.5;24945.0;161
23/02/2026;08:09:00;24943.5;24944.25;24936.5;24936.5;109
23/02/2026;08:10:00;24936.75;24940.25;24936.0;24938.0;98
23/02/2026;08:11:00;24938.0;24940.0;24933.5;24936.75;110
23/02/2026;08:12:00;24937.0;24942.5;24936.0;24942.5;87
23/02/2026;08:13:00;24942.75;24948.0;24942.5;24948.0;173
23/02/2026;08:14:00;24947.25;24961.25;24947.0;24960.5;619
23/02/2026;08:15:00;24961.0;24962.5;24955.0;24957.0;260
23/02/2026;08:16:00;24957.0;24957.5;24945.0;24948.5;500
23/02/2026;08:17:00;24948.75;24952.0;24947.75;24950.25;166
23/02/2026;08:18:00;24950.0;24951.0;24945.5;24948.5;102
23/02/2026;08:19:00;24949.0;24949.75;24942.0;24943.75;157
23/02/2026;08:20:00;24943.75;24948.5;24942.25;24945.25;132
23/02/2026;08:21:00;24945.0;24947.25;24942.5;24947.0;118
23/02/2026;08:22:00;24946.25;24946.25;24937.75;24941.25;287
23/02/2026;08:23:00;24941.0;24948.0;24940.75;24945.75;189
23/02/2026;08:24:00;24946.5;24955.25;24945.5;24953.75;251
23/02/2026;08:25:00;24952.75;24963.75;24949.0;24961.5;484
23/02/2026;08:26:00;24961.25;24973.25;24961.25;24968.5;424
23/02/2026;08:27:00;24968.75;24972.5;24956.0;24961.75;842
23/02/2026;08:28:00;24961.75;24977.25;24961.75;24976.25;822
23/02/2026;08:29:00;24975.5;24982.5;24970.75;24981.25;804
23/02/2026;08:30:00;24981.0;25036.5;24972.25;25013.25;7154
23/02/2026;08:31:00;25013.25;25018.25;24970.5;24976.25;5038
23/02/2026;08:32:00;24976.5;25040.0;24974.25;25018.5;3917
23/02/2026;08:33:00;25020.0;25038.0;24996.0;25011.75;2558
23/02/2026;08:34:00;25011.75;25033.5;24997.0;25005.0;2127
23/02/2026;08:35:00;25004.0;25013.5;24983.75;24993.5;2446
23/02/2026;08:36:00;24993.5;25004.75;24968.0;24989.0;2576
23/02/2026;08:37:00;24990.25;25014.75;24965.0;25005.0;2227
23/02/2026;08:38:00;25005.25;25030.0;25002.5;25018.75;2208
23/02/2026;08:39:00;25018.25;25019.0;24980.75;24996.25;1909
23/02/2026;08:40:00;24996.75;24997.0;24926.5;24929.0;3699
23/02/2026;08:41:00;24929.0;24939.75;24902.25;24908.0;3426
23/02/2026;08:42:00;24908.25;24912.5;24884.75;24901.0;3246
23/02/2026;08:43:00;24900.25;24908.25;24885.5;24907.25;2247
23/02/2026;08:44:00;24907.25;24916.25;24879.0;24881.75;2363
23/02/2026;08:45:00;24881.0;24894.25;24865.5;24868.5;3269
23/02/2026;08:46:00;24868.25;24915.0;24857.75;24912.5;3377
23/02/2026;08:47:00;24910.0;24923.25;24891.0;24904.25;2161
23/02/2026;08:48:00;24903.5;24918.5;24887.75;24904.75;1822
23/02/2026;08:49:00;24907.5;24917.75;24883.75;24892.0;2154
23/02/2026;08:50:00;24891.25;24951.0;24887.75;24942.25;2816
23/02/2026;08:51:00;24944.0;24965.25;24937.5;24946.25;2534
23/02/2026;08:52:00;24949.0;24953.5;24920.25;24935.25;1922
23/02/2026;08:53:00;24936.0;24945.0;24916.25;24931.0;2171
23/02/2026;08:54:00;24931.0;24934.25;24915.5;24923.25;1506
23/02/2026;08:55:00;24922.75;24929.0;24901.75;24918.25;1687
23/02/2026;08:56:00;24918.5;24931.5;24908.5;24919.75;1316
23/02/2026;08:57:00;24920.5;24943.75;24912.75;24922.0;1439
23/02/2026;08:58:00;24921.75;24921.75;24901.0;24907.0;1442
23/02/2026;08:59:00;24908.25;24920.75;24900.75;24913.75;1145
23/02/2026;09:00:00;24913.25;24922.0;24890.5;24907.0;2185
23/02/2026;09:01:00;24906.75;24952.25;24905.0;24923.75;2777
23/02/2026;09:02:00;24924.25;24936.75;24913.75;24914.75;1314
23/02/2026;09:03:00;24913.5;24936.25;24907.5;24909.25;1552
23/02/2026;09:04:00;24909.25;24917.25;24863.5;24866.5;3782
23/02/2026;09:05:00;24866.5;24877.25;24846.25;24851.25;3152
23/02/2026;09:06:00;24850.75;24890.5;24849.75;24883.5;2645
23/02/2026;09:07:00;24882.75;24892.25;24873.5;24890.25;1642
23/02/2026;09:08:00;24890.75;24891.5;24865.0;24873.75;1559
23/02/2026;09:09:00;24874.0;24875.75;24840.5;24856.75;2212
23/02/2026;09:10:00;24857.0;24901.75;24856.75;24899.75;1768
23/02/2026;09:11:00;24900.0;24900.0;24877.0;24878.75;1565
23/02/2026;09:12:00;24878.25;24880.75;24866.75;24871.25;1398
23/02/2026;09:13:00;24871.5;24880.0;24861.25;24872.25;1296
23/02/2026;09:14:00;24871.5;24886.0;24867.75;24873.75;1412
23/02/2026;09:15:00;24874.5;24880.75;24864.5;24869.5;1318
23/02/2026;09:16:00;24869.0;24885.0;24857.5;24882.25;2072
23/02/2026;09:17:00;24883.25;24894.75;24872.0;24879.75;1390
23/02/2026;09:18:00;24879.25;24898.25;24876.75;24897.0;1188
23/02/2026;09:19:00;24897.25;24900.75;24879.75;24900.0;1377
23/02/2026;09:20:00;24899.25;24911.5;24885.0;24909.25;1620
23/02/2026;09:21:00;24909.25;24930.0;24898.75;24918.75;2185
23/02/2026;09:22:00;24918.0;24918.75;24891.0;24892.0;1583
23/02/2026;09:23:00;24894.0;24904.25;24882.75;24889.0;1223
23/02/2026;09:24:00;24889.75;24916.25;24878.5;24898.0;1893
23/02/2026;09:25:00;24898.75;24903.25;24882.5;24888.75;1141
23/02/2026;09:26:00;24888.0;24904.25;24884.25;24897.25;975
23/02/2026;09:27:00;24897.0;24899.25;24874.25;24876.5;1085
23/02/2026;09:28:00;24876.5;24881.75;24866.25;24871.0;982
23/02/2026;09:29:00;24870.25;24885.0;24865.5;24871.5;1118
23/02/2026;09:30:00;24871.0;24884.25;24865.0;24877.0;1453
23/02/2026;09:31:00;24878.0;24878.0;24859.25;24869.5;1210
23/02/2026;09:32:00;24870.0;24874.0;24854.25;24871.25;1498
23/02/2026;09:33:00;24870.25;24900.5;24867.75;24868.5;1999
23/02/2026;09:34:00;24869.75;24880.25;24850.25;24850.75;1520
23/02/2026;09:35:00;24851.0;24852.0;24838.75;24839.5;1720
23/02/2026;09:36:00;24839.0;24847.5;24831.25;24846.5;1512
23/02/2026;09:37:00;24847.75;24872.5;24845.25;24864.0;1774
23/02/2026;09:38:00;24862.5;24870.75;24844.0;24847.25;1224
23/02/2026;09:39:00;24847.0;24851.0;24836.25;24844.0;1045
23/02/2026;09:40:00;24844.0;24854.0;24835.5;24846.25;1148
23/02/2026;09:41:00;24845.75;24854.75;24841.5;24847.25;726
23/02/2026;09:42:00;24846.5;24846.75;24822.75;24827.75;1583
23/02/2026;09:43:00;24827.75;24835.5;24825.0;24832.5;1049
23/02/2026;09:44:00;24832.25;24834.5;24816.25;24828.75;1227
23/02/2026;09:45:00;24829.0;24837.75;24819.5;24832.75;1253
23/02/2026;09:46:00;24832.75;24834.0;24812.75;24823.25;1469
23/02/2026;09:47:00;24823.5;24852.0;24822.75;24846.25;1730
23/02/2026;09:48:00;24846.75;24847.0;24829.25;24843.25;724
23/02/2026;09:49:00;24843.0;24844.0;24820.5;24824.5;1196
23/02/2026;09:50:00;24825.0;24839.25;24820.0;24822.0;1151
23/02/2026;09:51:00;24822.75;24829.0;24816.75;24822.5;738
23/02/2026;09:52:00;24822.5;24824.0;24772.75;24779.5;4260
23/02/2026;09:53:00;24779.0;24799.25;24777.0;24796.5;2249
23/02/2026;09:54:00;24797.0;24797.0;24772.25;24775.5;1776
23/02/2026;09:55:00;24775.0;24780.75;24765.0;24767.0;2538
23/02/2026;09:56:00;24768.0;24771.5;24759.5;24763.75;1666
23/02/2026;09:57:00;24763.5;24772.75;24758.75;24766.25;1552
23/02/2026;09:58:00;24766.5;24770.0;24749.0;24751.75;1955
23/02/2026;09:59:00;24751.25;24757.5;24738.75;24743.25;2058
23/02/2026;10:00:00;24743.25;24757.0;24742.5;24753.0;1865
23/02/2026;10:01:00;24751.25;24755.5;24730.75;24733.75;1661
23/02/2026;10:02:00;24734.25;24743.5;24720.75;24724.0;1906
23/02/2026;10:03:00;24724.25;24728.0;24707.5;24708.75;2199
23/02/2026;10:04:00;24708.5;24715.25;24687.25;24708.75;3371
23/02/2026;10:05:00;24708.75;24712.0;24693.5;24696.0;1695
23/02/2026;10:06:00;24696.5;24705.0;24679.75;24696.25;3184
23/02/2026;10:07:00;24695.25;24698.5;24685.0;24691.0;1368
23/02/2026;10:08:00;24691.75;24696.25;24674.25;24682.0;2478
23/02/2026;10:09:00;24682.5;24687.5;24671.75;24683.5;1624
23/02/2026;10:10:00;24684.5;24707.5;24684.5;24700.5;1974
23/02/2026;10:11:00;24700.5;24704.5;24681.0;24687.0;1558
23/02/2026;10:12:00;24687.75;24688.0;24672.5;24674.0;1832
23/02/2026;10:13:00;24674.25;24690.0;24668.0;24689.75;2122
23/02/2026;10:14:00;24689.25;24690.5;24675.0;24683.0;1345
23/02/2026;10:15:00;24683.0;24694.25;24670.5;24672.25;1679
23/02/2026;10:16:00;24671.5;24682.75;24668.0;24678.5;1407
23/02/2026;10:17:00;24679.25;24702.0;24678.5;24699.75;1153
23/02/2026;10:18:00;24700.5;24718.75;24700.25;24711.0;1738
23/02/2026;10:19:00;24711.5;24724.0;24706.25;24721.25;1444
23/02/2026;10:20:00;24719.5;24738.5;24717.25;24731.5;1952
23/02/2026;10:21:00;24731.0;24741.25;24726.75;24735.5;1831
23/02/2026;10:22:00;24737.0;24737.5;24722.5;24727.75;1284
23/02/2026;10:23:00;24727.5;24735.75;24714.75;24729.5;1422
23/02/2026;10:24:00;24729.75;24731.75;24710.75;24723.75;1127
23/02/2026;10:25:00;24723.5;24745.0;24722.75;24738.5;1250
23/02/2026;10:26:00;24738.5;24752.0;24732.25;24748.5;1393
23/02/2026;10:27:00;24748.75;24765.5;24742.25;24761.0;1469
23/02/2026;10:28:00;24761.75;24773.0;24751.75;24769.0;1178
23/02/2026;10:29:00;24769.25;24781.75;24767.75;24778.0;1371
23/02/2026;10:30:00;24777.75;24784.75;24765.25;24777.25;1728
23/02/2026;10:31:00;24778.0;24789.25;24761.5;24763.5;1794
23/02/2026;10:32:00;24763.5;24772.0;24760.75;24771.5;856
23/02/2026;10:33:00;24771.5;24775.0;24759.0;24765.75;965
23/02/2026;10:34:00;24766.5;24769.75;24756.75;24765.0;787
23/02/2026;10:35:00;24765.0;24769.0;24753.25;24761.75;859
23/02/2026;10:36:00;24762.25;24765.0;24748.75;24759.75;974
23/02/2026;10:37:00;24760.25;24780.5;24757.75;24780.25;950
23/02/2026;10:38:00;24780.5;24782.0;24759.5;24760.0;703
23/02/2026;10:39:00;24760.5;24768.5;24756.75;24759.5;583
23/02/2026;10:40:00;24758.75;24769.0;24755.75;24760.25;711
23/02/2026;10:41:00;24761.75;24773.0;24755.25;24771.5;832
23/02/2026;10:42:00;24771.75;24780.0;24764.0;24766.0;936
23/02/2026;10:43:00;24766.25;24782.0;24764.75;24780.25;657
23/02/2026;10:44:00;24780.0;24780.25;24760.0;24764.25;577
23/02/2026;10:45:00;24765.0;24770.0;24752.5;24763.25;931
23/02/2026;10:46:00;24763.75;24763.75;24748.25;24754.75;887
23/02/2026;10:47:00;24754.75;24758.0;24742.5;24755.0;1082
23/02/2026;10:48:00;24753.75;24757.0;24734.25;24734.25;1069
23/02/2026;10:49:00;24734.0;24756.75;24733.5;24750.0;1182
23/02/2026;10:50:00;24749.25;24762.0;24745.5;24747.25;981
23/02/2026;10:51:00;24747.5;24769.5;24739.0;24762.0;1097
23/02/2026;10:52:00;24762.0;24766.5;24753.0;24758.75;688
23/02/2026;10:53:00;24758.75;24766.25;24752.0;24763.0;688
23/02/2026;10:54:00;24762.75;24766.75;24744.0;24749.0;760
23/02/2026;10:55:00;24748.0;24756.0;24740.25;24751.25;825
23/02/2026;10:56:00;24752.0;24752.0;24740.0;24744.25;516
23/02/2026;10:57:00;24745.5;24754.0;24738.5;24738.5;627
23/02/2026;10:58:00;24739.0;24743.75;24728.5;24731.25;812
23/02/2026;10:59:00;24731.25;24739.25;24727.5;24734.75;655
23/02/2026;11:00:00;24735.0;24752.5;24729.5;24750.5;1328
23/02/2026;11:01:00;24750.75;24759.5;24745.75;24752.5;956
23/02/2026;11:02:00;24753.25;24754.5;24738.0;24744.5;876
23/02/2026;11:03:00;24743.75;24743.75;24730.5;24734.5;787
23/02/2026;11:04:00;24734.25;24747.0;24728.75;24744.0;751
23/02/2026;11:05:00;24743.5;24754.25;24742.5;24746.25;785
23/02/2026;11:06:00;24745.5;24763.75;24740.75;24757.0;898
23/02/2026;11:07:00;24756.75;24758.0;24736.25;24740.25;711
23/02/2026;11:08:00;24740.0;24753.5;24737.0;24746.5;562
23/02/2026;11:09:00;24746.75;24748.25;24735.0;24741.75;553
23/02/2026;11:10:00;24741.5;24745.25;24736.0;24742.75;396
23/02/2026;11:11:00;24743.25;24751.75;24732.5;24743.25;843
23/02/2026;11:12:00;24743.75;24748.0;24736.5;24738.0;613
23/02/2026;11:13:00;24737.5;24747.25;24734.0;24736.25;363
23/02/2026;11:14:00;24736.0;24737.0;24725.25;24733.25;824
23/02/2026;11:15:00;24732.75;24745.25;24732.25;24738.5;655
23/02/2026;11:16:00;24739.0;24755.25;24732.0;24752.0;668
23/02/2026;11:17:00;24751.25;24758.25;24743.0;24751.75;750
23/02/2026;11:18:00;24751.5;24758.75;24748.25;24755.0;605
23/02/2026;11:19:00;24755.5;24755.75;24738.0;24738.5;492
23/02/2026;11:20:00;24739.0;24744.25;24734.75;24742.5;501
23/02/2026;11:21:00;24743.75;24752.5;24743.0;24751.5;451
23/02/2026;11:22:00;24752.25;24757.0;24745.75;24755.75;372
23/02/2026;11:23:00;24755.25;24761.5;24745.75;24753.75;702
23/02/2026;11:24:00;24753.75;24756.5;24748.5;24748.75;341
23/02/2026;11:25:00;24749.0;24758.75;24748.5;24756.0;564
23/02/2026;11:26:00;24755.75;24756.5;24742.5;24749.0;500
23/02/2026;11:27:00;24748.5;24760.25;24747.5;24749.75;508
23/02/2026;11:28:00;24749.25;24751.0;24740.75;24748.0;444
23/02/2026;11:29:00;24746.75;24748.25;24740.25;24743.0;420
23/02/2026;11:30:00;24742.5;24745.75;24736.5;24739.5;623
23/02/2026;11:31:00;24738.75;24742.25;24731.75;24738.0;779
23/02/2026;11:32:00;24738.75;24739.0;24729.5;24732.0;613
23/02/2026;11:33:00;24732.5;24739.0;24730.25;24731.25;355
23/02/2026;11:34:00;24731.0;24733.0;24719.25;24722.75;943
23/02/2026;11:35:00;24722.25;24723.25;24707.25;24710.0;1254
23/02/2026;11:36:00;24709.75;24716.25;24699.0;24700.75;1106
23/02/2026;11:37:00;24701.0;24701.0;24682.25;24688.75;1193
23/02/2026;11:38:00;24688.75;24691.75;24684.25;24686.75;829
23/02/2026;11:39:00;24687.5;24697.75;24680.0;24681.5;1168
23/02/2026;11:40:00;24681.25;24689.0;24677.5;24687.0;1204
23/02/2026;11:41:00;24687.25;24711.0;24687.0;24704.0;1798
23/02/2026;11:42:00;24703.5;24718.25;24702.0;24713.0;970
23/02/2026;11:43:00;24713.25;24727.25;24706.75;24723.25;1125
23/02/2026;11:44:00;24723.75;24725.25;24701.0;24701.0;1004
23/02/2026;11:45:00;24701.5;24718.0;24701.0;24717.25;803
23/02/2026;11:46:00;24717.75;24719.0;24701.5;24710.0;508
23/02/2026;11:47:00;24710.0;24714.0;24698.25;24702.25;573
23/02/2026;11:48:00;24702.25;24706.75;24693.75;24699.0;667
23/02/2026;11:49:00;24699.0;24705.0;24698.25;24701.5;636
23/02/2026;11:50:00;24701.5;24719.5;24700.0;24719.25;885
23/02/2026;11:51:00;24719.75;24725.0;24708.75;24709.5;1235
23/02/2026;11:52:00;24709.0;24729.75;24706.5;24728.25;931
23/02/2026;11:53:00;24729.0;24748.75;24727.25;24739.5;1642
23/02/2026;11:54:00;24739.25;24747.0;24735.25;24740.0;762
23/02/2026;11:55:00;24740.5;24748.5;24732.0;24746.25;889
23/02/2026;11:56:00;24746.25;24750.5;24733.5;24750.5;1043
23/02/2026;11:57:00;24750.5;24754.75;24744.0;24749.5;1005
23/02/2026;11:58:00;24750.25;24755.5;24743.5;24751.25;604
23/02/2026;11:59:00;24751.0;24751.5;24732.0;24744.75;1243
23/02/2026;12:00:00;24744.5;24757.25;24739.0;24755.5;965
23/02/2026;12:01:00;24755.5;24759.0;24751.0;24756.25;588
23/02/2026;12:02:00;24755.5;24763.25;24751.5;24758.25;773
23/02/2026;12:03:00;24757.75;24761.25;24752.5;24757.75;577
23/02/2026;12:04:00;24757.75;24761.25;24752.0;24755.75;390
23/02/2026;12:05:00;24755.75;24761.0;24752.0;24757.25;449
23/02/2026;12:06:00;24756.5;24767.5;24752.0;24767.25;621
23/02/2026;12:07:00;24767.75;24777.75;24767.5;24777.5;1022
23/02/2026;12:08:00;24777.5;24778.0;24769.75;24772.25;530
23/02/2026;12:09:00;24773.25;24775.5;24768.5;24774.0;425
23/02/2026;12:10:00;24774.5;24775.5;24767.25;24771.0;540
23/02/2026;12:11:00;24770.5;24776.25;24761.0;24774.0;799
23/02/2026;12:12:00;24775.0;24778.5;24769.25;24769.75;580
23/02/2026;12:13:00;24769.5;24780.0;24768.25;24778.0;444
23/02/2026;12:14:00;24777.75;24788.5;24776.75;24784.0;911
23/02/2026;12:15:00;24784.5;24793.25;24780.0;24791.0;910
23/02/2026;12:16:00;24790.75;24796.75;24788.5;24795.0;1174
23/02/2026;12:17:00;24796.0;24799.0;24789.5;24794.75;827
23/02/2026;12:18:00;24795.0;24795.75;24782.75;24787.5;691
23/02/2026;12:19:00;24787.0;24792.25;24783.25;24785.75;594
23/02/2026;12:20:00;24786.5;24795.0;24781.25;24795.0;626
23/02/2026;12:21:00;24795.0;24796.25;24789.75;24793.0;581
23/02/2026;12:22:00;24793.25;24810.0;24793.25;24807.0;1151
23/02/2026;12:23:00;24807.25;24820.25;24806.75;24816.5;984
23/02/2026;12:24:00;24816.5;24819.25;24812.0;24816.75;662
23/02/2026;12:25:00;24816.25;24819.25;24808.25;24810.0;932
23/02/2026;12:26:00;24809.5;24814.0;24806.75;24814.0;579
23/02/2026;12:27:00;24814.5;24815.5;24801.5;24805.75;783
23/02/2026;12:28:00;24806.25;24819.25;24806.0;24814.5;684
23/02/2026;12:29:00;24815.25;24816.25;24803.75;24810.5;589
23/02/2026;12:30:00;24810.5;24811.25;24793.75;24800.0;1143
23/02/2026;12:31:00;24800.25;24800.25;24792.5;24797.5;868
23/02/2026;12:32:00;24798.0;24807.5;24796.75;24807.5;616
23/02/2026;12:33:00;24807.25;24807.5;24797.25;24801.25;378
23/02/2026;12:34:00;24802.25;24807.25;24800.75;24804.5;567
23/02/2026;12:35:00;24805.25;24808.25;24802.75;24803.75;329
23/02/2026;12:36:00;24805.25;24818.75;24805.25;24817.75;1344
23/02/2026;12:37:00;24818.5;24819.75;24809.0;24811.5;592
23/02/2026;12:38:00;24811.25;24812.0;24800.0;24806.25;650
23/02/2026;12:39:00;24805.5;24805.75;24800.0;24802.0;560
23/02/2026;12:40:00;24802.75;24808.0;24796.25;24798.25;537
23/02/2026;12:41:00;24798.0;24799.75;24791.75;24795.5;675
23/02/2026;12:42:00;24795.5;24799.25;24788.5;24797.75;736
23/02/2026;12:43:00;24798.0;24800.25;24785.5;24791.5;603
23/02/2026;12:44:00;24792.5;24792.5;24776.75;24785.0;824
23/02/2026;12:45:00;24785.75;24789.0;24779.25;24782.75;790
23/02/2026;12:46:00;24783.0;24785.75;24777.25;24781.0;439
23/02/2026;12:47:00;24780.25;24787.5;24776.0;24785.25;505
23/02/2026;12:48:00;24785.5;24801.25;24783.5;24796.0;945
23/02/2026;12:49:00;24795.25;24801.75;24790.25;24791.75;705
23/02/2026;12:50:00;24792.5;24795.0;24783.25;24783.25;517
23/02/2026;12:51:00;24783.0;24788.5;24780.5;24782.25;515
23/02/2026;12:52:00;24782.0;24782.75;24776.0;24776.5;746
23/02/2026;12:53:00;24776.25;24780.5;24765.25;24767.5;634
23/02/2026;12:54:00;24768.5;24769.75;24754.25;24755.5;1696
23/02/2026;12:55:00;24755.0;24760.5;24741.0;24742.0;1360
23/02/2026;12:56:00;24741.25;24742.25;24733.0;24736.5;1406
23/02/2026;12:57:00;24735.25;24739.75;24730.0;24734.0;1028
23/02/2026;12:58:00;24733.25;24737.0;24720.0;24724.75;1123
23/02/2026;12:59:00;24724.75;24730.25;24722.25;24727.5;964
23/02/2026;13:00:00;24727.75;24745.25;24726.25;24742.25;1489
23/02/2026;13:01:00;24741.75;24745.0;24732.75;24736.25;741
23/02/2026;13:02:00;24736.25;24739.0;24723.0;24726.0;905
23/02/2026;13:03:00;24724.25;24734.25;24721.75;24731.0;550
23/02/2026;13:04:00;24731.0;24737.0;24727.5;24730.75;657
23/02/2026;13:05:00;24729.75;24739.5;24729.0;24737.25;510
23/02/2026;13:06:00;24735.25;24742.75;24728.5;24738.0;660
23/02/2026;13:07:00;24738.0;24755.0;24734.0;24749.0;1129
23/02/2026;13:08:00;24749.5;24750.5;24739.75;24739.75;827
23/02/2026;13:09:00;24740.25;24744.25;24734.25;24743.25;462
23/02/2026;13:10:00;24743.25;24744.5;24733.0;24739.25;410
23/02/2026;13:11:00;24739.0;24748.75;24738.0;24742.0;513
23/02/2026;13:12:00;24741.5;24750.0;24737.0;24748.75;474
23/02/2026;13:13:00;24749.0;24752.25;24742.25;24749.0;459
23/02/2026;13:14:00;24748.5;24754.25;24741.5;24743.25;542
23/02/2026;13:15:00;24741.75;24753.25;24741.5;24748.5;499
23/02/2026;13:16:00;24748.5;24751.25;24728.5;24735.25;970
23/02/2026;13:17:00;24735.75;24737.5;24727.0;24730.0;696
23/02/2026;13:18:00;24729.75;24735.5;24728.25;24735.0;490
23/02/2026;13:19:00;24735.0;24736.25;24730.25;24733.0;565
23/02/2026;13:20:00;24733.5;24740.25;24727.25;24736.75;735
23/02/2026;13:21:00;24737.5;24737.75;24728.0;24734.75;364
23/02/2026;13:22:00;24734.75;24739.75;24727.5;24736.5;459
23/02/2026;13:23:00;24736.5;24739.5;24728.75;24730.0;406
23/02/2026;13:24:00;24729.25;24734.5;24729.25;24734.5;316
23/02/2026;13:25:00;24734.5;24738.5;24731.75;24736.25;356
23/02/2026;13:26:00;24736.75;24737.75;24731.25;24735.25;303
23/02/2026;13:27:00;24735.25;24741.75;24731.0;24732.75;361
23/02/2026;13:28:00;24732.25;24733.75;24723.0;24726.75;620
23/02/2026;13:29:00;24727.0;24728.25;24708.75;24714.25;1559
23/02/2026;13:30:00;24714.25;24726.5;24713.75;24723.25;1246
23/02/2026;13:31:00;24723.25;24725.25;24712.75;24717.0;631
23/02/2026;13:32:00;24717.75;24726.25;24716.5;24722.25;561
23/02/2026;13:33:00;24722.0;24730.25;24719.25;24720.25;541
23/02/2026;13:34:00;24720.0;24720.0;24711.5;24714.5;567
23/02/2026;13:35:00;24714.25;24718.0;24707.75;24717.5;894
23/02/2026;13:36:00;24717.0;24717.75;24704.25;24706.5;707
23/02/2026;13:37:00;24706.25;24710.75;24704.75;24708.5;487
23/02/2026;13:38:00;24708.75;24709.5;24703.5;24705.5;599
23/02/2026;13:39:00;24705.5;24713.75;24705.5;24709.25;459
23/02/2026;13:40:00;24710.25;24710.5;24694.25;24707.25;1072
23/02/2026;13:41:00;24707.25;24709.5;24692.75;24694.25;783
23/02/2026;13:42:00;24693.75;24701.5;24692.5;24698.25;655
23/02/2026;13:43:00;24697.75;24698.25;24686.25;24692.0;1017
23/02/2026;13:44:00;24691.5;24699.5;24683.75;24698.25;893
23/02/2026;13:45:00;24698.0;24700.0;24692.75;24697.25;616
23/02/2026;13:46:00;24697.0;24705.5;24692.0;24697.0;949
23/02/2026;13:47:00;24697.25;24706.0;24696.75;24696.75;697
23/02/2026;13:48:00;24697.0;24708.75;24693.5;24708.75;792
23/02/2026;13:49:00;24709.0;24712.75;24702.0;24708.75;958
23/02/2026;13:50:00;24708.5;24713.75;24698.5;24707.0;636
23/02/2026;13:51:00;24708.25;24708.75;24694.25;24702.25;696
23/02/2026;13:52:00;24701.75;24706.75;24699.5;24702.75;382
23/02/2026;13:53:00;24702.0;24703.5;24693.0;24700.75;444
23/02/2026;13:54:00;24701.0;24701.5;24696.0;24696.5;298
23/02/2026;13:55:00;24696.75;24702.0;24690.75;24695.75;848
23/02/2026;13:56:00;24696.0;24715.25;24695.75;24711.0;916
23/02/2026;13:57:00;24710.75;24716.0;24703.25;24703.75;657
23/02/2026;13:58:00;24704.25;24705.0;24688.5;24689.75;918
23/02/2026;13:59:00;24689.75;24694.0;24684.75;24692.0;894
23/02/2026;14:00:00;24692.0;24705.75;24687.0;24703.75;1404
23/02/2026;14:01:00;24704.5;24705.75;24698.5;24698.75;637
23/02/2026;14:02:00;24698.75;24700.75;24688.0;24690.5;756
23/02/2026;14:03:00;24690.5;24694.25;24687.75;24692.25;514
23/02/2026;14:04:00;24692.25;24699.75;24691.5;24699.75;584
23/02/2026;14:05:00;24700.0;24705.0;24695.5;24698.5;879
23/02/2026;14:06:00;24697.25;24703.0;24695.5;24696.25;475
23/02/2026;14:07:00;24696.25;24697.75;24688.5;24692.25;600
23/02/2026;14:08:00;24692.5;24697.0;24687.0;24690.75;685
23/02/2026;14:09:00;24690.5;24691.5;24684.0;24690.75;579
23/02/2026;14:10:00;24690.25;24692.75;24681.75;24687.5;691
23/02/2026;14:11:00;24687.5;24693.75;24684.75;24686.75;713
23/02/2026;14:12:00;24687.0;24691.5;24684.75;24685.0;392
23/02/2026;14:13:00;24684.75;24687.0;24678.75;24682.5;874
23/02/2026;14:14:00;24682.75;24690.25;24682.5;24685.5;582
23/02/2026;14:15:00;24685.0;24707.75;24684.75;24698.75;1712
23/02/2026;14:16:00;24698.5;24699.5;24689.5;24695.5;592
23/02/2026;14:17:00;24695.5;24698.25;24690.0;24695.25;404
23/02/2026;14:18:00;24695.25;24700.25;24689.25;24699.0;651
23/02/2026;14:19:00;24699.75;24701.0;24692.25;24695.75;468
23/02/2026;14:20:00;24695.0;24697.0;24689.5;24690.75;707
23/02/2026;14:21:00;24690.5;24694.0;24684.5;24689.75;578
23/02/2026;14:22:00;24689.75;24692.0;24687.5;24691.5;342
23/02/2026;14:23:00;24692.0;24695.75;24689.75;24694.25;450
23/02/2026;14:24:00;24693.25;24700.75;24690.5;24700.25;407
23/02/2026;14:25:00;24700.25;24704.75;24696.0;24700.75;640
23/02/2026;14:26:00;24700.25;24705.25;24698.25;24701.5;738
23/02/2026;14:27:00;24700.75;24705.25;24696.0;24701.5;559
23/02/2026;14:28:00;24701.5;24707.25;24698.0;24705.5;497
23/02/2026;14:29:00;24705.75;24714.75;24702.0;24706.5;1030
23/02/2026;14:30:00;24707.0;24739.0;24704.5;24733.0;2098
23/02/2026;14:31:00;24732.75;24735.5;24723.0;24730.25;1230
23/02/2026;14:32:00;24730.5;24740.0;24722.5;24738.5;1069
23/02/2026;14:33:00;24739.25;24751.5;24736.25;24749.5;1319
23/02/2026;14:34:00;24749.75;24751.25;24744.25;24746.75;642
23/02/2026;14:35:00;24746.5;24746.75;24720.25;24721.0;1333
23/02/2026;14:36:00;24721.25;24738.75;24719.5;24738.0;852
23/02/2026;14:37:00;24738.0;24738.0;24723.25;24724.75;709
23/02/2026;14:38:00;24724.75;24731.0;24720.0;24730.5;800
23/02/2026;14:39:00;24730.75;24731.5;24725.75;24727.25;315
23/02/2026;14:40:00;24727.25;24734.75;24722.25;24723.0;555
23/02/2026;14:41:00;24723.5;24731.25;24722.0;24729.5;349
23/02/2026;14:42:00;24730.75;24731.0;24711.0;24715.0;847
23/02/2026;14:43:00;24715.25;24722.5;24712.25;24722.5;605
23/02/2026;14:44:00;24723.0;24730.75;24721.0;24730.75;587
23/02/2026;14:45:00;24730.5;24731.75;24718.25;24722.25;662
23/02/2026;14:46:00;24722.75;24728.75;24722.0;24723.5;407
23/02/2026;14:47:00;24723.5;24730.75;24722.0;24725.0;720
23/02/2026;14:48:00;24725.25;24737.5;24723.75;24737.25;648
23/02/2026;14:49:00;24737.75;24744.75;24737.75;24742.75;801
23/02/2026;14:50:00;24742.75;24760.0;24726.75;24734.25;3614
23/02/2026;14:51:00;24734.75;24744.75;24731.25;24742.25;1159
23/02/2026;14:52:00;24741.75;24743.0;24732.25;24737.75;947
23/02/2026;14:53:00;24738.0;24738.0;24723.5;24725.0;1542
23/02/2026;14:54:00;24725.5;24728.25;24714.75;24717.25;1673
23/02/2026;14:55:00;24718.0;24730.25;24710.75;24724.25;1971
23/02/2026;14:56:00;24724.0;24727.75;24716.0;24717.75;963
23/02/2026;14:57:00;24717.25;24733.25;24717.0;24729.25;1148
23/02/2026;14:58:00;24728.75;24752.5;24728.5;24746.75;3028
23/02/2026;14:59:00;24746.75;24772.75;24731.25;24768.0;10969
23/02/2026;15:00:00;24769.25;24773.75;24758.0;24769.5;3930
23/02/2026;15:01:00;24769.25;24781.25;24767.5;24779.5;1505
23/02/2026;15:02:00;24779.25;24781.5;24771.25;24773.75;776
23/02/2026;15:03:00;24774.25;24776.0;24768.0;24774.5;811
23/02/2026;15:04:00;24774.75;24780.0;24770.5;24778.25;949
23/02/2026;15:05:00;24778.0;24780.0;24775.75;24777.75;456
23/02/2026;15:06:00;24777.5;24782.75;24774.0;24776.0;445
23/02/2026;15:07:00;24776.5;24776.5;24770.75;24771.75;326
23/02/2026;15:08:00;24771.5;24779.75;24771.0;24778.25;328
23/02/2026;15:09:00;24778.25;24779.0;24772.75;24779.0;307
23/02/2026;15:10:00;24779.0;24786.75;24777.25;24783.0;490
23/02/2026;15:11:00;24783.5;24783.75;24775.75;24779.5;329
23/02/2026;15:12:00;24779.25;24782.25;24777.0;24781.0;345
23/02/2026;15:13:00;24781.25;24783.75;24778.75;24782.5;255
23/02/2026;15:14:00;24782.25;24783.0;24778.0;24781.5;404
23/02/2026;15:15:00;24781.75;24781.75;24770.25;24774.0;299
23/02/2026;15:16:00;24774.0;24778.25;24773.75;24777.5;169
23/02/2026;15:17:00;24777.5;24777.5;24771.75;24774.0;92
23/02/2026;15:18:00;24773.5;24775.75;24770.0;24774.5;165
23/02/2026;15:19:00;24774.5;24776.25;24773.0;24773.25;161
23/02/2026;15:20:00;24773.5;24778.25;24772.75;24778.0;78
23/02/2026;15:21:00;24777.75;24783.25;24777.5;24783.0;220
23/02/2026;15:22:00;24783.25;24783.5;24777.25;24777.75;102
23/02/2026;15:23:00;24778.25;24779.5;24777.5;24777.5;62
23/02/2026;15:24:00;24777.5;24781.0;24777.25;24779.0;112
23/02/2026;15:25:00;24779.25;24780.75;24778.75;24780.0;90
23/02/2026;15:26:00;24779.5;24779.5;24777.75;24778.0;70
23/02/2026;15:27:00;24778.25;24779.5;24776.5;24779.5;58
23/02/2026;15:28:00;24779.75;24779.75;24777.5;24778.0;34
23/02/2026;15:29:00;24777.75;24779.75;24777.0;24779.5;64
23/02/2026;15:30:00;24779.25;24791.25;24779.25;24788.75;281
23/02/2026;15:31:00;24788.75;24789.0;24785.5;24788.0;91
23/02/2026;15:32:00;24788.25;24789.25;24780.25;24780.25;177
23/02/2026;15:33:00;24780.0;24782.25;24778.5;24782.25;72
23/02/2026;15:34:00;24782.25;24785.25;24782.25;24785.25;47
23/02/2026;15:35:00;24785.5;24786.0;24783.5;24784.75;49
23/02/2026;15:36:00;24783.75;24784.5;24780.25;24781.25;59
23/02/2026;15:37:00;24780.5;24782.75;24779.75;24781.75;30
23/02/2026;15:38:00;24782.25;24783.25;24781.75;24782.0;37
23/02/2026;15:39:00;24782.25;24782.25;24778.25;24778.25;70
23/02/2026;15:40:00;24779.0;24780.0;24778.25;24779.25;45
23/02/2026;15:41:00;24779.5;24782.0;24779.0;24781.25;77
23/02/2026;15:42:00;24782.0;24783.0;24780.75;24780.75;37
23/02/2026;15:43:00;24781.25;24782.0;24779.5;24780.25;29
23/02/2026;15:44:00;24781.0;24784.5;24780.25;24784.5;78
23/02/2026;15:45:00;24784.75;24784.75;24782.5;24783.25;78
23/02/2026;15:46:00;24783.0;24783.0;24779.75;24779.75;58
23/02/2026;15:47:00;24780.0;24780.75;24779.0;24779.5;89
23/02/2026;15:48:00;24780.0;24785.0;24779.75;24782.5;102
23/02/2026;15:49:00;24782.25;24782.25;24777.0;24781.0;187
23/02/2026;15:50:00;24781.0;24783.0;24779.75;24781.0;62
23/02/2026;15:51:00;24781.5;24782.25;24779.25;24780.5;68
23/02/2026;15:52:00;24780.5;24781.5;24779.5;24780.5;36
23/02/2026;15:53:00;24779.75;24784.0;24779.0;24784.0;150
23/02/2026;15:54:00;24784.5;24788.25;24783.75;24787.75;105
23/02/2026;15:55:00;24787.75;24790.25;24786.0;24789.5;107
23/02/2026;15:56:00;24789.5;24796.5;24789.5;24790.0;330
23/02/2026;15:57:00;24790.0;24790.0;24786.5;24787.0;49
23/02/2026;15:58:00;24787.0;24787.25;24784.75;24786.0;51
23/02/2026;15:59:00;24786.0;24787.25;24782.0;24786.25;124
23/02/2026;17:00:00;24788.0;24803.5;24776.25;24789.25;0
23/02/2026;17:01:00;24787.25;24793.0;24782.0;24791.0;100
23/02/2026;17:02:00;24792.75;24802.0;24792.75;24793.5;150
23/02/2026;17:03:00;24793.5;24793.5;24781.0;24782.5;180
23/02/2026;17:04:00;24783.0;24787.0;24780.0;24784.0;81
23/02/2026;17:05:00;24781.75;24801.75;24767.0;24801.75;590
23/02/2026;17:06:00;24800.0;24813.5;24797.0;24810.5;292
23/02/2026;17:07:00;24809.5;24812.0;24804.0;24812.0;86
23/02/2026;17:08:00;24812.25;24813.25;24807.5;24807.5;85
23/02/2026;17:09:00;24809.0;24811.75;24803.0;24804.25;51
23/02/2026;17:10:00;24807.75;24810.0;24802.5;24810.0;59
23/02/2026;17:11:00;24812.0;24815.0;24805.0;24811.75;124
23/02/2026;17:12:00;24810.5;24811.25;24800.75;24802.25;88
23/02/2026;17:13:00;24802.25;24805.25;24799.75;24800.25;58
23/02/2026;17:14:00;24798.5;24800.0;24794.5;24795.75;81
23/02/2026;17:15:00;24798.75;24798.75;24794.0;24798.0;52
23/02/2026;17:16:00;24798.25;24803.5;24798.25;24803.0;75
23/02/2026;17:17:00;24803.25;24804.0;24793.75;24797.5;91
23/02/2026;17:18:00;24798.0;24798.0;24790.75;24793.75;57
23/02/2026;17:19:00;24792.5;24794.75;24784.25;24790.5;151
23/02/2026;17:20:00;24791.0;24792.25;24786.25;24788.25;49
23/02/2026;17:21:00;24788.0;24790.75;24785.0;24786.75;62
23/02/2026;17:22:00;24787.0;24792.5;24787.0;24787.5;66
23/02/2026;17:23:00;24787.0;24792.25;24787.0;24788.5;48
23/02/2026;17:24:00;24789.25;24798.0;24787.5;24794.5;117
23/02/2026;17:25:00;24794.5;24794.5;24788.5;24793.5;58
23/02/2026;17:26:00;24792.75;24795.0;24791.25;24795.0;23
23/02/2026;17:27:00;24795.0;24796.5;24792.75;24796.5;34
23/02/2026;17:28:00;24796.25;24802.75;24794.5;24802.0;139
23/02/2026;17:29:00;24801.75;24806.75;24801.0;24806.75;123
23/02/2026;17:30:00;24805.75;24814.75;24802.5;24813.25;147
23/02/2026;17:31:00;24813.25;24826.75;24812.25;24819.75;285
23/02/2026;17:32:00;24819.75;24822.75;24815.75;24822.0;121
23/02/2026;17:33:00;24821.25;24825.0;24819.25;24819.25;87
23/02/2026;17:34:00;24818.75;24820.75;24816.5;24819.0;70
23/02/2026;17:35:00;24818.25;24821.5;24817.5;24820.5;88
23/02/2026;17:36:00;24820.25;24821.75;24818.75;24820.0;52
23/02/2026;17:37:00;24819.75;24823.0;24816.0;24818.75;167
23/02/2026;17:38:00;24817.0;24819.0;24813.25;24816.25;129
23/02/2026;17:39:00;24816.75;24818.5;24816.5;24816.5;19
23/02/2026;17:40:00;24818.5;24820.25;24817.5;24819.25;51
23/02/2026;17:41:00;24817.75;24821.0;24816.25;24820.0;27
23/02/2026;17:42:00;24819.0;24819.0;24811.0;24812.0;46
23/02/2026;17:43:00;24810.75;24811.0;24804.5;24807.75;87
23/02/2026;17:44:00;24807.5;24815.0;24807.5;24812.75;138
23/02/2026;17:45:00;24811.0;24816.25;24805.75;24814.5;166
23/02/2026;17:46:00;24815.75;24818.0;24814.25;24814.5;98
23/02/2026;17:47:00;24813.0;24813.0;24802.25;24805.25;146
23/02/2026;17:48:00;24804.75;24806.5;24800.0;24800.25;69
23/02/2026;17:49:00;24801.25;24805.25;24800.75;24802.0;83
23/02/2026;17:50:00;24801.5;24802.0;24796.75;24796.75;65
23/02/2026;17:51:00;24797.0;24798.25;24792.25;24796.25;139
23/02/2026;17:52:00;24796.5;24806.0;24795.25;24805.5;130
23/02/2026;17:53:00;24804.25;24808.0;24802.0;24805.5;96
23/02/2026;17:54:00;24805.75;24812.0;24804.0;24806.5;145
23/02/2026;17:55:00;24805.0;24806.75;24800.5;24804.0;73
23/02/2026;17:56:00;24802.75;24802.75;24796.75;24800.25;79
23/02/2026;17:57:00;24799.0;24799.0;24791.25;24793.0;116
23/02/2026;17:58:00;24793.75;24797.5;24792.25;24792.25;37
23/02/2026;17:59:00;24792.75;24793.75;24784.75;24788.0;261
23/02/2026;18:00:00;24789.0;24805.0;24782.25;24805.0;308
23/02/2026;18:01:00;24802.75;24811.25;24799.5;24806.5;301
23/02/2026;18:02:00;24806.0;24806.0;24793.75;24796.0;204
23/02/2026;18:03:00;24798.5;24808.25;24798.5;24801.5;53
23/02/2026;18:04:00;24801.25;24806.5;24796.0;24802.5;215
23/02/2026;18:05:00;24802.25;24809.0;24800.5;24802.5;95
23/02/2026;18:06:00;24802.25;24804.0;24792.25;24803.0;197
23/02/2026;18:07:00;24803.75;24807.0;24798.0;24800.0;54
23/02/2026;18:08:00;24801.0;24801.0;24786.5;24788.5;122
23/02/2026;18:09:00;24786.0;24791.0;24782.0;24784.25;164
23/02/2026;18:10:00;24786.25;24800.0;24786.25;24797.0;192
23/02/2026;18:11:00;24798.25;24799.25;24789.5;24797.5;111
23/02/2026;18:12:00;24799.75;24803.5;24795.0;24797.75;104
23/02/2026;18:13:00;24796.5;24796.5;24790.25;24792.75;137
23/02/2026;18:14:00;24794.5;24801.0;24792.75;24800.0;34
23/02/2026;18:15:00;24799.5;24805.25;24798.25;24804.25;70
23/02/2026;18:16:00;24804.5;24807.5;24801.0;24807.5;96
23/02/2026;18:17:00;24807.0;24818.5;24807.0;24814.25;339
23/02/2026;18:18:00;24814.5;24814.5;24811.25;24812.0;48
23/02/2026;18:19:00;24813.5;24815.0;24812.25;24814.0;90
23/02/2026;18:20:00;24813.5;24818.0;24813.5;24814.75;76
23/02/2026;18:21:00;24814.75;24816.0;24806.25;24808.5;141
23/02/2026;18:22:00;24807.5;24808.75;24792.0;24793.25;225
23/02/2026;18:23:00;24792.0;24794.0;24782.5;24784.0;106
23/02/2026;18:24:00;24785.25;24790.75;24783.0;24789.75;119
23/02/2026;18:25:00;24789.5;24791.5;24785.0;24788.0;122
23/02/2026;18:26:00;24788.25;24789.25;24773.5;24777.0;231
23/02/2026;18:27:00;24776.0;24786.75;24776.0;24778.75;118
23/02/2026;18:28:00;24780.0;24785.75;24777.75;24780.5;98
23/02/2026;18:29:00;24780.0;24782.75;24778.5;24781.25;40
23/02/2026;18:30:00;24780.75;24786.5;24779.75;24781.5;67
23/02/2026;18:31:00;24779.25;24789.25;24778.0;24787.0;196
23/02/2026;18:32:00;24786.25;24787.0;24781.75;24784.0;48
23/02/2026;18:33:00;24782.0;24783.25;24778.5;24781.25;43
23/02/2026;18:34:00;24780.5;24782.25;24776.75;24780.0;33
23/02/2026;18:35:00;24778.0;24784.75;24778.0;24783.25;35
23/02/2026;18:36:00;24783.5;24789.5;24781.25;24789.5;89
23/02/2026;18:37:00;24788.25;24788.25;24783.75;24786.0;39
23/02/2026;18:38:00;24786.75;24788.25;24781.75;24786.5;66
23/02/2026;18:39:00;24788.25;24797.5;24788.25;24797.0;114
23/02/2026;18:40:00;24797.5;24805.25;24797.5;24801.75;127
23/02/2026;18:41:00;24803.0;24804.5;24798.5;24802.0;55
23/02/2026;18:42:00;24801.25;24802.75;24799.0;24799.75;34
23/02/2026;18:43:00;24799.5;24806.25;24798.5;24805.0;53
23/02/2026;18:44:00;24806.5;24807.0;24804.0;24805.0;73
23/02/2026;18:45:00;24805.0;24805.0;24801.75;24802.25;71
23/02/2026;18:46:00;24801.25;24806.5;24800.0;24802.75;78
23/02/2026;18:47:00;24804.25;24811.0;24803.75;24809.25;127
23/02/2026;18:48:00;24809.25;24811.0;24805.75;24811.0;50
23/02/2026;18:49:00;24810.5;24818.5;24810.5;24817.25;204
23/02/2026;18:50:00;24818.0;24819.25;24813.75;24816.5;91
23/02/2026;18:51:00;24817.75;24821.75;24816.75;24821.5;112
23/02/2026;18:52:00;24821.75;24823.5;24817.25;24818.25;97
23/02/2026;18:53:00;24819.0;24821.25;24813.75;24814.75;77
23/02/2026;18:54:00;24815.25;24815.25;24809.75;24812.0;72
23/02/2026;18:55:00;24811.25;24811.25;24802.25;24803.75;118
23/02/2026;18:56:00;24803.5;24805.5;24801.5;24804.0;64
23/02/2026;18:57:00;24804.75;24809.0;24802.75;24808.5;58
23/02/2026;18:58:00;24807.75;24817.25;24807.5;24815.0;136
23/02/2026;18:59:00;24816.25;24819.5;24815.0;24816.0;60
23/02/2026;19:00:00;24815.5;24818.25;24807.0;24808.0;122
23/02/2026;19:01:00;24809.0;24813.25;24795.5;24797.25;214
23/02/2026;19:02:00;24796.5;24804.5;24795.25;24803.0;70
23/02/2026;19:03:00;24803.25;24806.5;24799.75;24802.25;51
23/02/2026;19:04:00;24802.5;24806.0;24801.75;24805.75;47
23/02/2026;19:05:00;24805.5;24809.0;24796.0;24796.0;81
23/02/2026;19:06:00;24797.75;24804.75;24797.75;24802.5;87
23/02/2026;19:07:00;24802.75;24809.25;24802.5;24806.0;77
23/02/2026;19:08:00;24807.5;24811.75;24803.5;24809.0;168
23/02/2026;19:09:00;24809.0;24810.25;24805.0;24808.25;73
23/02/2026;19:10:00;24806.0;24806.0;24801.0;24803.75;61
23/02/2026;19:11:00;24804.0;24811.5;24803.0;24808.25;43
23/02/2026;19:12:00;24807.75;24811.75;24805.75;24807.5;164
23/02/2026;19:13:00;24808.25;24809.5;24806.0;24808.5;30
23/02/2026;19:14:00;24808.25;24809.5;24803.75;24804.5;42
23/02/2026;19:15:00;24805.5;24807.25;24799.5;24806.5;128
23/02/2026;19:16:00;24806.0;24808.25;24797.0;24798.0;91
23/02/2026;19:17:00;24798.75;24805.75;24795.0;24805.0;88
23/02/2026;19:18:00;24805.75;24811.5;24803.25;24806.75;89
23/02/2026;19:19:00;24809.25;24810.75;24806.0;24806.0;57
23/02/2026;19:20:00;24805.75;24820.75;24804.5;24814.25;159
23/02/2026;19:21:00;24815.25;24817.0;24813.25;24813.5;52
23/02/2026;19:22:00;24814.5;24821.0;24813.0;24820.25;127
23/02/2026;19:23:00;24820.5;24826.25;24816.5;24825.5;181
23/02/2026;19:24:00;24824.5;24829.0;24815.75;24818.5;257
23/02/2026;19:25:00;24817.5;24822.75;24815.5;24818.5;125
23/02/2026;19:26:00;24817.25;24819.25;24811.0;24814.25;114
23/02/2026;19:27:00;24815.25;24820.75;24815.0;24820.0;69
23/02/2026;19:28:00;24820.0;24826.5;24820.0;24823.5;75
23/02/2026;19:29:00;24822.75;24825.0;24819.5;24821.0;62
23/02/2026;19:30:00;24820.5;24820.5;24806.25;24812.5;304
23/02/2026;19:31:00;24810.75;24811.75;24798.75;24809.0;197
23/02/2026;19:32:00;24809.0;24813.0;24809.0;24810.25;50
23/02/2026;19:33:00;24805.5;24812.0;24805.25;24812.0;39
23/02/2026;19:34:00;24812.5;24821.5;24810.75;24821.25;103
23/02/2026;19:35:00;24821.5;24825.25;24818.5;24821.75;119
23/02/2026;19:36:00;24823.0;24823.5;24814.75;24819.25;68
23/02/2026;19:37:00;24818.25;24825.25;24816.75;24823.75;92
23/02/2026;19:38:00;24823.0;24824.5;24821.0;24822.25;48
23/02/2026;19:39:00;24821.25;24824.5;24813.75;24820.0;102
23/02/2026;19:40:00;24818.25;24818.25;24808.5;24814.25;157
23/02/2026;19:41:00;24814.25;24824.5;24813.5;24824.5;98
23/02/2026;19:42:00;24825.0;24835.5;24825.0;24834.25;283
23/02/2026;19:43:00;24834.5;24834.75;24828.0;24830.75;90
23/02/2026;19:44:00;24832.25;24833.75;24825.25;24827.75;57
23/02/2026;19:45:00;24828.25;24829.25;24823.25;24826.25;38
23/02/2026;19:46:00;24827.5;24827.75;24822.0;24822.75;26
23/02/2026;19:47:00;24823.0;24824.5;24817.25;24820.5;90
23/02/2026;19:48:00;24819.75;24819.75;24813.0;24816.75;113
23/02/2026;19:49:00;24818.0;24828.0;24815.75;24824.75;85
23/02/2026;19:50:00;24827.75;24828.0;24823.5;24825.0;44
23/02/2026;19:51:00;24824.5;24825.75;24818.75;24824.5;46
23/02/2026;19:52:00;24824.5;24825.5;24820.0;24820.0;34
23/02/2026;19:53:00;24819.75;24820.25;24817.0;24817.5;37
23/02/2026;19:54:00;24817.25;24820.25;24816.25;24817.5;34
23/02/2026;19:55:00;24815.25;24816.25;24812.25;24816.25;58
23/02/2026;19:56:00;24816.0;24818.5;24815.25;24817.0;21
23/02/2026;19:57:00;24819.75;24823.0;24817.75;24821.0;83
23/02/2026;19:58:00;24821.0;24826.25;24820.75;24825.0;49
23/02/2026;19:59:00;24824.75;24824.75;24822.0;24822.0;28
23/02/2026;20:00:00;24822.0;24831.0;24822.0;24830.0;127
23/02/2026;20:01:00;24830.0;24830.0;24824.0;24828.0;92
23/02/2026;20:02:00;24828.0;24829.25;24825.0;24826.25;25
23/02/2026;20:03:00;24825.25;24829.75;24825.25;24828.0;31
23/02/2026;20:04:00;24828.25;24828.25;24818.75;24819.75;86
23/02/2026;20:05:00;24819.25;24821.25;24816.75;24821.25;53
23/02/2026;20:06:00;24822.0;24828.25;24820.25;24823.5;45
23/02/2026;20:07:00;24822.75;24825.0;24822.25;24825.0;18
23/02/2026;20:08:00;24823.75;24828.25;24823.0;24824.75;19
23/02/2026;20:09:00;24824.75;24826.5;24818.75;24826.5;44
23/02/2026;20:10:00;24826.75;24833.5;24826.75;24828.75;50
23/02/2026;20:11:00;24827.0;24832.75;24826.75;24831.25;29
23/02/2026;20:12:00;24831.75;24833.0;24828.25;24828.75;26
23/02/2026;20:13:00;24830.0;24839.0;24828.0;24838.75;80
23/02/2026;20:14:00;24838.25;24840.25;24835.75;24836.25;106
23/02/2026;20:15:00;24836.25;24840.25;24835.5;24837.75;59
23/02/2026;20:16:00;24837.75;24838.0;24833.5;24834.5;59
23/02/2026;20:17:00;24834.75;24836.25;24832.5;24836.25;48
23/02/2026;20:18:00;24836.5;24841.5;24835.5;24839.75;58
23/02/2026;20:19:00;24841.75;24844.0;24840.25;24844.0;95
23/02/2026;20:20:00;24843.5;24852.0;24842.25;24847.5;255
23/02/2026;20:21:00;24847.75;24855.0;24845.5;24851.75;211
23/02/2026;20:22:00;24850.75;24851.75;24848.75;24849.5;44
23/02/2026;20:23:00;24851.5;24853.25;24847.25;24851.5;57
23/02/2026;20:24:00;24851.0;24864.0;24850.75;24862.75;190
23/02/2026;20:25:00;24863.5;24866.0;24860.5;24864.25;165
23/02/2026;20:26:00;24864.75;24868.0;24863.75;24866.5;72
23/02/2026;20:27:00;24866.25;24866.5;24861.5;24864.5;77
23/02/2026;20:28:00;24865.25;24867.0;24863.5;24863.75;51
23/02/2026;20:29:00;24863.5;24864.25;24860.25;24862.5;88
23/02/2026;20:30:00;24863.0;24863.25;24860.0;24862.0;58
23/02/2026;20:31:00;24863.0;24863.0;24859.25;24860.0;77
23/02/2026;20:32:00;24859.75;24863.25;24859.75;24861.0;33
23/02/2026;20:33:00;24862.0;24876.25;24861.75;24875.0;355
23/02/2026;20:34:00;24874.75;24875.25;24870.0;24873.5;100
23/02/2026;20:35:00;24871.5;24874.25;24868.5;24874.0;64
23/02/2026;20:36:00;24874.75;24879.0;24873.75;24875.75;249
23/02/2026;20:37:00;24875.0;24879.0;24874.5;24878.75;79
23/02/2026;20:38:00;24876.25;24878.0;24875.5;24877.0;42
23/02/2026;20:39:00;24877.75;24878.5;24874.0;24875.0;66
23/02/2026;20:40:00;24874.5;24875.0;24864.5;24869.5;236
23/02/2026;20:41:00;24869.75;24874.25;24869.5;24873.25;83
23/02/2026;20:42:00;24872.0;24872.0;24868.25;24869.0;34
23/02/2026;20:43:00;24867.5;24867.75;24862.0;24863.25;94
23/02/2026;20:44:00;24863.5;24865.25;24861.25;24864.25;48
23/02/2026;20:45:00;24863.25;24865.25;24858.25;24865.25;95
23/02/2026;20:46:00;24863.25;24873.25;24863.0;24870.5;273
23/02/2026;20:47:00;24871.0;24871.75;24864.0;24866.25;93
23/02/2026;20:48:00;24866.25;24869.5;24866.25;24868.5;25
23/02/2026;20:49:00;24868.5;24870.0;24867.0;24868.0;19
23/02/2026;20:50:00;24867.25;24869.75;24864.0;24865.0;104
23/02/2026;20:51:00;24866.25;24867.25;24864.75;24864.75;17
23/02/2026;20:52:00;24864.5;24865.5;24862.0;24863.75;25
23/02/2026;20:53:00;24864.25;24870.5;24864.25;24869.25;64
23/02/2026;20:54:00;24868.25;24869.0;24865.75;24868.25;32
23/02/2026;20:55:00;24867.75;24872.0;24867.5;24868.5;75
23/02/2026;20:56:00;24868.0;24868.25;24866.75;24867.75;17
23/02/2026;20:57:00;24866.75;24870.5;24866.75;24869.75;31
23/02/2026;20:58:00;24870.0;24872.75;24869.75;24872.0;38
23/02/2026;20:59:00;24872.0;24874.0;24869.75;24869.75;56
23/02/2026;21:00:00;24869.75;24871.75;24867.5;24869.0;67
23/02/2026;21:01:00;24870.0;24873.5;24869.5;24873.0;33
23/02/2026;21:02:00;24872.0;24874.5;24866.75;24870.5;188
23/02/2026;21:03:00;24871.5;24871.5;24867.5;24869.25;36
23/02/2026;21:04:00;24869.75;24875.75;24869.75;24873.0;91
23/02/2026;21:05:00;24873.0;24874.5;24868.75;24868.75;43
23/02/2026;21:06:00;24869.5;24873.5;24869.25;24871.0;77
23/02/2026;21:07:00;24872.0;24874.5;24870.75;24873.75;48
23/02/2026;21:08:00;24872.5;24873.5;24871.5;24872.25;9
23/02/2026;21:09:00;24872.5;24872.5;24870.5;24872.25;23
23/02/2026;21:10:00;24873.5;24874.75;24870.0;24870.0;35
23/02/2026;21:11:00;24870.25;24872.0;24866.75;24866.75;26
23/02/2026;21:12:00;24868.0;24871.75;24868.0;24871.75;23
23/02/2026;21:13:00;24871.75;24872.5;24870.5;24870.75;32
23/02/2026;21:14:00;24871.5;24874.5;24871.5;24873.5;29
23/02/2026;21:15:00;24872.5;24872.5;24870.0;24871.5;35
23/02/2026;21:16:00;24872.0;24873.0;24871.75;24871.75;11
23/02/2026;21:17:00;24872.0;24878.75;24871.5;24878.5;331
23/02/2026;21:18:00;24879.0;24880.0;24874.25;24874.75;164
23/02/2026;21:19:00;24875.5;24877.75;24873.5;24877.75;56
23/02/2026;21:20:00;24877.75;24881.0;24876.5;24879.75;73
23/02/2026;21:21:00;24880.0;24880.25;24878.25;24880.25;57
23/02/2026;21:22:00;24880.25;24883.25;24879.5;24882.5;150
23/02/2026;21:23:00;24882.5;24883.75;24880.5;24881.0;121
23/02/2026;21:24:00;24881.75;24884.25;24879.75;24880.5;181
23/02/2026;21:25:00;24881.0;24881.0;24877.75;24880.0;48
23/02/2026;21:26:00;24880.5;24880.75;24877.25;24880.0;53
23/02/2026;21:27:00;24878.75;24880.25;24875.0;24879.75;112
23/02/2026;21:28:00;24879.25;24880.25;24878.25;24879.25;67
23/02/2026;21:29:00;24879.0;24881.0;24878.25;24878.25;54
23/02/2026;21:30:00;24878.25;24878.75;24873.75;24875.25;75
23/02/2026;21:31:00;24875.0;24876.25;24873.75;24875.75;25
23/02/2026;21:32:00;24876.75;24878.75;24876.5;24878.0;32
23/02/2026;21:33:00;24876.0;24878.75;24875.75;24878.75;25
23/02/2026;21:34:00;24878.0;24878.25;24873.0;24874.0;34
23/02/2026;21:35:00;24874.25;24875.5;24871.5;24872.25;69
23/02/2026;21:36:00;24872.25;24873.25;24869.75;24872.5;41
23/02/2026;21:37:00;24872.75;24873.25;24870.75;24872.0;36
23/02/2026;21:38:00;24872.75;24875.25;24871.25;24874.25;34
23/02/2026;21:39:00;24874.75;24877.25;24874.75;24876.75;52
23/02/2026;21:40:00;24876.5;24880.25;24876.5;24879.25;81
23/02/2026;21:41:00;24879.75;24880.5;24878.0;24878.75;70
23/02/2026;21:42:00;24878.5;24880.25;24876.75;24879.5;20
23/02/2026;21:43:00;24878.75;24878.75;24875.25;24875.5;25
23/02/2026;21:44:00;24875.5;24877.0;24873.0;24874.25;30
23/02/2026;21:45:00;24873.75;24875.5;24872.5;24874.75;46
23/02/2026;21:46:00;24874.0;24876.0;24874.0;24874.75;17
23/02/2026;21:47:00;24874.5;24874.5;24871.75;24872.5;35
23/02/2026;21:48:00;24872.5;24872.5;24868.75;24872.25;52
23/02/2026;21:49:00;24872.0;24875.75;24872.0;24873.5;30
23/02/2026;21:50:00;24873.5;24874.5;24871.5;24872.0;18
23/02/2026;21:51:00;24872.75;24872.75;24869.5;24871.75;60
23/02/2026;21:52:00;24872.0;24873.0;24871.0;24873.0;19
23/02/2026;21:53:00;24872.75;24874.5;24870.0;24874.5;79
23/02/2026;21:54:00;24875.25;24877.5;24874.0;24874.25;66
23/02/2026;21:55:00;24873.25;24874.0;24871.25;24872.25;25
23/02/2026;21:56:00;24873.5;24875.75;24872.25;24873.5;28
23/02/2026;21:57:00;24873.5;24875.5;24873.5;24874.25;15
23/02/2026;21:58:00;24874.75;24875.25;24872.5;24872.5;14
23/02/2026;21:59:00;24873.25;24875.0;24873.25;24873.25;10
23/02/2026;22:00:00;24874.0;24874.75;24871.25;24872.5;21
23/02/2026;22:01:00;24872.0;24874.75;24872.0;24874.5;29
23/02/2026;22:02:00;24873.75;24874.5;24872.5;24874.0;19
23/02/2026;22:03:00;24872.0;24874.5;24870.25;24874.5;31
23/02/2026;22:04:00;24873.75;24876.0;24873.75;24875.0;33
23/02/2026;22:05:00;24874.75;24875.5;24871.25;24873.25;34
23/02/2026;22:06:00;24873.25;24875.75;24873.25;24875.75;14
23/02/2026;22:07:00;24876.5;24876.5;24875.0;24876.25;19
23/02/2026;22:08:00;24876.25;24879.25;24876.25;24878.5;75
23/02/2026;22:09:00;24877.75;24880.75;24877.25;24879.5;81
23/02/2026;22:10:00;24879.25;24880.25;24877.75;24879.75;39
23/02/2026;22:11:00;24879.75;24879.75;24876.0;24877.0;34
23/02/2026;22:12:00;24876.75;24877.75;24876.25;24877.25;19
23/02/2026;22:13:00;24876.0;24876.0;24873.5;24875.0;35
23/02/2026;22:14:00;24875.75;24876.0;24873.25;24874.75;50
23/02/2026;22:15:00;24874.25;24874.25;24872.75;24873.5;35
23/02/2026;22:16:00;24873.75;24875.0;24872.0;24874.0;34
23/02/2026;22:17:00;24872.75;24873.25;24868.75;24868.75;62
23/02/2026;22:18:00;24868.75;24869.75;24865.75;24869.25;76
23/02/2026;22:19:00;24868.25;24877.0;24867.75;24877.0;70
23/02/2026;22:20:00;24877.0;24881.25;24876.0;24878.75;64
23/02/2026;22:21:00;24879.25;24880.5;24876.75;24880.5;69
23/02/2026;22:22:00;24879.75;24881.0;24878.5;24879.75;34
23/02/2026;22:23:00;24880.75;24881.25;24879.0;24879.75;36
23/02/2026;22:24:00;24879.0;24879.5;24878.5;24879.5;25
23/02/2026;22:25:00;24878.75;24879.25;24877.5;24878.5;25
23/02/2026;22:26:00;24877.5;24879.75;24876.25;24876.25;52
23/02/2026;22:27:00;24877.25;24882.0;24877.25;24880.25;51
23/02/2026;22:28:00;24880.5;24881.25;24879.5;24879.75;29
23/02/2026;22:29:00;24880.25;24880.25;24876.75;24877.25;34
23/02/2026;22:30:00;24878.0;24884.0;24878.0;24880.25;66
23/02/2026;22:31:00;24879.5;24880.0;24872.0;24874.0;113
23/02/2026;22:32:00;24872.75;24876.0;24872.75;24874.25;38
23/02/2026;22:33:00;24874.75;24877.5;24873.5;24874.0;18
23/02/2026;22:34:00;24873.0;24873.75;24872.25;24872.5;24
23/02/2026;22:35:00;24872.25;24873.25;24868.75;24869.5;54
23/02/2026;22:36:00;24869.25;24870.75;24867.25;24869.5;51
23/02/2026;22:37:00;24870.0;24872.0;24870.0;24872.0;16
23/02/2026;22:38:00;24872.5;24873.0;24870.5;24870.5;28
23/02/2026;22:39:00;24870.25;24871.0;24869.25;24869.75;25
23/02/2026;22:40:00;24870.0;24871.0;24869.75;24870.5;10
23/02/2026;22:41:00;24871.0;24873.0;24869.25;24871.75;55
23/02/2026;22:42:00;24872.75;24877.0;24872.75;24877.0;49
23/02/2026;22:43:00;24877.0;24877.0;24872.75;24872.75;30
23/02/2026;22:44:00;24872.75;24872.75;24869.75;24871.25;52
23/02/2026;22:45:00;24872.25;24873.75;24871.0;24871.0;33
23/02/2026;22:46:00;24870.75;24874.75;24870.25;24873.5;27
23/02/2026;22:47:00;24872.5;24876.5;24871.5;24875.0;52
23/02/2026;22:48:00;24874.75;24876.25;24873.75;24875.5;22
23/02/2026;22:49:00;24875.75;24878.25;24875.25;24876.0;41
23/02/2026;22:50:00;24876.75;24880.25;24876.0;24879.25;66
23/02/2026;22:51:00;24880.0;24880.0;24876.5;24878.75;30
23/02/2026;22:52:00;24878.0;24878.0;24875.5;24876.0;11
23/02/2026;22:53:00;24877.0;24878.75;24875.5;24877.5;13
23/02/2026;22:54:00;24877.75;24878.0;24876.0;24877.5;27
23/02/2026;22:55:00;24877.5;24880.0;24877.5;24878.5;18
23/02/2026;22:56:00;24878.5;24879.0;24876.0;24877.5;36
23/02/2026;22:57:00;24876.5;24878.75;24876.0;24878.75;17
23/02/2026;22:58:00;24879.5;24879.5;24878.25;24878.75;13
23/02/2026;23:09:00;24884.0;24885.5;24882.0;24884.25;81
23/02/2026;23:10:00;24885.0;24885.75;24884.25;24885.25;21
23/02/2026;23:11:00;24884.5;24884.5;24883.5;24883.5;4
23/02/2026;23:12:00;24883.75;24886.5;24882.75;24885.25;17
23/02/2026;23:13:00;24886.25;24886.5;24883.75;24883.75;33
23/02/2026;23:14:00;24884.0;24884.0;24882.0;24882.0;21
23/02/2026;23:15:00;24882.75;24883.5;24873.25;24874.75;117
23/02/2026;23:16:00;24874.5;24875.0;24869.5;24869.5;59
23/02/2026;23:17:00;24869.75;24870.5;24862.5;24863.75;120
23/02/2026;23:18:00;24865.75;24867.0;24860.5;24863.25;60
23/02/2026;23:19:00;24862.75;24862.75;24857.25;24857.75;80
23/02/2026;23:20:00;24857.0;24862.0;24856.0;24859.25;87
23/02/2026;23:21:00;24859.75;24861.75;24859.0;24861.25;32
23/02/2026;23:22:00;24860.5;24860.75;24854.5;24857.25;87
23/02/2026;23:23:00;24857.25;24861.0;24857.25;24859.5;49
23/02/2026;23:24:00;24860.75;24862.25;24859.75;24861.75;39
23/02/2026;23:25:00;24861.75;24863.25;24860.0;24861.25;45
23/02/2026;23:26:00;24861.75;24862.0;24858.75;24860.5;48
23/02/2026;23:27:00;24860.5;24860.5;24856.25;24856.25;37
23/02/2026;23:28:00;24856.0;24864.25;24855.25;24864.0;52
23/02/2026;23:29:00;24864.5;24866.0;24862.0;24863.5;64
23/02/2026;23:30:00;24861.5;24861.5;24854.75;24854.75;87
23/02/2026;23:31:00;24855.5;24858.75;24854.5;24856.0;50
23/02/2026;23:32:00;24856.0;24860.5;24856.0;24857.75;38
23/02/2026;23:33:00;24859.0;24860.0;24851.75;24853.0;57
23/02/2026;23:34:00;24853.25;24854.75;24848.25;24851.5;91
23/02/2026;23:35:00;24851.25;24852.0;24846.5;24846.5;82
23/02/2026;23:36:00;24846.25;24851.75;24843.5;24851.25;122
23/02/2026;23:37:00;24851.75;24855.0;24849.25;24849.5;66
23/02/2026;23:38:00;24850.75;24855.25;24850.75;24855.25;16
23/02/2026;23:39:00;24853.25;24853.25;24849.0;24852.75;24
23/02/2026;23:40:00;24852.75;24852.75;24848.0;24849.75;42
23/02/2026;23:41:00;24849.5;24849.75;24846.75;24849.75;19
23/02/2026;23:42:00;24849.5;24850.75;24847.75;24848.0;35
23/02/2026;23:43:00;24848.0;24855.0;24848.0;24855.0;25
23/02/2026;23:44:00;24853.75;24858.25;24853.75;24855.75;66
23/02/2026;23:45:00;24854.0;24855.25;24846.25;24846.25;78
23/02/2026;23:46:00;24847.5;24848.0;24842.5;24846.0;104
23/02/2026;23:47:00;24846.0;24846.5;24841.25;24845.25;81
23/02/2026;23:48:00;24845.25;24846.25;24840.25;24840.25;109
23/02/2026;23:49:00;24840.25;24841.75;24832.5;24835.0;162
23/02/2026;23:50:00;24833.0;24838.75;24825.75;24834.25;310
23/02/2026;23:51:00;24835.75;24837.0;24830.75;24833.0;69
23/02/2026;23:52:00;24832.75;24837.25;24831.75;24837.25;50
23/02/2026;23:53:00;24837.5;24839.75;24833.75;24838.0;78
23/02/2026;23:54:00;24839.0;24842.25;24835.75;24839.25;60
23/02/2026;23:55:00;24839.0;24840.0;24836.0;24837.5;47
23/02/2026;23:56:00;24836.5;24837.0;24835.0;24835.75;29
23/02/2026;23:57:00;24834.75;24839.0;24834.75;24837.75;38
23/02/2026;23:58:00;24838.0;24838.75;24837.25;24838.5;16
23/02/2026;23:59:00;24838.0;24841.0;24838.0;24841.0;45
24/02/2026;00:00:00;24840.5;24842.0;24838.5;24840.0;74
24/02/2026;00:01:00;24839.75;24841.75;24838.0;24838.25;36
24/02/2026;00:02:00;24839.0;24840.75;24834.75;24838.0;79
24/02/2026;00:03:00;24836.5;24838.75;24836.25;24838.0;16
24/02/2026;00:04:00;24838.75;24839.25;24836.25;24838.75;31
24/02/2026;00:05:00;24838.25;24842.25;24838.25;24842.25;33
24/02/2026;00:06:00;24843.0;24845.25;24841.0;24841.25;59
24/02/2026;00:07:00;24843.25;24847.25;24842.5;24847.25;55
24/02/2026;00:08:00;24847.0;24850.5;24844.75;24850.5;174
24/02/2026;00:09:00;24850.75;24853.25;24847.75;24853.25;64
24/02/2026;00:10:00;24851.25;24852.5;24847.25;24850.0;68
24/02/2026;00:11:00;24850.0;24851.25;24847.5;24847.75;42
24/02/2026;00:12:00;24847.5;24847.5;24839.0;24839.5;94
24/02/2026;00:13:00;24839.0;24839.75;24835.5;24837.75;69
24/02/2026;00:14:00;24837.25;24838.5;24835.0;24837.0;62
24/02/2026;00:15:00;24836.0;24838.0;24833.75;24835.5;69
24/02/2026;00:16:00;24835.25;24836.5;24832.25;24836.0;49
24/02/2026;00:17:00;24836.75;24846.0;24836.75;24845.5;84
24/02/2026;00:18:00;24843.5;24850.0;24842.25;24850.0;65
24/02/2026;00:19:00;24849.5;24849.5;24846.25;24847.0;49
24/02/2026;00:20:00;24845.75;24845.75;24841.75;24842.0;32
24/02/2026;00:21:00;24840.0;24840.0;24828.0;24830.0;144
24/02/2026;00:22:00;24829.25;24834.75;24827.75;24831.25;76
24/02/2026;00:23:00;24830.25;24830.75;24827.5;24828.75;34
24/02/2026;00:24:00;24828.0;24831.75;24828.0;24830.0;21
24/02/2026;00:25:00;24830.25;24833.0;24827.5;24827.5;35
24/02/2026;00:26:00;24828.0;24830.5;24824.75;24825.75;70
24/02/2026;00:27:00;24826.5;24828.75;24824.75;24828.5;48
24/02/2026;00:28:00;24827.25;24827.75;24823.5;24823.5;17
24/02/2026;00:29:00;24823.25;24834.0;24822.75;24832.75;80
24/02/2026;00:30:00;24832.75;24838.25;24830.25;24833.0;109
24/02/2026;00:31:00;24832.0;24832.75;24825.75;24826.0;27
24/02/2026;00:32:00;24826.25;24829.5;24824.0;24829.5;44
24/02/2026;00:33:00;24829.75;24830.75;24828.25;24830.5;38
24/02/2026;00:34:00;24831.5;24835.0;24830.75;24835.0;15
24/02/2026;00:35:00;24835.75;24836.25;24830.25;24831.25;118
24/02/2026;00:36:00;24829.0;24829.25;24824.25;24828.25;63
24/02/2026;00:37:00;24830.25;24836.0;24830.25;24835.25;14
24/02/2026;00:38:00;24835.0;24836.0;24833.25;24835.0;24
24/02/2026;00:39:00;24835.0;24838.25;24835.0;24838.25;19
24/02/2026;00:40:00;24838.5;24839.5;24836.75;24837.0;7
24/02/2026;00:41:00;24836.5;24838.0;24834.75;24836.0;39
24/02/2026;00:42:00;24836.25;24838.75;24835.5;24838.0;9
24/02/2026;00:43:00;24840.0;24843.0;24839.25;24841.5;38
24/02/2026;00:44:00;24841.25;24843.0;24838.75;24839.5;73
24/02/2026;00:45:00;24839.25;24839.25;24834.0;24835.5;72
24/02/2026;00:46:00;24836.0;24840.0;24836.0;24840.0;17
24/02/2026;00:47:00;24839.5;24841.0;24838.75;24841.0;17
24/02/2026;00:48:00;24840.5;24841.0;24838.75;24840.0;19
24/02/2026;00:49:00;24840.75;24844.0;24840.5;24843.0;41
24/02/2026;00:50:00;24842.5;24842.5;24837.25;24840.0;20
24/02/2026;00:51:00;24838.0;24838.25;24837.0;24837.75;12
24/02/2026;00:52:00;24838.5;24840.5;24838.5;24838.5;10
24/02/2026;00:53:00;24837.25;24839.0;24835.0;24835.0;21
24/02/2026;00:54:00;24835.0;24836.0;24832.25;24833.75;32
24/02/2026;00:55:00;24833.25;24834.0;24830.25;24833.25;41
24/02/2026;00:56:00;24834.75;24838.75;24834.75;24837.0;38
24/02/2026;00:57:00;24837.0;24840.5;24835.25;24839.0;17
24/02/2026;00:58:00;24839.25;24842.75;24838.5;24840.25;40
24/02/2026;00:59:00;24839.5;24840.25;24837.75;24837.75;14
24/02/2026;01:00:00;24837.5;24839.5;24835.25;24836.75;51
24/02/2026;01:01:00;24837.0;24848.25;24836.0;24846.5;65
24/02/2026;01:02:00;24847.5;24854.25;24847.5;24854.0;94
24/02/2026;01:03:00;24853.25;24854.5;24850.5;24851.75;75
24/02/2026;01:04:00;24852.5;24853.5;24842.5;24843.5;79
24/02/2026;01:05:00;24843.5;24852.0;24843.0;24852.0;91
24/02/2026;01:06:00;24851.5;24859.75;24850.75;24857.25;299
24/02/2026;01:07:00;24857.25;24860.75;24855.0;24856.25;59
24/02/2026;01:08:00;24856.75;24857.5;24853.0;24854.75;53
24/02/2026;01:09:00;24854.75;24857.75;24851.75;24857.5;64
24/02/2026;01:10:00;24857.5;24858.5;24853.5;24855.0;44
24/02/2026;01:11:00;24855.25;24857.0;24853.5;24855.0;39
24/02/2026;01:12:00;24854.75;24858.25;24852.0;24856.75;93
24/02/2026;01:13:00;24855.25;24857.0;24853.25;24853.25;36
24/02/2026;01:14:00;24852.75;24858.5;24852.75;24857.75;35
24/02/2026;01:15:00;24858.25;24858.5;24852.0;24854.75;54
24/02/2026;01:16:00;24854.25;24855.5;24849.5;24852.5;49
24/02/2026;01:17:00;24850.5;24852.5;24850.0;24850.0;22
24/02/2026;01:18:00;24849.0;24852.0;24848.75;24851.75;29
24/02/2026;01:19:00;24851.5;24854.0;24851.0;24851.75;26
24/02/2026;01:20:00;24852.75;24854.5;24849.75;24851.0;31
24/02/2026;01:21:00;24851.5;24853.75;24848.25;24850.25;57
24/02/2026;01:22:00;24849.75;24852.5;24849.75;24850.75;18
24/02/2026;01:23:00;24849.5;24849.5;24846.0;24848.75;46
24/02/2026;01:24:00;24848.0;24851.0;24847.75;24851.0;43
24/02/2026;01:25:00;24850.0;24852.0;24847.75;24850.0;15
24/02/2026;01:26:00;24850.25;24853.25;24850.25;24852.25;18
24/02/2026;01:27:00;24853.75;24859.25;24853.75;24859.25;51
24/02/2026;01:28:00;24859.0;24862.0;24858.5;24860.5;89
24/02/2026;01:29:00;24859.25;24860.75;24857.0;24859.75;60
24/02/2026;01:30:00;24861.0;24864.0;24859.75;24862.0;32
24/02/2026;01:31:00;24862.5;24864.0;24858.75;24863.0;49
24/02/2026;01:32:00;24862.5;24868.5;24862.25;24866.5;58
24/02/2026;01:33:00;24866.5;24867.25;24859.5;24860.25;44
24/02/2026;01:34:00;24861.0;24862.5;24858.25;24858.25;44
24/02/2026;01:35:00;24858.25;24858.25;24852.0;24855.25;66
24/02/2026;01:36:00;24854.25;24855.25;24852.0;24852.0;22
24/02/2026;01:37:00;24851.0;24852.75;24850.5;24850.5;33
24/02/2026;01:38:00;24850.5;24851.5;24848.0;24850.75;36
24/02/2026;01:39:00;24850.25;24851.5;24848.75;24849.0;29
24/02/2026;01:40:00;24849.0;24850.0;24847.0;24847.75;32
24/02/2026;01:41:00;24848.25;24852.0;24848.25;24851.25;28
24/02/2026;01:42:00;24850.25;24850.25;24846.75;24847.25;23
24/02/2026;01:43:00;24846.75;24848.25;24833.5;24837.75;193
24/02/2026;01:44:00;24837.25;24837.25;24831.75;24835.25;85
24/02/2026;01:45:00;24835.5;24839.0;24831.5;24833.25;85
24/02/2026;01:46:00;24833.5;24837.0;24833.5;24836.5;28
24/02/2026;01:47:00;24838.0;24838.75;24834.5;24834.5;38
24/02/2026;01:48:00;24834.0;24836.0;24831.5;24833.25;36
24/02/2026;01:49:00;24833.75;24838.0;24833.75;24837.25;34
24/02/2026;01:50:00;24837.0;24845.0;24837.0;24845.0;44
24/02/2026;01:51:00;24846.0;24846.0;24840.25;24842.75;58
24/02/2026;01:52:00;24841.75;24842.25;24839.5;24842.25;20
24/02/2026;01:53:00;24841.75;24845.25;24841.75;24842.5;28
24/02/2026;01:54:00;24842.25;24843.25;24839.5;24839.75;36
24/02/2026;01:55:00;24840.75;24842.5;24840.5;24840.5;17
24/02/2026;01:56:00;24840.5;24840.5;24837.0;24837.0;31
24/02/2026;01:57:00;24836.75;24843.0;24836.5;24839.75;42
24/02/2026;01:58:00;24839.5;24839.5;24833.5;24833.5;24
24/02/2026;01:59:00;24835.0;24839.25;24830.5;24833.25;101
24/02/2026;02:00:00;24834.0;24834.0;24807.25;24811.0;510
24/02/2026;02:01:00;24810.5;24816.75;24801.0;24803.25;254
24/02/2026;02:02:00;24802.5;24811.0;24801.75;24804.5;177
24/02/2026;02:03:00;24805.25;24818.5;24805.25;24811.0;155
24/02/2026;02:04:00;24808.5;24808.5;24792.5;24803.0;430
24/02/2026;02:05:00;24802.75;24811.25;24795.5;24811.25;177
24/02/2026;02:06:00;24811.0;24813.5;24803.25;24807.25;122
24/02/2026;02:07:00;24806.5;24806.75;24796.5;24804.75;155
24/02/2026;02:08:00;24804.0;24806.25;24794.5;24794.75;128
24/02/2026;02:09:00;24793.5;24803.25;24788.0;24803.0;189
24/02/2026;02:10:00;24803.5;24810.5;24792.0;24792.0;275
24/02/2026;02:11:00;24792.0;24794.0;24783.5;24788.25;178
24/02/2026;02:12:00;24788.75;24800.5;24783.75;24799.0;201
24/02/2026;02:13:00;24798.5;24805.5;24796.0;24798.75;167
24/02/2026;02:14:00;24800.5;24800.5;24790.5;24793.25;143
24/02/2026;02:15:00;24792.0;24800.0;24785.75;24790.0;155
24/02/2026;02:16:00;24788.25;24801.0;24778.0;24800.0;440
24/02/2026;02:17:00;24801.5;24809.5;24784.25;24787.75;196
24/02/2026;02:18:00;24786.75;24790.0;24773.5;24780.25;353
24/02/2026;02:19:00;24782.5;24791.25;24780.0;24789.75;95
24/02/2026;02:20:00;24789.0;24793.5;24780.25;24782.75;215
24/02/2026;02:21:00;24781.5;24791.25;24780.5;24791.25;115
24/02/2026;02:22:00;24793.0;24807.75;24793.0;24804.75;192
24/02/2026;02:23:00;24806.5;24814.75;24806.0;24813.5;137
24/02/2026;02:24:00;24813.0;24817.5;24811.0;24811.75;113
24/02/2026;02:25:00;24815.25;24817.5;24808.0;24813.75;77
24/02/2026;02:26:00;24814.0;24816.25;24803.75;24805.25;235
24/02/2026;02:27:00;24806.25;24808.25;24802.0;24806.0;129
24/02/2026;02:28:00;24806.5;24807.5;24803.0;24804.25;120
24/02/2026;02:29:00;24804.0;24808.0;24794.75;24807.25;159
24/02/2026;02:30:00;24809.0;24816.25;24809.0;24816.0;137
24/02/2026;02:31:00;24816.25;24821.25;24813.5;24815.25;110
24/02/2026;02:32:00;24814.75;24814.75;24806.0;24806.0;55
24/02/2026;02:33:00;24804.75;24808.0;24797.25;24797.75;141
24/02/2026;02:34:00;24799.0;24801.25;24794.0;24795.25;112
24/02/2026;02:35:00;24793.75;24796.25;24780.0;24781.25;172
24/02/2026;02:36:00;24780.25;24788.0;24779.0;24787.0;124
24/02/2026;02:37:00;24787.75;24796.0;24783.75;24794.0;92
24/02/2026;02:38:00;24794.0;24795.75;24788.0;24790.5;74
24/02/2026;02:39:00;24789.75;24798.75;24789.25;24796.25;76
24/02/2026;02:40:00;24797.0;24797.0;24792.0;24794.25;74
24/02/2026;02:41:00;24794.75;24795.25;24786.25;24791.5;79
24/02/2026;02:42:00;24790.75;24790.75;24782.5;24784.0;68
24/02/2026;02:43:00;24783.75;24784.25;24776.0;24783.75;99
24/02/2026;02:44:00;24785.0;24788.25;24781.75;24787.5;49
24/02/2026;02:45:00;24786.0;24788.0;24784.0;24786.75;42
24/02/2026;02:46:00;24784.25;24788.5;24781.0;24781.25;69
24/02/2026;02:47:00;24781.25;24781.25;24771.0;24771.5;216
24/02/2026;02:48:00;24771.25;24774.25;24765.25;24765.75;261
24/02/2026;02:49:00;24766.75;24770.0;24761.5;24762.75;177
24/02/2026;02:50:00;24763.75;24769.0;24762.0;24766.5;116
24/02/2026;02:51:00;24766.75;24770.75;24762.0;24763.25;103
24/02/2026;02:52:00;24763.5;24767.25;24761.0;24765.5;103
24/02/2026;02:53:00;24766.0;24773.5;24765.75;24771.25;107
24/02/2026;02:54:00;24771.25;24771.75;24764.75;24770.75;100
24/02/2026;02:55:00;24772.0;24785.5;24771.75;24785.5;152
24/02/2026;02:56:00;24785.75;24792.0;24782.5;24789.25;118
24/02/2026;02:57:00;24791.5;24792.0;24787.5;24790.5;53
24/02/2026;02:58:00;24791.25;24795.25;24788.5;24792.25;133
24/02/2026;02:59:00;24790.75;24797.75;24789.25;24791.75;101
24/02/2026;03:00:00;24791.25;24802.0;24788.25;24795.25;204
24/02/2026;03:01:00;24795.75;24804.75;24789.25;24803.0;169
24/02/2026;03:02:00;24803.25;24812.75;24802.25;24812.25;134
24/02/2026;03:03:00;24812.5;24815.5;24806.0;24807.0;128
24/02/2026;03:04:00;24806.75;24809.25;24801.0;24803.25;93
24/02/2026;03:05:00;24803.0;24807.0;24797.25;24799.25;116
24/02/2026;03:06:00;24801.25;24805.25;24800.0;24804.75;74
24/02/2026;03:07:00;24804.0;24806.75;24799.25;24806.75;103
24/02/2026;03:08:00;24808.0;24811.5;24803.75;24810.25;63
24/02/2026;03:09:00;24810.5;24818.75;24808.5;24815.75;171
24/02/2026;03:10:00;24815.0;24817.5;24811.25;24815.5;90
24/02/2026;03:11:00;24815.75;24820.0;24811.75;24819.0;65
24/02/2026;03:12:00;24820.0;24825.0;24816.75;24824.75;122
24/02/2026;03:13:00;24825.0;24828.5;24819.5;24826.75;186
24/02/2026;03:14:00;24827.25;24838.5;24824.25;24837.5;301
24/02/2026;03:15:00;24837.25;24838.25;24831.5;24834.25;91
24/02/2026;03:16:00;24833.75;24843.0;24831.75;24839.0;129
24/02/2026;03:17:00;24838.75;24839.5;24835.75;24837.25;35
24/02/2026;03:18:00;24837.75;24840.75;24833.5;24835.25;89
24/02/2026;03:19:00;24834.25;24834.75;24827.25;24828.0;86
24/02/2026;03:20:00;24829.25;24833.25;24827.5;24833.25;89
24/02/2026;03:21:00;24832.25;24833.0;24827.0;24830.75;73
24/02/2026;03:22:00;24831.25;24831.75;24826.75;24826.75;69
24/02/2026;03:23:00;24826.75;24830.5;24822.0;24824.5;194
24/02/2026;03:24:00;24821.25;24827.25;24821.0;24825.75;190
24/02/2026;03:25:00;24826.0;24830.0;24823.5;24830.0;81
24/02/2026;03:26:00;24829.25;24833.0;24823.5;24824.75;115
24/02/2026;03:27:00;24824.75;24830.5;24824.0;24825.75;84
24/02/2026;03:28:00;24824.75;24827.25;24820.75;24827.0;97
24/02/2026;03:29:00;24828.0;24828.25;24822.5;24825.25;119
24/02/2026;03:30:00;24825.0;24825.75;24820.0;24820.25;106
24/02/2026;03:31:00;24820.25;24821.0;24815.0;24815.5;139
24/02/2026;03:32:00;24815.75;24817.5;24807.0;24809.5;271
24/02/2026;03:33:00;24809.0;24813.5;24809.0;24811.0;101
24/02/2026;03:34:00;24812.75;24812.75;24806.5;24806.5;66
24/02/2026;03:35:00;24806.25;24806.75;24794.25;24794.25;243
24/02/2026;03:36:00;24794.25;24815.5;24794.25;24814.0;350
24/02/2026;03:37:00;24812.5;24815.0;24810.0;24810.0;49
24/02/2026;03:38:00;24811.25;24814.25;24807.25;24814.25;31
24/02/2026;03:39:00;24814.25;24821.0;24812.75;24820.0;87
24/02/2026;03:40:00;24821.0;24827.75;24819.75;24826.75;137
24/02/2026;03:41:00;24826.5;24828.25;24820.5;24826.5;93
24/02/2026;03:42:00;24826.0;24827.75;24823.5;24826.75;134
24/02/2026;03:43:00;24827.0;24830.0;24826.0;24828.5;75
24/02/2026;03:44:00;24828.5;24829.5;24825.0;24828.5;51
24/02/2026;03:45:00;24830.0;24831.75;24826.25;24826.25;36
24/02/2026;03:46:00;24825.5;24828.75;24822.25;24825.5;74
24/02/2026;03:47:00;24825.75;24831.0;24825.25;24831.0;32
24/02/2026;03:48:00;24830.75;24837.0;24830.5;24836.25;70
24/02/2026;03:49:00;24836.25;24839.25;24833.75;24837.0;53
24/02/2026;03:50:00;24838.0;24843.75;24838.0;24841.5;73
24/02/2026;03:51:00;24842.25;24842.25;24836.25;24839.25;61
24/02/2026;03:52:00;24840.25;24840.75;24835.25;24835.25;66
24/02/2026;03:53:00;24835.0;24838.5;24834.0;24837.5;102
24/02/2026;03:54:00;24837.5;24839.75;24837.5;24838.75;32
24/02/2026;03:55:00;24838.75;24842.25;24837.75;24840.0;142
24/02/2026;03:56:00;24840.0;24847.5;24840.0;24846.25;114
24/02/2026;03:57:00;24846.0;24848.0;24844.5;24847.0;59
24/02/2026;03:58:00;24847.0;24847.0;24844.75;24846.0;55
24/02/2026;03:59:00;24845.75;24847.25;24845.0;24846.5;42
24/02/2026;04:00:00;24847.0;24849.25;24845.0;24849.25;58
24/02/2026;04:01:00;24848.75;24857.0;24848.75;24856.0;128
24/02/2026;04:02:00;24856.5;24859.25;24855.5;24856.0;125
24/02/2026;04:03:00;24856.25;24862.75;24853.75;24862.75;142
24/02/2026;04:04:00;24862.75;24864.5;24860.75;24864.25;64
24/02/2026;04:05:00;24864.0;24865.5;24857.75;24858.75;198
24/02/2026;04:06:00;24857.5;24857.5;24851.0;24853.25;141
24/02/2026;04:07:00;24853.25;24853.25;24845.5;24845.75;156
24/02/2026;04:08:00;24846.0;24849.25;24844.5;24849.0;62
24/02/2026;04:09:00;24848.75;24851.75;24847.0;24847.75;144
24/02/2026;04:10:00;24848.75;24850.0;24844.0;24844.5;92
24/02/2026;04:11:00;24844.0;24849.25;24843.75;24849.0;59
24/02/2026;04:12:00;24848.75;24850.25;24846.75;24847.5;55
24/02/2026;04:13:00;24848.0;24848.25;24843.75;24847.0;42
24/02/2026;04:14:00;24845.25;24845.25;24842.25;24842.5;22
24/02/2026;04:15:00;24842.75;24842.75;24834.5;24836.5;170
24/02/2026;04:16:00;24836.0;24840.25;24835.75;24838.5;63
24/02/2026;04:17:00;24838.0;24840.25;24836.0;24840.25;35
24/02/2026;04:18:00;24840.5;24843.5;24839.25;24841.5;66
24/02/2026;04:19:00;24842.0;24848.5;24842.0;24846.25;51
24/02/2026;04:20:00;24845.75;24847.25;24842.5;24842.5;58
24/02/2026;04:21:00;24842.75;24842.75;24839.5;24840.0;45
24/02/2026;04:22:00;24839.25;24844.5;24838.5;24842.25;50
24/02/2026;04:23:00;24842.75;24845.25;24842.0;24844.25;26
24/02/2026;04:24:00;24845.75;24846.5;24839.75;24840.75;63
24/02/2026;04:25:00;24840.0;24843.5;24838.0;24843.0;126
24/02/2026;04:26:00;24843.5;24845.0;24839.5;24841.75;46
24/02/2026;04:27:00;24840.5;24841.25;24838.0;24838.25;32
24/02/2026;04:28:00;24838.0;24839.25;24835.0;24836.5;87
24/02/2026;04:29:00;24837.5;24840.5;24836.5;24840.0;86
24/02/2026;04:30:00;24841.5;24843.0;24837.5;24839.75;64
24/02/2026;04:31:00;24838.5;24842.0;24837.75;24838.0;19
24/02/2026;04:32:00;24837.5;24838.25;24832.75;24835.0;46
24/02/2026;04:33:00;24836.5;24836.5;24830.75;24833.0;66
24/02/2026;04:34:00;24833.0;24837.75;24833.0;24834.25;54
24/02/2026;04:35:00;24834.0;24844.0;24834.0;24843.25;94
24/02/2026;04:36:00;24843.75;24847.0;24840.5;24841.25;62
24/02/2026;04:37:00;24841.75;24842.0;24835.25;24836.0;36
24/02/2026;04:38:00;24837.25;24837.5;24832.25;24832.5;29
24/02/2026;04:39:00;24832.75;24835.5;24832.5;24832.5;65
24/02/2026;04:40:00;24832.0;24834.25;24831.5;24831.5;42
24/02/2026;04:41:00;24831.75;24832.25;24826.5;24829.5;173
24/02/2026;04:42:00;24831.25;24839.5;24830.25;24839.5;70
24/02/2026;04:43:00;24840.0;24842.25;24836.5;24840.0;66
24/02/2026;04:44:00;24841.0;24844.5;24839.5;24843.75;77
24/02/2026;04:45:00;24843.5;24843.75;24840.75;24842.25;29
24/02/2026;04:46:00;24842.0;24842.5;24835.75;24838.0;31
24/02/2026;04:47:00;24838.5;24839.0;24832.0;24832.25;40
24/02/2026;04:48:00;24831.5;24831.5;24826.0;24828.25;70
24/02/2026;04:49:00;24828.0;24832.25;24828.0;24829.5;39
24/02/2026;04:50:00;24830.5;24834.5;24828.25;24828.75;63
24/02/2026;04:51:00;24830.75;24833.75;24825.75;24829.75;61
24/02/2026;04:52:00;24828.5;24833.5;24828.5;24833.0;25
24/02/2026;04:53:00;24834.25;24834.5;24830.25;24832.75;28
24/02/2026;04:54:00;24833.5;24841.5;24833.25;24839.75;40
24/02/2026;04:55:00;24841.0;24842.25;24836.5;24841.75;39
24/02/2026;04:56:00;24842.0;24842.5;24837.25;24839.0;46
24/02/2026;04:57:00;24840.25;24842.5;24838.75;24842.5;16
24/02/2026;04:58:00;24841.75;24843.5;24841.25;24841.25;20
24/02/2026;04:59:00;24839.75;24842.0;24838.5;24842.0;24
24/02/2026;05:00:00;24842.5;24849.0;24838.25;24841.75;186
24/02/2026;05:01:00;24842.5;24843.25;24835.25;24836.75;78
24/02/2026;05:02:00;24837.0;24839.5;24834.0;24838.25;66
24/02/2026;05:03:00;24839.0;24853.25;24838.5;24852.5;114
24/02/2026;05:04:00;24852.0;24852.75;24845.5;24846.5;63
24/02/2026;05:05:00;24846.75;24848.0;24842.0;24847.0;88
24/02/2026;05:06:00;24846.75;24848.5;24844.75;24847.0;76
24/02/2026;05:07:00;24846.75;24848.5;24845.0;24848.5;46
24/02/2026;05:08:00;24847.5;24847.5;24841.0;24841.0;35
24/02/2026;05:09:00;24841.25;24841.5;24830.75;24830.75;154
24/02/2026;05:10:00;24830.0;24833.5;24827.75;24831.75;151
24/02/2026;05:11:00;24832.25;24837.5;24831.5;24833.75;62
24/02/2026;05:12:00;24833.75;24834.0;24830.25;24832.25;31
24/02/2026;05:13:00;24833.25;24833.25;24830.0;24830.25;23
24/02/2026;05:14:00;24830.25;24831.5;24822.75;24824.5;118
24/02/2026;05:15:00;24825.5;24828.75;24820.75;24828.5;156
24/02/2026;05:16:00;24829.0;24831.0;24824.75;24829.5;103
24/02/2026;05:17:00;24830.25;24831.5;24827.75;24831.0;70
24/02/2026;05:18:00;24830.75;24832.75;24824.25;24827.25;70
24/02/2026;05:19:00;24826.75;24826.75;24822.0;24825.75;49
24/02/2026;05:20:00;24825.75;24827.25;24820.25;24823.25;55
24/02/2026;05:21:00;24821.75;24824.0;24820.0;24822.0;72
24/02/2026;05:22:00;24821.5;24823.75;24817.5;24819.0;78
24/02/2026;05:23:00;24819.0;24819.5;24814.25;24816.75;66
24/02/2026;05:24:00;24816.0;24821.25;24815.75;24818.25;71
24/02/2026;05:25:00;24817.5;24824.75;24816.0;24823.5;80
24/02/2026;05:26:00;24823.0;24824.25;24819.75;24820.75;41
24/02/2026;05:27:00;24821.25;24822.0;24818.25;24819.75;21
24/02/2026;05:28:00;24819.5;24821.5;24818.0;24819.5;62
24/02/2026;05:29:00;24819.0;24822.5;24818.5;24822.25;68
24/02/2026;05:30:00;24822.0;24825.75;24820.5;24824.75;43
24/02/2026;05:31:00;24824.75;24828.25;24824.0;24825.25;56
24/02/2026;05:32:00;24825.75;24826.25;24823.5;24826.25;27
24/02/2026;05:33:00;24825.5;24825.5;24821.25;24823.25;42
24/02/2026;05:34:00;24824.25;24825.25;24817.0;24817.0;94
24/02/2026;05:35:00;24816.75;24817.5;24808.75;24815.75;207
24/02/2026;05:36:00;24815.75;24822.0;24814.25;24821.0;70
24/02/2026;05:37:00;24821.25;24821.5;24817.75;24818.25;122
24/02/2026;05:38:00;24816.5;24819.5;24814.5;24818.0;68
24/02/2026;05:39:00;24817.0;24817.25;24811.0;24811.75;81
24/02/2026;05:40:00;24811.0;24814.0;24809.0;24811.25;50
24/02/2026;05:41:00;24812.75;24816.0;24811.75;24815.0;76
24/02/2026;05:42:00;24814.0;24815.75;24812.25;24813.0;57
24/02/2026;05:43:00;24813.75;24817.75;24813.5;24817.0;39
24/02/2026;05:44:00;24816.0;24822.0;24815.75;24819.0;80
24/02/2026;05:45:00;24819.0;24829.25;24818.75;24829.25;91
24/02/2026;05:46:00;24829.25;24830.25;24825.75;24825.75;63
24/02/2026;05:47:00;24825.75;24825.75;24822.25;24822.5;24
24/02/2026;05:48:00;24821.5;24823.75;24817.75;24822.25;68
24/02/2026;05:49:00;24821.75;24821.75;24816.0;24816.5;30
24/02/2026;05:50:00;24816.25;24821.25;24813.5;24821.0;58
24/02/2026;05:51:00;24821.25;24822.5;24812.0;24815.5;61
24/02/2026;05:52:00;24817.0;24821.5;24817.0;24817.25;52
24/02/2026;05:53:00;24817.25;24817.5;24814.75;24814.75;22
24/02/2026;05:54:00;24815.75;24819.5;24814.75;24816.5;39
24/02/2026;05:55:00;24818.0;24822.0;24815.75;24821.25;52
24/02/2026;05:56:00;24821.5;24825.0;24820.25;24824.75;52
24/02/2026;05:57:00;24825.25;24828.5;24817.25;24827.5;191
24/02/2026;05:58:00;24827.0;24834.0;24827.0;24829.25;177
24/02/2026;05:59:00;24830.25;24834.0;24829.75;24833.0;48
24/02/2026;06:00:00;24832.5;24859.0;24828.5;24848.5;1203
24/02/2026;06:01:00;24847.75;24857.75;24842.0;24855.0;434
24/02/2026;06:02:00;24856.0;24871.5;24853.0;24870.25;456
24/02/2026;06:03:00;24870.0;24877.75;24868.25;24872.0;431
24/02/2026;06:04:00;24871.5;24874.25;24859.75;24870.25;543
24/02/2026;06:05:00;24871.0;24885.0;24869.25;24884.5;399
24/02/2026;06:06:00;24884.25;24902.25;24884.25;24890.75;842
24/02/2026;06:07:00;24890.25;24891.0;24881.5;24882.75;335
24/02/2026;06:08:00;24882.75;24885.5;24876.25;24880.5;234
24/02/2026;06:09:00;24878.25;24883.25;24870.0;24874.75;447
24/02/2026;06:10:00;24873.5;24875.5;24862.75;24863.75;213
24/02/2026;06:11:00;24863.0;24867.25;24861.25;24862.25;181
24/02/2026;06:12:00;24863.5;24880.5;24863.0;24879.5;166
24/02/2026;06:13:00;24879.5;24884.0;24871.25;24882.0;243
24/02/2026;06:14:00;24882.25;24883.0;24871.25;24872.25;147
24/02/2026;06:15:00;24871.75;24873.5;24863.0;24865.25;213
24/02/2026;06:16:00;24864.5;24865.25;24854.0;24854.0;183
24/02/2026;06:17:00;24855.5;24861.75;24854.0;24856.5;129
24/02/2026;06:18:00;24855.0;24855.25;24847.75;24855.0;176
24/02/2026;06:19:00;24853.75;24854.0;24847.75;24851.25;86
24/02/2026;06:20:00;24850.0;24853.25;24847.25;24847.25;99
24/02/2026;06:21:00;24848.5;24850.5;24842.75;24848.25;102
24/02/2026;06:22:00;24847.75;24851.75;24844.0;24851.25;68
24/02/2026;06:23:00;24852.0;24854.25;24836.0;24837.75;331
24/02/2026;06:24:00;24838.25;24844.75;24834.0;24843.75;150
24/02/2026;06:25:00;24843.5;24849.5;24841.5;24842.0;203
24/02/2026;06:26:00;24842.5;24848.75;24841.75;24847.75;87
24/02/2026;06:27:00;24848.5;24854.25;24846.5;24850.25;136
24/02/2026;06:28:00;24849.75;24850.75;24838.75;24845.5;126
24/02/2026;06:29:00;24844.75;24847.25;24839.5;24840.75;51
24/02/2026;06:30:00;24840.0;24845.25;24837.0;24842.5;233
24/02/2026;06:31:00;24843.0;24847.25;24840.25;24842.5;104
24/02/2026;06:32:00;24841.0;24844.25;24835.5;24843.25;125
24/02/2026;06:33:00;24841.75;24843.25;24835.75;24840.5;168
24/02/2026;06:34:00;24841.0;24843.0;24829.5;24831.25;193
24/02/2026;06:35:00;24830.5;24837.25;24822.5;24833.25;490
24/02/2026;06:36:00;24833.75;24834.75;24821.75;24825.75;184
24/02/2026;06:37:00;24824.75;24829.25;24821.0;24827.25;249
24/02/2026;06:38:00;24827.0;24831.0;24824.75;24829.0;110
24/02/2026;06:39:00;24828.0;24830.0;24818.0;24820.25;198
24/02/2026;06:40:00;24820.25;24821.0;24804.0;24805.75;467
24/02/2026;06:41:00;24805.5;24816.75;24804.0;24807.0;383
24/02/2026;06:42:00;24806.75;24812.75;24800.0;24810.5;284
24/02/2026;06:43:00;24811.0;24811.25;24802.75;24809.0;142
24/02/2026;06:44:00;24810.0;24819.5;24809.0;24819.5;242
24/02/2026;06:45:00;24818.0;24819.0;24809.0;24814.25;185
24/02/2026;06:46:00;24811.75;24816.25;24804.75;24804.75;193
24/02/2026;06:47:00;24805.0;24811.75;24798.75;24806.0;291
24/02/2026;06:48:00;24805.75;24807.75;24795.25;24798.25;195
24/02/2026;06:49:00;24800.0;24804.25;24798.5;24800.5;188
24/02/2026;06:50:00;24801.0;24814.5;24800.25;24809.75;224
24/02/2026;06:51:00;24811.0;24812.25;24800.0;24800.0;195
24/02/2026;06:52:00;24800.5;24812.25;24797.0;24812.25;178
24/02/2026;06:53:00;24811.0;24818.75;24809.25;24815.5;251
24/02/2026;06:54:00;24816.0;24824.0;24816.0;24821.25;240
24/02/2026;06:55:00;24820.5;24821.5;24812.75;24814.75;170
24/02/2026;06:56:00;24817.25;24820.75;24814.25;24817.0;89
24/02/2026;06:57:00;24817.75;24823.0;24817.25;24820.25;121
24/02/2026;06:58:00;24820.0;24822.0;24814.75;24815.5;55
24/02/2026;06:59:00;24815.75;24818.0;24810.75;24816.25;114
24/02/2026;07:00:00;24816.75;24829.75;24814.25;24828.25;437
24/02/2026;07:01:00;24828.25;24837.75;24824.0;24832.25;467
24/02/2026;07:02:00;24832.25;24834.25;24823.25;24824.25;187
24/02/2026;07:03:00;24823.25;24833.25;24820.0;24827.75;292
24/02/2026;07:04:00;24828.25;24840.5;24825.5;24833.0;153
24/02/2026;07:05:00;24832.75;24832.75;24826.0;24826.5;154
24/02/2026;07:06:00;24828.75;24833.25;24824.5;24826.0;146
24/02/2026;07:07:00;24824.0;24832.25;24822.75;24831.0;317
24/02/2026;07:08:00;24830.25;24839.75;24830.25;24837.0;176
24/02/2026;07:09:00;24837.25;24841.25;24819.25;24835.5;478
24/02/2026;07:10:00;24835.25;24836.5;24824.5;24834.25;196
24/02/2026;07:11:00;24834.75;24839.25;24833.5;24836.5;125
24/02/2026;07:12:00;24836.25;24839.0;24826.75;24827.0;109
24/02/2026;07:13:00;24827.5;24827.5;24820.75;24823.75;151
24/02/2026;07:14:00;24824.25;24827.0;24820.75;24827.0;88
24/02/2026;07:15:00;24826.0;24830.75;24823.75;24828.5;114
24/02/2026;07:16:00;24829.0;24830.0;24823.5;24828.75;171
24/02/2026;07:17:00;24828.75;24830.75;24825.5;24830.75;80
24/02/2026;07:18:00;24831.0;24837.0;24829.75;24834.5;151
24/02/2026;07:19:00;24835.5;24848.0;24833.5;24841.75;323
24/02/2026;07:20:00;24842.0;24845.25;24834.0;24837.5;266
24/02/2026;07:21:00;24836.25;24838.0;24830.25;24831.5;143
24/02/2026;07:22:00;24831.25;24841.25;24828.5;24841.0;131
24/02/2026;07:23:00;24842.25;24842.75;24833.75;24837.5;156
24/02/2026;07:24:00;24837.25;24847.25;24835.75;24846.5;142
24/02/2026;07:25:00;24847.5;24858.25;24846.75;24853.0;325
24/02/2026;07:26:00;24853.0;24854.0;24845.0;24851.0;179
24/02/2026;07:27:00;24851.75;24853.25;24846.75;24852.5;102
24/02/2026;07:28:00;24852.0;24856.0;24849.5;24855.25;109
24/02/2026;07:29:00;24855.25;24858.5;24854.25;24857.0;104
24/02/2026;07:30:00;24857.5;24870.25;24857.0;24867.0;383
24/02/2026;07:31:00;24868.0;24869.0;24859.5;24864.0;251
24/02/2026;07:32:00;24864.0;24865.25;24854.0;24856.5;164
24/02/2026;07:33:00;24855.25;24856.25;24849.0;24855.0;126
24/02/2026;07:34:00;24856.0;24860.25;24853.5;24857.5;106
24/02/2026;07:35:00;24858.25;24860.0;24851.25;24857.75;87
24/02/2026;07:36:00;24856.75;24856.75;24849.75;24849.75;107
24/02/2026;07:37:00;24851.0;24855.75;24850.5;24850.75;89
24/02/2026;07:38:00;24851.5;24853.0;24847.25;24851.0;97
24/02/2026;07:39:00;24849.75;24851.25;24840.5;24843.25;258
24/02/2026;07:40:00;24842.75;24847.75;24838.25;24845.0;197
24/02/2026;07:41:00;24844.5;24862.0;24844.5;24861.0;286
24/02/2026;07:42:00;24860.0;24868.25;24859.5;24864.75;237
24/02/2026;07:43:00;24864.75;24876.5;24862.75;24876.5;348
24/02/2026;07:44:00;24876.0;24876.75;24870.0;24871.75;192
24/02/2026;07:45:00;24872.5;24876.25;24870.0;24870.75;231
24/02/2026;07:46:00;24870.75;24874.25;24870.0;24872.0;146
24/02/2026;07:47:00;24872.25;24876.5;24870.75;24875.0;151
24/02/2026;07:48:00;24875.0;24887.0;24874.5;24887.0;413
24/02/2026;07:49:00;24887.5;24889.25;24875.0;24877.25;241
24/02/2026;07:50:00;24877.25;24877.5;24872.25;24874.75;138
24/02/2026;07:51:00;24875.25;24883.5;24872.0;24872.0;222
24/02/2026;07:52:00;24872.5;24875.25;24870.0;24873.5;345
24/02/2026;07:53:00;24874.25;24876.25;24871.75;24874.75;115
24/02/2026;07:54:00;24875.75;24880.5;24871.25;24879.5;241
24/02/2026;07:55:00;24879.75;24892.0;24878.5;24885.25;475
24/02/2026;07:56:00;24886.0;24887.5;24882.0;24884.0;182
24/02/2026;07:57:00;24884.75;24885.75;24877.25;24883.5;118
24/02/2026;07:58:00;24883.25;24885.5;24878.0;24880.0;86
24/02/2026;07:59:00;24879.75;24880.75;24876.25;24877.25;73
24/02/2026;08:00:00;24876.75;24878.5;24872.5;24876.5;300
24/02/2026;08:01:00;24876.5;24877.75;24871.25;24873.25;208
24/02/2026;08:02:00;24873.75;24878.75;24870.25;24877.0;163
24/02/2026;08:03:00;24877.25;24878.0;24870.0;24871.75;224
24/02/2026;08:04:00;24871.0;24872.0;24860.75;24863.25;504
24/02/2026;08:05:00;24863.5;24868.0;24861.75;24864.25;173
24/02/2026;08:06:00;24865.25;24868.75;24859.0;24867.5;248
24/02/2026;08:07:00;24867.75;24868.75;24861.75;24864.5;143
24/02/2026;08:08:00;24864.0;24864.0;24856.25;24863.25;224
24/02/2026;08:09:00;24863.0;24864.0;24859.75;24860.0;95
24/02/2026;08:10:00;24859.25;24860.25;24854.0;24855.0;127
24/02/2026;08:11:00;24853.75;24864.5;24853.5;24861.25;356
24/02/2026;08:12:00;24861.75;24862.75;24856.0;24856.0;159
24/02/2026;08:13:00;24856.25;24858.5;24848.25;24848.75;220
24/02/2026;08:14:00;24849.5;24852.75;24844.75;24852.75;257
24/02/2026;08:15:00;24853.0;24853.25;24845.75;24849.75;208
24/02/2026;08:16:00;24850.25;24854.5;24848.5;24849.0;141
24/02/2026;08:17:00;24848.0;24848.75;24845.0;24846.0;88
24/02/2026;08:18:00;24846.25;24848.25;24840.5;24841.75;271
24/02/2026;08:19:00;24842.5;24843.0;24834.0;24836.25;501
24/02/2026;08:20:00;24836.0;24838.75;24831.75;24836.25;318
24/02/2026;08:21:00;24837.25;24841.25;24835.5;24835.75;298
24/02/2026;08:22:00;24836.0;24837.0;24829.5;24831.5;170
24/02/2026;08:23:00;24831.25;24833.0;24826.25;24830.0;247
24/02/2026;08:24:00;24830.25;24833.75;24827.25;24829.5;175
24/02/2026;08:25:00;24829.5;24834.5;24819.25;24826.25;453
24/02/2026;08:26:00;24826.0;24829.25;24821.5;24826.75;203
24/02/2026;08:27:00;24827.0;24831.75;24818.0;24820.25;630
24/02/2026;08:28:00;24820.0;24824.0;24811.75;24819.5;621
24/02/2026;08:29:00;24819.0;24819.0;24797.25;24804.75;1450
24/02/2026;08:30:00;24805.0;24826.0;24788.75;24812.5;5312
24/02/2026;08:31:00;24812.75;24821.25;24753.75;24765.75;4662
24/02/2026;08:32:00;24766.0;24785.5;24756.25;24768.75;2995
24/02/2026;08:33:00;24768.25;24772.5;24719.25;24722.25;3537
24/02/2026;08:34:00;24721.75;24746.75;24708.75;24739.0;3622
24/02/2026;08:35:00;24739.0;24747.0;24720.0;24736.5;3333
24/02/2026;08:36:00;24735.0;24738.5;24696.25;24720.5;3684
24/02/2026;08:37:00;24720.75;24728.25;24694.5;24723.0;2960
24/02/2026;08:38:00;24722.25;24807.5;24719.75;24797.0;4559
24/02/2026;08:39:00;24797.0;24815.5;24793.25;24803.0;3262
24/02/2026;08:40:00;24803.75;24843.5;24800.75;24838.75;4170
24/02/2026;08:41:00;24839.0;24869.5;24837.0;24864.5;3452
24/02/2026;08:42:00;24864.75;24872.75;24844.5;24861.0;2558
24/02/2026;08:43:00;24862.25;24877.25;24852.5;24866.25;2068
24/02/2026;08:44:00;24866.75;24913.0;24866.75;24910.75;3198
24/02/2026;08:45:00;24911.25;24924.5;24904.75;24922.0;3467
24/02/2026;08:46:00;24922.5;24938.25;24912.75;24917.5;3620
24/02/2026;08:47:00;24918.25;24943.5;24918.0;24939.75;3016
24/02/2026;08:48:00;24940.25;24964.25;24928.0;24930.0;5089
24/02/2026;08:49:00;24930.75;24952.5;24929.5;24943.5;2421
24/02/2026;08:50:00;24943.5;24949.25;24915.5;24921.5;2802
24/02/2026;08:51:00;24921.25;24935.25;24911.25;24924.5;2600
24/02/2026;08:52:00;24925.0;24940.0;24919.0;24935.5;1788
24/02/2026;08:53:00;24934.75;24934.75;24901.5;24912.75;2107
24/02/2026;08:54:00;24913.25;24925.0;24904.75;24914.25;2158
24/02/2026;08:55:00;24913.5;24914.25;24877.0;24880.5;2810
24/02/2026;08:56:00;24880.75;24886.75;24861.75;24870.25;1993
24/02/2026;08:57:00;24870.5;24899.75;24864.5;24874.75;2084
24/02/2026;08:58:00;24874.25;24883.75;24865.0;24869.0;1258
24/02/2026;08:59:00;24869.75;24882.5;24861.25;24877.25;976
24/02/2026;09:00:00;24878.5;24880.0;24819.5;24831.25;3596
24/02/2026;09:01:00;24831.75;24854.5;24826.25;24849.5;2022
24/02/2026;09:02:00;24850.0;24868.25;24835.25;24864.0;1872
24/02/2026;09:03:00;24864.75;24877.75;24846.0;24860.0;2142
24/02/2026;09:04:00;24860.0;24861.5;24836.75;24841.25;1325
24/02/2026;09:05:00;24840.5;24863.5;24837.75;24856.0;1164
24/02/2026;09:06:00;24857.0;24896.5;24849.25;24877.25;2121
24/02/2026;09:07:00;24878.75;24879.0;24838.5;24857.25;2398
24/02/2026;09:08:00;24858.5;24879.0;24852.25;24875.75;1250
24/02/2026;09:09:00;24876.25;24906.5;24868.25;24899.0;2387
24/02/2026;09:10:00;24899.75;24919.75;24885.0;24897.5;2021
24/02/2026;09:11:00;24897.25;24923.75;24896.5;24915.0;1572
24/02/2026;09:12:00;24915.75;24918.75;24891.0;24893.75;1220
24/02/2026;09:13:00;24895.0;24908.5;24862.25;24864.75;1998
24/02/2026;09:14:00;24864.0;24870.25;24853.25;24865.75;1437
24/02/2026;09:15:00;24866.0;24870.5;24853.75;24861.5;1294
24/02/2026;09:16:00;24861.75;24890.75;24861.75;24870.5;1424
24/02/2026;09:17:00;24869.25;24880.75;24864.5;24871.5;869
24/02/2026;09:18:00;24870.75;24878.0;24853.75;24873.0;1272
24/02/2026;09:19:00;24872.5;24905.0;24869.75;24894.0;1752
24/02/2026;09:20:00;24893.25;24916.75;24888.0;24915.5;1825
24/02/2026;09:21:00;24915.0;24936.0;24913.25;24920.0;2418
24/02/2026;09:22:00;24920.25;24945.5;24918.0;24936.25;1645
24/02/2026;09:23:00;24936.0;24953.0;24918.0;24947.0;1901
24/02/2026;09:24:00;24947.5;24952.25;24937.25;24948.75;1176
24/02/2026;09:25:00;24949.75;24958.0;24934.75;24952.0;1734
24/02/2026;09:26:00;24951.75;24975.5;24943.5;24972.5;3437
24/02/2026;09:27:00;24972.0;24991.5;24970.25;24989.0;2175
24/02/2026;09:28:00;24988.75;25003.0;24980.25;25001.0;2284
24/02/2026;09:29:00;25001.0;25014.5;24993.0;25011.75;2007
24/02/2026;09:30:00;25011.25;25021.0;25009.75;25016.25;2613
24/02/2026;09:31:00;25016.75;25022.75;24999.5;25005.25;3077
24/02/2026;09:32:00;25005.5;25024.0;25000.25;25018.75;1445
24/02/2026;09:33:00;25019.25;25022.0;25008.25;25011.5;1497
24/02/2026;09:34:00;25012.0;25016.0;24998.0;25009.75;1952
24/02/2026;09:35:00;25009.75;25012.25;24987.25;24992.0;1918
24/02/2026;09:36:00;24992.75;25009.5;24986.75;25005.0;1611
24/02/2026;09:37:00;25005.25;25011.75;25001.0;25008.75;991
24/02/2026;09:38:00;25008.75;25009.5;24990.5;25000.75;1021
24/02/2026;09:39:00;25001.25;25009.5;24992.25;25000.75;1333
24/02/2026;09:40:00;25000.5;25008.25;24996.0;25007.25;816
24/02/2026;09:41:00;25007.25;25007.75;24994.75;24999.5;664
24/02/2026;09:42:00;24999.75;25014.0;24999.75;25014.0;841
24/02/2026;09:43:00;25014.5;25028.25;25004.0;25025.75;1319
24/02/2026;09:44:00;25026.25;25031.0;25015.0;25017.25;1447
24/02/2026;09:45:00;25017.5;25019.5;24996.0;24997.75;1364
24/02/2026;09:46:00;24998.0;25013.75;24997.75;25008.5;1011
24/02/2026;09:47:00;25009.25;25016.25;24998.75;25008.5;757
24/02/2026;09:48:00;25008.25;25013.25;25002.0;25010.0;578
24/02/2026;09:49:00;25010.25;25013.75;25002.75;25010.5;529
24/02/2026;09:50:00;25009.25;25009.75;24992.0;24997.75;892
24/02/2026;09:51:00;24998.75;25004.0;24990.5;24998.5;908
24/02/2026;09:52:00;24999.0;25000.0;24989.25;24998.5;814
24/02/2026;09:53:00;24998.25;24999.75;24988.0;24995.5;694
24/02/2026;09:54:00;24995.25;24996.0;24980.25;24984.75;1095
24/02/2026;09:55:00;24985.5;24995.5;24983.75;24990.0;873
24/02/2026;09:56:00;24990.5;24993.25;24968.5;24971.75;1529
24/02/2026;09:57:00;24972.25;24989.75;24967.5;24983.75;1253
24/02/2026;09:58:00;24983.25;24985.0;24975.0;24977.25;719
24/02/2026;09:59:00;24978.25;24980.5;24969.0;24976.5;709
24/02/2026;10:00:00;24976.5;24988.25;24974.25;24984.75;1150
24/02/2026;10:01:00;24984.75;24998.0;24981.0;24995.0;1078
24/02/2026;10:02:00;24994.5;25021.75;24994.5;25017.0;1580
24/02/2026;10:03:00;25017.5;25023.25;25010.5;25015.75;1000
24/02/2026;10:04:00;25015.0;25025.75;25012.0;25019.75;835
24/02/2026;10:05:00;25018.75;25032.5;25015.25;25029.0;1353
24/02/2026;10:06:00;25029.25;25030.5;25004.0;25012.25;1269
24/02/2026;10:07:00;25012.25;25020.0;25002.75;25014.75;998
24/02/2026;10:08:00;25014.0;25017.0;25010.0;25010.5;732
24/02/2026;10:09:00;25011.5;25018.0;25006.75;25013.5;807
24/02/2026;10:10:00;25012.75;25016.0;25000.5;25015.5;956
24/02/2026;10:11:00;25015.5;25021.75;25006.0;25019.5;598
24/02/2026;10:12:00;25019.75;25034.75;25019.75;25033.5;1149
24/02/2026;10:13:00;25033.5;25047.25;25030.75;25046.0;1871
24/02/2026;10:14:00;25045.25;25046.75;25030.75;25033.75;1029
24/02/2026;10:15:00;25033.25;25040.75;25026.0;25031.5;1151
24/02/2026;10:16:00;25032.5;25037.75;25022.25;25023.0;862
24/02/2026;10:17:00;25024.0;25024.5;25013.5;25017.25;913
24/02/2026;10:18:00;25016.0;25030.0;25016.0;25024.0;786
24/02/2026;10:19:00;25023.75;25026.5;25017.25;25019.25;523
24/02/2026;10:20:00;25019.25;25019.25;24996.5;24997.75;1699
24/02/2026;10:21:00;24998.25;25012.0;24994.25;25007.0;890
24/02/2026;10:22:00;25006.25;25013.5;24995.0;25011.5;808
24/02/2026;10:23:00;25011.25;25022.75;25008.25;25020.75;968
24/02/2026;10:24:00;25020.5;25021.0;25006.5;25010.5;777
24/02/2026;10:25:00;25009.75;25019.75;25008.5;25016.5;742
24/02/2026;10:26:00;25016.5;25021.5;25011.0;25020.0;548
24/02/2026;10:27:00;25020.0;25021.25;25010.0;25019.25;574
24/02/2026;10:28:00;25019.0;25019.5;25006.5;25015.0;639
24/02/2026;10:29:00;25015.75;25019.75;25008.0;25014.25;554
24/02/2026;10:30:00;25015.25;25016.25;24987.75;24988.25;1533
24/02/2026;10:31:00;24988.0;24989.0;24971.75;24984.75;1954
24/02/2026;10:32:00;24985.0;24989.0;24980.0;24981.0;1018
24/02/2026;10:33:00;24980.75;24981.25;24972.0;24974.25;898
24/02/2026;10:34:00;24974.75;24979.75;24969.25;24972.5;746
24/02/2026;10:35:00;24973.0;24995.75;24970.25;24986.5;1219
24/02/2026;10:36:00;24986.0;24987.25;24972.75;24977.0;810
24/02/2026;10:37:00;24976.75;24991.0;24975.25;24989.25;798
24/02/2026;10:38:00;24989.0;24996.5;24979.75;24996.25;874
24/02/2026;10:39:00;24996.5;24998.25;24987.5;24991.75;627
24/02/2026;10:40:00;24991.75;25006.25;24988.25;25002.75;1047
24/02/2026;10:41:00;25002.0;25007.75;24991.75;25003.5;745
24/02/2026;10:42:00;25003.75;25003.75;24986.0;24987.0;800
24/02/2026;10:43:00;24986.25;24987.75;24977.75;24986.75;840
24/02/2026;10:44:00;24987.0;24995.0;24986.5;24989.25;523
24/02/2026;10:45:00;24988.75;25002.0;24988.75;24991.75;868
24/02/2026;10:46:00;24991.75;24999.0;24986.5;24995.75;493
24/02/2026;10:47:00;24996.0;25017.75;24992.0;25014.75;1547
24/02/2026;10:48:00;25015.25;25016.75;25003.25;25010.5;862
24/02/2026;10:49:00;25011.0;25012.25;25001.5;25008.0;684
24/02/2026;10:50:00;25008.25;25020.75;24999.25;25007.25;1327
24/02/2026;10:51:00;25007.25;25023.5;25006.0;25019.75;763
24/02/2026;10:52:00;25019.0;25019.25;25005.25;25015.0;780
24/02/2026;10:53:00;25014.75;25027.5;25013.5;25025.5;651
24/02/2026;10:54:00;25025.25;25034.0;25023.75;25028.25;1224
24/02/2026;10:55:00;25028.5;25033.0;25021.5;25025.75;595
24/02/2026;10:56:00;25025.75;25030.75;25023.75;25028.5;586
24/02/2026;10:57:00;25028.0;25029.25;25022.5;25025.5;547
24/02/2026;10:58:00;25025.0;25040.75;25024.25;25034.25;826
24/02/2026;10:59:00;25034.75;25037.0;25028.0;25028.75;540
24/02/2026;11:00:00;25028.75;25031.5;25021.25;25022.75;982
24/02/2026;11:01:00;25023.25;25036.25;25023.25;25032.0;717
24/02/2026;11:02:00;25032.75;25035.0;25026.5;25032.0;481
24/02/2026;11:03:00;25031.75;25039.25;25028.25;25035.25;517
24/02/2026;11:04:00;25035.0;25040.75;25027.75;25030.5;592
24/02/2026;11:05:00;25031.25;25040.0;25031.0;25036.0;492
24/02/2026;11:06:00;25036.0;25040.75;25034.0;25039.75;391
24/02/2026;11:07:00;25039.5;25045.5;25036.0;25037.25;722
24/02/2026;11:08:00;25037.5;25039.25;25032.25;25037.75;543
24/02/2026;11:09:00;25038.0;25052.25;25031.0;25050.75;1035
24/02/2026;11:10:00;25050.75;25069.75;25048.75;25063.75;2060
24/02/2026;11:11:00;25063.5;25075.75;25062.0;25075.25;1504
24/02/2026;11:12:00;25075.0;25076.25;25065.5;25070.5;2165
24/02/2026;11:13:00;25070.75;25071.75;25066.0;25068.0;903
24/02/2026;11:14:00;25068.5;25068.75;25054.75;25055.25;991
24/02/2026;11:15:00;25055.5;25066.75;25054.0;25066.25;827
24/02/2026;11:16:00;25066.0;25068.5;25059.0;25059.25;538
24/02/2026;11:17:00;25059.25;25060.75;25055.5;25056.5;554
24/02/2026;11:18:00;25056.0;25060.25;25049.25;25049.25;617
24/02/2026;11:19:00;25049.0;25051.75;25043.25;25050.5;766
24/02/2026;11:20:00;25049.0;25054.25;25047.0;25050.5;521
24/02/2026;11:21:00;25050.25;25061.75;25049.25;25060.0;914
24/02/2026;11:22:00;25060.0;25065.25;25056.0;25060.5;598
24/02/2026;11:23:00;25060.5;25063.25;25057.0;25062.0;502
24/02/2026;11:24:00;25061.75;25065.5;25060.75;25062.5;358
24/02/2026;11:25:00;25062.25;25069.0;25061.0;25068.0;433
24/02/2026;11:26:00;25067.75;25070.0;25062.5;25067.0;480
24/02/2026;11:27:00;25067.5;25074.25;25066.5;25068.75;644
24/02/2026;11:28:00;25068.75;25068.75;25062.0;25063.5;657
24/02/2026;11:29:00;25063.25;25065.75;25056.75;25060.75;560
24/02/2026;11:30:00;25060.25;25061.0;25051.0;25058.0;623
24/02/2026;11:31:00;25057.5;25064.25;25056.5;25062.0;416
24/02/2026;11:32:00;25062.25;25070.0;25061.0;25066.0;519
24/02/2026;11:33:00;25066.0;25066.75;25059.75;25066.75;373
24/02/2026;11:34:00;25066.5;25066.5;25060.0;25061.25;341
24/02/2026;11:35:00;25061.5;25065.0;25059.25;25059.5;515
24/02/2026;11:36:00;25060.25;25061.75;25054.75;25059.0;607
24/02/2026;11:37:00;25058.75;25062.5;25054.5;25056.25;448
24/02/2026;11:38:00;25056.5;25063.0;25055.5;25062.0;286
24/02/2026;11:39:00;25061.75;25061.75;25053.0;25056.5;322
24/02/2026;11:40:00;25056.5;25057.5;25046.75;25048.5;770
24/02/2026;11:41:00;25049.0;25050.5;25046.5;25050.0;379
24/02/2026;11:42:00;25050.25;25058.25;25050.25;25057.5;541
24/02/2026;11:43:00;25057.5;25058.25;25039.75;25043.5;738
24/02/2026;11:44:00;25043.75;25047.5;25038.0;25042.0;465
24/02/2026;11:45:00;25041.25;25042.25;25032.0;25036.0;796
24/02/2026;11:46:00;25037.5;25043.75;25035.0;25042.75;470
24/02/2026;11:47:00;25042.5;25045.0;25037.0;25044.0;498
24/02/2026;11:48:00;25044.0;25054.5;25040.25;25052.0;886
24/02/2026;11:49:00;25051.75;25060.75;25050.25;25058.0;670
24/02/2026;11:50:00;25058.0;25063.5;25050.0;25061.5;709
24/02/2026;11:51:00;25062.0;25064.0;25058.25;25058.75;367
24/02/2026;11:52:00;25059.25;25059.75;25055.0;25056.5;325
24/02/2026;11:53:00;25056.5;25060.5;25053.75;25057.75;275
24/02/2026;11:54:00;25057.5;25057.75;25047.75;25048.25;383
24/02/2026;11:55:00;25048.25;25048.75;25041.75;25042.5;516
24/02/2026;11:56:00;25043.75;25049.0;25042.0;25047.0;361
24/02/2026;11:57:00;25047.0;25052.25;25043.25;25048.0;305
24/02/2026;11:58:00;25049.0;25051.25;25045.0;25047.25;285
24/02/2026;11:59:00;25047.25;25049.25;25043.75;25046.0;226
24/02/2026;12:00:00;25046.0;25047.75;25043.25;25047.5;390
24/02/2026;12:01:00;25047.25;25053.75;25046.0;25053.5;311
24/02/2026;12:02:00;25054.0;25072.0;25053.75;25072.0;1031
24/02/2026;12:03:00;25072.25;25078.75;25069.75;25075.5;1893
24/02/2026;12:04:00;25075.0;25075.25;25069.5;25072.0;528
24/02/2026;12:05:00;25071.75;25072.0;25065.5;25070.0;604
24/02/2026;12:06:00;25070.25;25071.5;25057.5;25058.75;552
24/02/2026;12:07:00;25058.0;25060.75;25054.25;25055.0;930
24/02/2026;12:08:00;25054.75;25055.75;25050.75;25054.25;524
24/02/2026;12:09:00;25055.5;25057.5;25051.0;25052.5;376
24/02/2026;12:10:00;25052.25;25056.0;25050.25;25051.25;314
24/02/2026;12:11:00;25050.75;25054.0;25045.0;25047.75;1048
24/02/2026;12:12:00;25048.25;25052.25;25045.5;25048.75;277
24/02/2026;12:13:00;25048.5;25050.0;25041.25;25044.5;396
24/02/2026;12:14:00;25044.25;25045.75;25038.75;25043.0;568
24/02/2026;12:15:00;25043.0;25045.0;25037.5;25042.0;473
24/02/2026;12:16:00;25042.75;25044.25;25039.5;25041.5;287
24/02/2026;12:17:00;25041.75;25042.75;25035.75;25041.75;407
24/02/2026;12:18:00;25041.25;25042.75;25037.75;25038.0;355
24/02/2026;12:19:00;25038.25;25040.0;25032.5;25034.75;432
24/02/2026;12:20:00;25034.5;25034.75;25024.5;25031.0;762
24/02/2026;12:21:00;25031.75;25041.25;25031.75;25040.0;559
24/02/2026;12:22:00;25040.25;25042.5;25035.0;25035.75;422
24/02/2026;12:23:00;25035.75;25036.25;25028.25;25028.25;423
24/02/2026;12:24:00;25028.25;25033.25;25025.75;25027.0;787
24/02/2026;12:25:00;25026.5;25030.25;25022.5;25025.5;713
24/02/2026;12:26:00;25025.5;25027.0;25018.5;25027.0;763
24/02/2026;12:27:00;25027.0;25028.25;25021.0;25024.75;956
24/02/2026;12:28:00;25024.25;25026.5;25015.5;25020.5;895
24/02/2026;12:29:00;25019.5;25020.5;25016.0;25019.25;469
24/02/2026;12:30:00;25019.75;25020.5;25011.5;25012.0;702
24/02/2026;12:31:00;25012.5;25031.75;25012.0;25024.75;823
24/02/2026;12:32:00;25024.75;25031.25;25024.0;25029.0;484
24/02/2026;12:33:00;25029.0;25032.75;25026.25;25028.75;498
24/02/2026;12:34:00;25029.0;25032.25;25027.25;25029.25;280
24/02/2026;12:35:00;25029.25;25035.25;25021.25;25032.0;851
24/02/2026;12:36:00;25032.75;25035.0;25029.25;25033.25;395
24/02/2026;12:37:00;25034.0;25051.0;25033.75;25049.5;1924
24/02/2026;12:38:00;25049.0;25050.0;25040.75;25041.5;510
24/02/2026;12:39:00;25041.75;25043.25;25037.5;25042.5;378
24/02/2026;12:40:00;25042.75;25049.75;25039.5;25045.0;457
24/02/2026;12:41:00;25045.5;25046.0;25039.5;25039.5;254
24/02/2026;12:42:00;25039.0;25043.75;25033.25;25037.5;1324
24/02/2026;12:43:00;25037.75;25044.5;25037.25;25043.5;213
24/02/2026;12:44:00;25043.5;25045.5;25034.75;25038.75;263
24/02/2026;12:45:00;25039.0;25044.25;25036.25;25037.5;373
24/02/2026;12:46:00;25038.0;25038.25;25032.5;25033.25;413
24/02/2026;12:47:00;25033.5;25036.75;25030.75;25033.0;309
24/02/2026;12:48:00;25032.5;25033.5;25022.5;25025.75;538
24/02/2026;12:49:00;25026.5;25029.75;25025.75;25028.25;241
24/02/2026;12:50:00;25029.25;25041.75;25029.25;25040.75;575
24/02/2026;12:51:00;25040.75;25042.0;25034.25;25034.75;340
24/02/2026;12:52:00;25034.75;25036.25;25027.0;25030.25;492
24/02/2026;12:53:00;25029.75;25036.5;25029.25;25035.5;291
24/02/2026;12:54:00;25034.5;25039.5;25033.0;25039.25;265
24/02/2026;12:55:00;25039.0;25039.5;25033.5;25035.75;321
24/02/2026;12:56:00;25036.25;25043.25;25034.75;25042.75;233
24/02/2026;12:57:00;25042.5;25043.75;25037.5;25040.5;311
24/02/2026;12:58:00;25041.0;25043.25;25036.75;25040.25;301
24/02/2026;12:59:00;25041.0;25041.0;25029.5;25030.0;370
24/02/2026;13:00:00;25030.0;25036.0;25024.25;25033.5;778
24/02/2026;13:01:00;25033.5;25035.25;25029.5;25031.0;396
24/02/2026;13:02:00;25030.75;25031.25;25023.75;25026.25;477
24/02/2026;13:03:00;25026.5;25031.25;25025.75;25028.25;226
24/02/2026;13:04:00;25027.5;25037.25;25027.5;25032.75;361
24/02/2026;13:05:00;25032.5;25033.75;25027.5;25028.25;242
24/02/2026;13:06:00;25027.75;25036.75;25026.5;25034.75;271
24/02/2026;13:07:00;25034.25;25034.25;25027.0;25029.0;257
24/02/2026;13:08:00;25029.25;25033.25;25027.0;25028.5;290
24/02/2026;13:09:00;25028.75;25029.25;25020.25;25024.0;508
24/02/2026;13:10:00;25024.25;25025.5;25013.0;25013.5;557
24/02/2026;13:11:00;25014.0;25016.5;25008.5;25010.5;552
24/02/2026;13:12:00;25010.0;25021.0;25009.0;25014.25;760
24/02/2026;13:13:00;25013.75;25019.25;25012.5;25017.5;303
24/02/2026;13:14:00;25017.75;25019.5;25011.5;25015.0;401
24/02/2026;13:15:00;25015.0;25015.5;25008.75;25012.25;765
24/02/2026;13:16:00;25012.25;25012.5;25001.0;25001.0;646
24/02/2026;13:17:00;25001.75;25005.75;24988.5;25000.75;1131
24/02/2026;13:18:00;25001.5;25008.0;25001.25;25006.25;584
24/02/2026;13:19:00;25007.0;25007.5;24998.25;25003.0;496
24/02/2026;13:20:00;25002.75;25008.25;25000.75;25005.0;350
24/02/2026;13:21:00;25004.5;25005.0;24996.5;24996.5;427
24/02/2026;13:22:00;24996.75;25007.5;24996.75;25001.25;454
24/02/2026;13:23:00;25001.75;25007.5;24999.75;25003.5;315
24/02/2026;13:24:00;25003.5;25006.5;24998.75;25001.25;247
24/02/2026;13:25:00;25000.75;25004.5;24997.75;25000.0;297
24/02/2026;13:26:00;24999.0;25006.25;24995.5;25001.75;554
24/02/2026;13:27:00;25002.5;25011.25;24995.75;25009.75;609
24/02/2026;13:28:00;25010.25;25015.25;25003.5;25005.0;880
24/02/2026;13:29:00;25004.5;25005.0;24998.5;25002.75;457
24/02/2026;13:30:00;25003.0;25004.75;25000.25;25002.0;534
24/02/2026;13:31:00;25003.0;25013.25;25003.0;25010.0;562
24/02/2026;13:32:00;25010.0;25013.75;25004.0;25013.25;399
24/02/2026;13:33:00;25013.5;25013.5;25002.5;25006.0;493
24/02/2026;13:34:00;25006.25;25007.0;25002.75;25004.25;226
24/02/2026;13:35:00;25004.5;25013.25;25002.75;25007.0;397
24/02/2026;13:36:00;25006.0;25009.25;25002.75;25008.5;368
24/02/2026;13:37:00;25008.25;25013.5;25005.5;25012.5;249
24/02/2026;13:38:00;25011.75;25013.25;25006.75;25012.5;222
24/02/2026;13:39:00;25012.0;25015.0;25009.0;25014.5;290
24/02/2026;13:40:00;25014.25;25019.5;25011.5;25015.25;583
24/02/2026;13:41:00;25015.0;25025.75;25012.25;25023.5;586
24/02/2026;13:42:00;25023.5;25030.5;25021.5;25022.75;607
24/02/2026;13:43:00;25022.5;25023.0;25014.0;25017.0;482
24/02/2026;13:44:00;25017.0;25021.5;25014.5;25018.75;223
24/02/2026;13:45:00;25019.5;25025.25;25018.25;25020.25;324
24/02/2026;13:46:00;25020.5;25023.75;25020.0;25022.0;149
24/02/2026;13:47:00;25022.25;25022.25;25013.5;25014.75;332
24/02/2026;13:48:00;25014.5;25019.75;25014.25;25015.25;277
24/02/2026;13:49:00;25015.75;25022.75;25015.25;25020.75;298
24/02/2026;13:50:00;25020.5;25033.5;25019.75;25029.25;1459
24/02/2026;13:51:00;25029.25;25033.75;25025.5;25031.75;607
24/02/2026;13:52:00;25032.25;25060.25;25029.75;25037.5;2499
24/02/2026;13:53:00;25037.25;25040.0;25031.75;25034.0;624
24/02/2026;13:54:00;25033.75;25033.75;25015.0;25016.75;2152
24/02/2026;13:55:00;25017.0;25024.25;25015.25;25020.0;1453
24/02/2026;13:56:00;25020.75;25023.75;25014.75;25021.5;402
24/02/2026;13:57:00;25021.0;25031.75;25021.0;25030.5;427
24/02/2026;13:58:00;25030.25;25031.25;25021.25;25024.5;487
24/02/2026;13:59:00;25024.5;25024.75;25020.0;25021.5;338
24/02/2026;14:00:00;25021.75;25028.5;25019.0;25028.25;424
24/02/2026;14:01:00;25028.0;25028.75;25021.0;25022.75;239
24/02/2026;14:02:00;25021.0;25026.0;25020.5;25023.75;234
24/02/2026;14:03:00;25023.75;25024.5;25016.5;25018.0;387
24/02/2026;14:04:00;25017.75;25019.25;25013.0;25017.75;552
24/02/2026;14:05:00;25018.5;25023.0;25012.5;25016.5;620
24/02/2026;14:06:00;25017.0;25018.0;25010.5;25013.5;491
24/02/2026;14:07:00;25014.25;25016.5;25009.25;25013.25;394
24/02/2026;14:08:00;25013.5;25014.25;25004.0;25007.75;1206
24/02/2026;14:09:00;25008.0;25011.0;25005.0;25007.0;373
24/02/2026;14:10:00;25006.75;25010.0;25003.25;25004.0;384
24/02/2026;14:11:00;25004.0;25011.25;25004.0;25009.25;375
24/02/2026;14:12:00;25009.0;25009.0;25000.5;25001.75;682
24/02/2026;14:13:00;25002.75;25008.25;25002.25;25004.75;335
24/02/2026;14:14:00;25004.5;25010.25;25002.25;25004.5;345
24/02/2026;14:15:00;25004.0;25004.25;24996.75;25000.25;727
24/02/2026;14:16:00;24999.75;25008.0;24995.75;25004.5;782
24/02/2026;14:17:00;25004.75;25005.25;24998.5;25000.5;372
24/02/2026;14:18:00;24999.75;25012.25;24997.25;25009.0;798
24/02/2026;14:19:00;25009.5;25016.5;25006.5;25015.25;1565
24/02/2026;14:20:00;25015.5;25024.75;25015.0;25016.0;806
24/02/2026;14:21:00;25016.5;25020.25;25010.25;25010.5;521
24/02/2026;14:22:00;25011.0;25014.25;25007.25;25011.25;692
24/02/2026;14:23:00;25011.0;25013.0;25009.25;25009.75;266
24/02/2026;14:24:00;25009.5;25013.75;25009.25;25010.0;239
24/02/2026;14:25:00;25010.5;25018.25;25009.75;25014.5;414
24/02/2026;14:26:00;25014.5;25014.75;25004.5;25006.75;870
24/02/2026;14:27:00;25007.0;25009.25;25003.5;25006.75;798
24/02/2026;14:28:00;25006.25;25008.75;25002.75;25004.25;257
24/02/2026;14:29:00;25004.0;25005.5;24997.75;24998.75;536
24/02/2026;14:30:00;24998.75;25004.0;24996.5;25000.75;561
24/02/2026;14:31:00;25001.25;25002.5;24994.75;25001.0;636
24/02/2026;14:32:00;25000.75;25009.5;24997.5;25008.75;805
24/02/2026;14:33:00;25009.25;25022.25;25009.25;25014.75;909
24/02/2026;14:34:00;25014.75;25018.5;25012.75;25017.0;330
24/02/2026;14:35:00;25016.75;25020.0;25014.75;25015.25;563
24/02/2026;14:36:00;25015.25;25020.5;25012.5;25015.5;832
24/02/2026;14:37:00;25015.25;25017.5;25014.25;25015.75;251
24/02/2026;14:38:00;25016.0;25018.0;25009.5;25010.25;444
24/02/2026;14:39:00;25009.5;25011.0;25004.25;25006.25;548
24/02/2026;14:40:00;25006.0;25009.5;25004.25;25008.75;407
24/02/2026;14:41:00;25008.75;25014.0;25006.0;25012.5;449
24/02/2026;14:42:00;25012.25;25012.5;25007.0;25011.25;350
24/02/2026;14:43:00;25011.25;25018.75;25010.75;25016.5;379
24/02/2026;14:44:00;25016.25;25032.0;25016.25;25030.25;1873
24/02/2026;14:45:00;25030.5;25038.25;25027.75;25037.25;817
24/02/2026;14:46:00;25036.75;25042.25;25032.5;25038.75;594
24/02/2026;14:47:00;25038.25;25044.0;25036.0;25042.5;566
24/02/2026;14:48:00;25042.25;25043.0;25038.5;25039.5;505
24/02/2026;14:49:00;25039.75;25043.0;25035.75;25036.25;534
24/02/2026;14:50:00;25037.0;25072.0;25036.0;25064.25;2485
24/02/2026;14:51:00;25064.25;25065.0;25053.75;25063.75;1177
24/02/2026;14:52:00;25063.75;25064.0;25037.25;25043.0;1288
24/02/2026;14:53:00;25043.5;25045.75;25035.0;25043.25;1178
24/02/2026;14:54:00;25043.5;25058.75;25043.25;25053.0;1471
24/02/2026;14:55:00;25053.5;25054.25;25029.0;25030.0;1857
24/02/2026;14:56:00;25030.5;25042.75;25029.25;25040.25;1113
24/02/2026;14:57:00;25041.0;25041.25;25031.5;25039.5;1000
24/02/2026;14:58:00;25039.75;25041.0;25032.75;25037.5;1512
24/02/2026;14:59:00;25037.5;25041.25;25022.0;25029.5;11091
24/02/2026;15:00:00;25029.5;25037.0;25028.25;25031.5;2524
24/02/2026;15:01:00;25031.0;25032.5;25025.75;25028.5;852
24/02/2026;15:02:00;25028.5;25030.5;25020.75;25027.5;865
24/02/2026;15:03:00;25027.5;25031.0;25026.75;25028.25;421
24/02/2026;15:04:00;25027.25;25027.75;25021.5;25021.5;551
24/02/2026;15:05:00;25022.25;25023.5;25012.75;25017.5;1101
24/02/2026;15:06:00;25017.5;25023.0;25016.25;25018.75;715
24/02/2026;15:07:00;25019.25;25022.0;25017.0;25018.25;393
24/02/2026;15:08:00;25018.75;25019.25;25008.75;25010.5;651
24/02/2026;15:09:00;25010.5;25013.25;25003.25;25009.0;713
24/02/2026;15:10:00;25009.75;25020.75;25009.25;25020.0;443
24/02/2026;15:11:00;25019.75;25020.25;25014.25;25017.25;238
24/02/2026;15:12:00;25017.5;25017.5;25013.5;25016.5;187
24/02/2026;15:13:00;25017.0;25021.25;25015.5;25016.75;181
24/02/2026;15:14:00;25016.75;25021.75;25016.5;25019.5;213
24/02/2026;15:15:00;25019.5;25020.0;25015.25;25018.75;141
24/02/2026;15:16:00;25019.25;25019.75;25016.25;25019.5;108
24/02/2026;15:17:00;25020.0;25021.0;25015.5;25016.0;85
24/02/2026;15:18:00;25017.0;25017.75;25014.25;25015.5;80
24/02/2026;15:19:00;25015.75;25019.0;25014.75;25017.75;98
24/02/2026;15:20:00;25017.5;25022.75;25017.25;25021.25;153
24/02/2026;15:21:00;25021.75;25024.25;25019.75;25023.25;257
24/02/2026;15:22:00;25023.5;25025.5;25023.25;25024.0;77
24/02/2026;15:23:00;25024.5;25027.75;25024.25;25026.5;165
24/02/2026;15:24:00;25025.75;25026.25;25024.75;25026.0;67
24/02/2026;15:25:00;25025.5;25026.0;25024.25;25024.25;71
24/02/2026;15:26:00;25024.25;25024.25;25022.0;25023.25;71
24/02/2026;15:27:00;25023.75;25024.5;25022.75;25024.25;41
24/02/2026;15:28:00;25024.25;25024.5;25022.25;25022.75;88
24/02/2026;15:29:00;25022.5;25025.0;25022.0;25023.75;171
24/02/2026;15:30:00;25023.75;25026.0;25023.25;25025.25;53
24/02/2026;15:31:00;25025.0;25027.25;25024.75;25026.5;99
24/02/2026;15:32:00;25026.25;25028.75;25023.5;25023.5;139
24/02/2026;15:33:00;25023.0;25024.75;25022.5;25023.5;63
24/02/2026;15:34:00;25023.75;25024.5;25021.0;25021.5;65
24/02/2026;15:35:00;25020.5;25023.25;25019.75;25023.0;104
24/02/2026;15:36:00;25023.0;25023.25;25021.5;25021.75;38
24/02/2026;15:37:00;25021.5;25022.5;25018.75;25019.5;64
24/02/2026;15:38:00;25019.5;25025.75;25019.5;25022.5;193
24/02/2026;15:39:00;25021.5;25022.0;25020.75;25021.25;44
24/02/2026;15:40:00;25020.75;25021.25;25019.5;25020.25;69
24/02/2026;15:41:00;25020.5;25021.25;25019.5;25019.75;32
24/02/2026;15:42:00;25020.25;25021.0;25019.75;25019.75;79
24/02/2026;15:43:00;25019.75;25021.0;25018.75;25018.75;51
24/02/2026;15:44:00;25018.5;25020.25;25018.5;25018.5;39
24/02/2026;15:45:00;25018.0;25021.5;25015.5;25020.5;123
24/02/2026;15:46:00;25020.5;25022.0;25020.25;25021.5;115
24/02/2026;15:47:00;25021.0;25022.5;25018.0;25020.0;183
24/02/2026;15:48:00;25020.0;25022.5;25019.0;25021.5;272
24/02/2026;15:49:00;25021.5;25022.0;25019.75;25020.0;52
24/02/2026;15:50:00;25020.0;25020.5;25015.0;25015.25;131
24/02/2026;15:51:00;25015.25;25017.75;25013.5;25013.5;79
24/02/2026;15:52:00;25014.0;25017.75;25012.5;25017.0;133
24/02/2026;15:53:00;25017.0;25017.75;25016.75;25017.25;85
24/02/2026;15:54:00;25017.25;25019.25;25016.25;25017.25;88
24/02/2026;15:55:00;25017.0;25021.75;25016.25;25021.0;233
24/02/2026;15:56:00;25021.25;25022.25;25019.75;25019.75;101
24/02/2026;15:57:00;25019.5;25020.25;25018.5;25019.5;35
24/02/2026;15:58:00;25019.25;25021.25;25019.25;25020.75;86
24/02/2026;15:59:00;25021.25;25021.5;25015.5;25016.25;80
24/02/2026;17:00:00;25016.25;25021.0;25008.75;25012.0;0
24/02/2026;17:01:00;25012.0;25016.5;25009.5;25010.75;69
24/02/2026;17:02:00;25011.25;25011.25;25004.0;25005.5;126
24/02/2026;17:03:00;25005.25;25007.0;24998.5;25005.0;160
24/02/2026;17:04:00;25004.25;25005.75;24996.75;24998.0;187
24/02/2026;17:05:00;24998.25;24999.5;24993.5;24999.5;95
24/02/2026;17:06:00;24999.25;25003.0;24993.75;24995.5;110
24/02/2026;17:07:00;24995.0;24999.25;24995.0;24997.25;44
24/02/2026;17:08:00;24997.75;24998.75;24992.0;24996.5;91
24/02/2026;17:09:00;24998.75;25004.5;24998.75;25002.75;69
24/02/2026;17:10:00;25003.25;25010.75;25001.75;25005.25;143
24/02/2026;17:11:00;25007.0;25012.25;25005.5;25010.75;69
24/02/2026;17:12:00;25011.0;25011.5;25009.25;25010.5;38
24/02/2026;17:13:00;25010.75;25016.0;25010.75;25016.0;49
24/02/2026;17:14:00;25016.75;25030.25;25011.0;25020.0;200
24/02/2026;17:15:00;25019.0;25028.5;25019.0;25025.0;144
24/02/2026;17:16:00;25025.0;25026.75;25016.75;25016.75;52
24/02/2026;17:17:00;25017.0;25019.0;25011.0;25012.5;108
24/02/2026;17:18:00;25011.25;25015.0;25011.25;25014.25;32
24/02/2026;17:19:00;25014.5;25014.75;25014.0;25014.0;8
24/02/2026;17:20:00;25014.0;25017.5;25013.25;25016.25;54
24/02/2026;17:21:00;25014.5;25014.5;25011.75;25011.75;28
24/02/2026;17:22:00;25013.25;25014.75;25009.25;25013.75;56
24/02/2026;17:23:00;25013.25;25016.5;25013.0;25015.5;20
24/02/2026;17:24:00;25015.75;25018.25;25015.5;25017.75;48
24/02/2026;17:25:00;25017.25;25021.5;25017.25;25018.75;65
24/02/2026;17:26:00;25020.0;25020.75;25016.5;25017.75;34
24/02/2026;17:27:00;25017.75;25021.0;25017.75;25021.0;37
24/02/2026;17:28:00;25020.75;25024.75;25020.0;25022.75;73
24/02/2026;17:29:00;25021.5;25024.0;25021.25;25023.5;74
24/02/2026;17:30:00;25022.0;25025.75;25020.5;25023.0;55
24/02/2026;17:31:00;25023.75;25024.25;25022.25;25022.25;13
24/02/2026;17:32:00;25022.0;25022.5;25018.0;25020.25;26
24/02/2026;17:33:00;25021.5;25021.5;25017.25;25019.25;49
24/02/2026;17:34:00;25020.0;25033.5;25020.0;25030.5;134
24/02/2026;17:35:00;25029.5;25030.75;25025.75;25026.5;57
24/02/2026;17:36:00;25025.5;25028.75;25023.5;25028.5;60
24/02/2026;17:37:00;25028.75;25030.25;25027.75;25028.5;32
24/02/2026;17:38:00;25029.0;25031.0;25027.75;25030.75;29
24/02/2026;17:39:00;25030.75;25035.25;25028.75;25033.0;67
24/02/2026;17:40:00;25033.75;25038.0;25033.0;25033.75;72
24/02/2026;17:41:00;25035.25;25036.75;25034.25;25035.75;45
24/02/2026;17:42:00;25036.75;25037.0;25033.25;25033.75;27
24/02/2026;17:43:00;25033.0;25034.75;25030.75;25032.75;51
24/02/2026;17:44:00;25033.0;25035.75;25030.5;25033.0;42
24/02/2026;17:45:00;25030.0;25032.25;25028.25;25031.0;59
24/02/2026;17:46:00;25030.25;25031.5;25029.25;25030.75;27
24/02/2026;17:47:00;25029.75;25032.25;25029.0;25032.0;36
24/02/2026;17:48:00;25032.25;25034.75;25032.25;25033.0;33
24/02/2026;17:49:00;25033.5;25033.75;25031.0;25031.75;24
24/02/2026;17:50:00;25030.75;25032.0;25029.75;25031.5;27
24/02/2026;17:51:00;25030.75;25033.75;25030.5;25030.5;22
24/02/2026;17:52:00;25031.0;25032.25;25031.0;25032.25;7
24/02/2026;17:53:00;25032.5;25034.0;25029.5;25031.5;22
24/02/2026;17:54:00;25030.75;25033.0;25027.5;25031.75;75
24/02/2026;17:55:00;25030.75;25037.75;25030.75;25037.75;50
24/02/2026;17:56:00;25038.0;25045.0;25035.5;25044.75;185
24/02/2026;17:57:00;25043.25;25051.0;25041.75;25049.5;359
24/02/2026;17:58:00;25049.5;25049.5;25042.5;25044.0;161
24/02/2026;17:59:00;25044.75;25048.25;25043.5;25043.5;129
24/02/2026;18:00:00;25044.5;25045.25;25038.75;25040.0;95
24/02/2026;18:01:00;25039.75;25039.75;25029.75;25035.0;151
24/02/2026;18:02:00;25036.25;25044.75;25034.5;25042.5;80
24/02/2026;18:03:00;25042.5;25042.5;25035.0;25036.5;76
24/02/2026;18:04:00;25036.0;25039.25;25034.0;25034.0;35
24/02/2026;18:05:00;25033.0;25037.75;25033.0;25037.5;28
24/02/2026;18:06:00;25035.0;25037.75;25033.25;25037.25;32
24/02/2026;18:07:00;25037.5;25037.5;25031.25;25035.25;84
24/02/2026;18:08:00;25036.0;25043.25;25035.25;25041.75;85
24/02/2026;18:09:00;25041.5;25042.75;25039.5;25040.5;52
24/02/2026;18:10:00;25040.5;25042.5;25039.5;25039.75;32
24/02/2026;18:11:00;25038.75;25038.75;25034.5;25035.5;34
24/02/2026;18:12:00;25035.75;25038.75;25034.25;25036.75;43
24/02/2026;18:13:00;25035.5;25035.75;25030.0;25031.25;173
24/02/2026;18:14:00;25032.0;25033.75;25028.25;25029.0;116
24/02/2026;18:15:00;25028.75;25030.75;25027.0;25029.25;88
24/02/2026;18:16:00;25029.25;25031.25;25029.0;25031.25;57
24/02/2026;18:17:00;25031.0;25036.5;25030.25;25032.5;335
24/02/2026;18:18:00;25033.5;25034.5;25032.25;25034.0;24
24/02/2026;18:19:00;25035.0;25037.0;25034.5;25035.75;27
24/02/2026;18:20:00;25036.75;25038.75;25035.25;25038.5;26
24/02/2026;18:21:00;25038.5;25039.5;25037.25;25037.25;27
24/02/2026;18:22:00;25038.5;25042.25;25038.5;25039.5;45
24/02/2026;18:23:00;25040.25;25044.25;25040.25;25042.25;48
24/02/2026;18:24:00;25042.75;25043.0;25039.0;25040.75;57
24/02/2026;18:25:00;25041.0;25041.0;25035.5;25036.5;59
24/02/2026;18:26:00;25035.75;25036.0;25025.5;25029.75;162
24/02/2026;18:27:00;25029.25;25030.25;25021.25;25025.5;129
24/02/2026;18:28:00;25025.75;25027.5;25024.25;25025.0;36
24/02/2026;18:29:00;25024.25;25029.75;25024.0;25028.5;73
24/02/2026;18:30:00;25029.0;25033.25;25028.0;25029.25;98
24/02/2026;18:31:00;25028.5;25033.25;25022.0;25023.25;134
24/02/2026;18:32:00;25024.0;25024.25;25018.5;25020.5;109
24/02/2026;18:33:00;25020.0;25026.75;25019.5;25025.0;85
24/02/2026;18:34:00;25023.25;25030.0;25023.25;25030.0;66
24/02/2026;18:35:00;25029.5;25032.0;25026.0;25026.0;68
24/02/2026;18:36:00;25026.0;25031.5;25026.0;25031.0;36
24/02/2026;18:37:00;25030.75;25043.0;25030.5;25041.25;144
24/02/2026;18:38:00;25041.5;25047.25;25041.5;25044.0;134
24/02/2026;18:39:00;25045.0;25046.25;25042.25;25042.75;91
24/02/2026;18:40:00;25043.25;25049.75;25042.75;25049.75;77
24/02/2026;18:41:00;25049.75;25050.0;25043.0;25046.5;90
24/02/2026;18:42:00;25047.5;25055.0;25047.0;25054.25;115
24/02/2026;18:43:00;25054.5;25054.5;25052.0;25053.75;60
24/02/2026;18:44:00;25054.25;25063.0;25053.5;25061.0;157
24/02/2026;18:45:00;25061.25;25061.25;25056.5;25057.0;110
24/02/2026;18:46:00;25055.0;25056.5;25047.5;25056.5;161
24/02/2026;18:47:00;25056.5;25064.0;25056.0;25062.5;130
24/02/2026;18:48:00;25063.25;25066.0;25063.0;25065.5;120
24/02/2026;18:49:00;25065.25;25069.5;25063.75;25067.0;194
24/02/2026;18:50:00;25066.25;25069.25;25065.5;25066.5;103
24/02/2026;18:51:00;25066.0;25071.25;25065.75;25071.0;158
24/02/2026;18:52:00;25071.5;25075.0;25070.25;25074.25;230
24/02/2026;18:53:00;25073.5;25074.75;25067.75;25069.5;132
24/02/2026;18:54:00;25070.25;25073.75;25069.5;25070.5;76
24/02/2026;18:55:00;25069.25;25070.5;25066.0;25068.25;116
24/02/2026;18:56:00;25069.0;25070.0;25065.75;25066.5;95
24/02/2026;18:57:00;25066.25;25066.75;25063.25;25064.5;97
24/02/2026;18:58:00;25064.25;25066.5;25062.0;25063.5;83
24/02/2026;18:59:00;25064.25;25071.5;25063.75;25071.0;137
24/02/2026;19:00:00;25071.25;25073.25;25061.5;25064.75;212
24/02/2026;19:01:00;25065.0;25073.25;25064.75;25072.5;86
24/02/2026;19:02:00;25072.75;25088.5;25070.75;25087.25;534
24/02/2026;19:03:00;25087.25;25088.5;25082.5;25082.75;158
24/02/2026;19:04:00;25082.25;25082.75;25075.25;25078.0;141
24/02/2026;19:05:00;25078.25;25081.5;25078.0;25078.5;69
24/02/2026;19:06:00;25079.5;25083.25;25077.75;25078.25;76
24/02/2026;19:07:00;25079.0;25081.25;25074.0;25075.0;75
24/02/2026;19:08:00;25074.0;25075.0;25068.0;25072.25;125
24/02/2026;19:09:00;25072.25;25077.0;25071.75;25072.0;96
24/02/2026;19:10:00;25071.25;25076.25;25070.0;25073.25;70
24/02/2026;19:11:00;25073.75;25082.0;25073.0;25080.5;73
24/02/2026;19:12:00;25081.75;25087.5;25081.5;25085.25;203
24/02/2026;19:13:00;25085.25;25087.25;25079.0;25086.75;260
24/02/2026;19:14:00;25086.0;25095.0;25084.0;25089.75;289
24/02/2026;19:15:00;25090.0;25091.25;25082.75;25090.25;249
24/02/2026;19:16:00;25089.25;25089.25;25084.5;25087.25;76
24/02/2026;19:17:00;25087.0;25100.5;25087.0;25100.5;323
24/02/2026;19:18:00;25099.5;25108.25;25099.25;25104.0;300
24/02/2026;19:19:00;25103.75;25105.25;25094.25;25097.25;175
24/02/2026;19:20:00;25098.0;25099.0;25091.5;25094.0;110
24/02/2026;19:21:00;25094.5;25099.5;25091.5;25096.5;130
24/02/2026;19:22:00;25096.0;25096.5;25080.0;25080.5;263
24/02/2026;19:23:00;25080.75;25080.75;25072.0;25074.25;334
24/02/2026;19:24:00;25073.5;25077.5;25072.0;25074.0;150
24/02/2026;19:25:00;25074.75;25078.5;25071.5;25076.5;84
24/02/2026;19:26:00;25076.0;25079.0;25074.0;25078.0;57
24/02/2026;19:27:00;25077.0;25081.25;25077.0;25078.5;85
24/02/2026;19:28:00;25077.75;25080.75;25074.25;25080.25;87
24/02/2026;19:29:00;25080.0;25084.75;25078.75;25080.5;134
24/02/2026;19:30:00;25079.5;25082.75;25073.0;25082.0;155
24/02/2026;19:31:00;25081.25;25088.5;25079.25;25086.75;123
24/02/2026;19:32:00;25086.25;25090.0;25082.5;25084.25;142
24/02/2026;19:33:00;25084.25;25086.0;25081.5;25082.25;44
24/02/2026;19:34:00;25083.25;25087.5;25083.25;25084.5;46
24/02/2026;19:35:00;25085.0;25095.5;25085.0;25094.75;144
24/02/2026;19:36:00;25094.0;25098.5;25090.0;25091.75;97
24/02/2026;19:37:00;25092.25;25094.5;25091.0;25093.25;63
24/02/2026;19:38:00;25093.75;25096.5;25092.75;25094.0;37
24/02/2026;19:39:00;25093.0;25096.0;25090.25;25094.5;42
24/02/2026;19:40:00;25094.0;25101.25;25092.5;25101.0;86
24/02/2026;19:41:00;25100.75;25103.0;25098.25;25098.25;120
24/02/2026;19:42:00;25098.75;25099.5;25096.5;25097.25;134
24/02/2026;19:43:00;25096.75;25097.0;25090.25;25091.0;115
24/02/2026;19:44:00;25091.25;25093.75;25090.75;25093.0;39
24/02/2026;19:45:00;25094.0;25106.0;25092.25;25104.0;231
24/02/2026;19:46:00;25103.0;25110.25;25101.25;25108.0;129
24/02/2026;19:47:00;25109.0;25112.75;25103.5;25112.25;181
24/02/2026;19:48:00;25110.5;25112.0;25107.25;25110.0;140
24/02/2026;19:49:00;25109.25;25109.5;25104.5;25106.5;135
24/02/2026;19:50:00;25106.75;25112.75;25105.5;25111.5;104
24/02/2026;19:51:00;25112.5;25113.25;25106.75;25111.0;73
24/02/2026;19:52:00;25112.0;25112.0;25106.0;25109.5;57
24/02/2026;19:53:00;25109.0;25112.0;25107.25;25112.0;66
24/02/2026;19:54:00;25110.5;25110.5;25106.25;25109.5;87
24/02/2026;19:55:00;25109.5;25111.0;25107.5;25108.75;37
24/02/2026;19:56:00;25110.25;25111.0;25101.75;25103.25;110
24/02/2026;19:57:00;25105.0;25106.25;25101.5;25105.0;69
24/02/2026;19:58:00;25106.0;25109.5;25104.75;25107.0;48
24/02/2026;19:59:00;25106.0;25106.25;25102.5;25103.5;44
24/02/2026;20:00:00;25103.0;25110.5;25103.0;25106.75;131
24/02/2026;20:01:00;25107.0;25110.25;25106.25;25107.25;46
24/02/2026;20:02:00;25107.75;25108.25;25094.5;25098.75;177
24/02/2026;20:03:00;25098.75;25102.5;25095.25;25095.25;73
24/02/2026;20:04:00;25096.0;25096.0;25091.25;25094.75;131
24/02/2026;20:05:00;25094.0;25099.75;25092.5;25094.0;75
24/02/2026;20:06:00;25095.25;25100.75;25093.0;25100.75;38
24/02/2026;20:07:00;25101.75;25102.5;25096.75;25100.75;63
24/02/2026;20:08:00;25101.75;25102.0;25095.0;25097.0;58
24/02/2026;20:09:00;25099.25;25100.5;25095.75;25096.25;39
24/02/2026;20:10:00;25097.25;25102.25;25094.75;25100.5;64
24/02/2026;20:11:00;25099.75;25102.25;25097.25;25099.75;44
24/02/2026;20:12:00;25099.0;25100.25;25096.5;25098.0;62
24/02/2026;20:13:00;25100.5;25101.25;25096.25;25097.75;67
24/02/2026;20:14:00;25098.75;25103.75;25098.75;25102.0;61
24/02/2026;20:15:00;25102.75;25102.75;25095.75;25098.25;86
24/02/2026;20:16:00;25098.25;25098.5;25089.5;25091.0;142
24/02/2026;20:17:00;25091.0;25094.5;25082.25;25094.25;251
24/02/2026;20:18:00;25095.5;25096.5;25092.5;25093.5;120
24/02/2026;20:19:00;25093.0;25095.0;25092.25;25093.75;32
24/02/2026;20:20:00;25095.0;25099.0;25090.5;25099.0;61
24/02/2026;20:21:00;25100.0;25105.25;25093.25;25103.0;222
24/02/2026;20:22:00;25101.75;25102.0;25095.75;25099.0;49
24/02/2026;20:23:00;25099.5;25099.5;25094.0;25094.5;34
24/02/2026;20:24:00;25095.25;25097.0;25090.5;25096.5;86
24/02/2026;20:25:00;25096.5;25096.5;25092.5;25096.0;60
24/02/2026;20:26:00;25097.5;25103.0;25097.5;25099.0;99
24/02/2026;20:27:00;25100.25;25101.0;25097.0;25099.75;45
24/02/2026;20:28:00;25100.5;25102.0;25098.75;25099.5;13
24/02/2026;20:29:00;25101.0;25101.5;25098.75;25101.0;18
24/02/2026;20:30:00;25102.0;25106.5;25102.0;25106.5;55
24/02/2026;20:31:00;25106.5;25112.75;25103.0;25108.25;144
24/02/2026;20:32:00;25107.75;25112.0;25106.0;25108.75;32
24/02/2026;20:33:00;25108.75;25109.25;25107.75;25109.0;41
24/02/2026;20:34:00;25109.25;25110.0;25104.0;25104.75;60
24/02/2026;20:35:00;25104.25;25105.0;25101.75;25105.0;79
24/02/2026;20:36:00;25105.25;25107.25;25105.0;25106.25;36
24/02/2026;20:37:00;25106.75;25110.5;25106.0;25109.25;74
24/02/2026;20:38:00;25109.0;25114.5;25109.0;25114.25;130
24/02/2026;20:39:00;25114.5;25114.5;25103.25;25103.5;146
24/02/2026;20:40:00;25103.5;25103.5;25097.0;25101.0;185
24/02/2026;20:41:00;25101.5;25105.5;25098.5;25103.25;106
24/02/2026;20:42:00;25103.25;25104.0;25097.0;25097.0;122
24/02/2026;20:43:00;25097.25;25101.5;25092.75;25097.5;183
24/02/2026;20:44:00;25099.0;25102.0;25094.25;25096.0;111
24/02/2026;20:45:00;25096.0;25100.25;25094.75;25097.75;61
24/02/2026;20:46:00;25099.0;25102.0;25099.0;25099.5;32
24/02/2026;20:47:00;25099.5;25100.5;25098.5;25099.5;9
24/02/2026;20:48:00;25098.25;25099.25;25095.25;25098.0;32
24/02/2026;20:49:00;25097.75;25103.5;25097.75;25102.5;49
24/02/2026;20:50:00;25101.5;25101.5;25099.5;25099.5;30
24/02/2026;20:51:00;25099.25;25099.25;25092.0;25097.0;123
24/02/2026;20:52:00;25097.75;25101.75;25096.5;25099.0;92
24/02/2026;20:53:00;25099.5;25102.75;25097.25;25101.5;98
24/02/2026;20:54:00;25102.0;25109.5;25101.0;25103.0;101
24/02/2026;20:55:00;25102.75;25104.5;25102.0;25103.5;48
24/02/2026;20:56:00;25104.0;25104.0;25098.0;25101.5;52
24/02/2026;20:57:00;25101.25;25103.25;25100.5;25101.75;22
24/02/2026;20:58:00;25101.5;25105.75;25101.5;25103.75;31
24/02/2026;20:59:00;25104.75;25109.0;25104.75;25107.5;46
24/02/2026;21:00:00;25106.75;25109.5;25103.0;25106.75;96
24/02/2026;21:01:00;25107.5;25109.25;25101.75;25104.25;41
24/02/2026;21:02:00;25103.5;25103.5;25101.25;25101.5;31
24/02/2026;21:03:00;25101.25;25102.5;25099.5;25101.75;29
24/02/2026;21:04:00;25101.75;25102.25;25096.25;25098.75;72
24/02/2026;21:05:00;25097.5;25099.0;25090.5;25090.5;110
24/02/2026;21:06:00;25091.25;25093.75;25082.25;25088.0;257
24/02/2026;21:07:00;25087.75;25087.75;25080.5;25084.0;98
24/02/2026;21:08:00;25083.75;25089.25;25076.75;25087.0;215
24/02/2026;21:09:00;25086.25;25087.75;25082.25;25084.25;62
24/02/2026;21:10:00;25083.0;25086.0;25079.0;25081.0;58
24/02/2026;21:11:00;25081.5;25082.75;25079.5;25079.75;47
24/02/2026;21:12:00;25081.0;25089.0;25081.0;25089.0;95
24/02/2026;21:13:00;25088.5;25089.0;25081.0;25081.25;68
24/02/2026;21:14:00;25081.0;25082.75;25077.75;25080.0;94
24/02/2026;21:15:00;25079.0;25082.5;25075.25;25076.25;104
24/02/2026;21:16:00;25075.5;25076.75;25063.0;25066.0;280
24/02/2026;21:17:00;25066.5;25070.5;25061.75;25068.75;80
24/02/2026;21:18:00;25069.0;25071.75;25066.0;25069.25;72
24/02/2026;21:19:00;25071.25;25074.0;25070.0;25070.5;55
24/02/2026;21:20:00;25070.0;25073.0;25068.75;25070.0;40
24/02/2026;21:21:00;25070.75;25071.75;25063.5;25066.25;97
24/02/2026;21:22:00;25065.25;25069.25;25065.25;25065.5;30
24/02/2026;21:23:00;25064.5;25064.5;25054.75;25055.75;234
24/02/2026;21:24:00;25055.75;25068.0;25055.75;25063.0;167
24/02/2026;21:25:00;25062.5;25065.75;25059.0;25060.5;115
24/02/2026;21:26:00;25061.75;25070.25;25059.5;25070.25;119
24/02/2026;21:27:00;25069.0;25074.25;25068.25;25069.0;92
24/02/2026;21:28:00;25069.5;25070.5;25066.75;25067.75;41
24/02/2026;21:29:00;25066.0;25070.5;25065.75;25069.5;36
24/02/2026;21:30:00;25070.0;25076.5;25069.5;25075.25;103
24/02/2026;21:31:00;25075.5;25075.5;25060.0;25060.25;180
24/02/2026;21:32:00;25060.5;25064.75;25055.5;25058.5;137
24/02/2026;21:33:00;25058.75;25058.75;25025.25;25025.25;676
24/02/2026;21:34:00;25025.75;25044.0;24994.0;25041.5;1460
24/02/2026;21:35:00;25042.75;25044.75;25033.25;25039.0;265
24/02/2026;21:36:00;25039.75;25047.0;25033.75;25041.5;252
24/02/2026;21:37:00;25041.75;25050.0;25040.75;25048.75;165
24/02/2026;21:38:00;25050.25;25052.0;25045.25;25051.0;124
24/02/2026;21:39:00;25049.0;25050.25;25040.75;25044.5;98
24/02/2026;21:40:00;25043.75;25053.75;25043.75;25050.5;70
24/02/2026;21:41:00;25049.0;25055.0;25047.25;25055.0;82
24/02/2026;21:42:00;25053.75;25059.5;25052.0;25056.75;123
24/02/2026;21:43:00;25056.0;25067.75;25055.0;25065.5;185
24/02/2026;21:44:00;25064.75;25065.75;25057.5;25058.0;81
24/02/2026;21:45:00;25057.25;25060.25;25047.5;25056.75;233
24/02/2026;21:46:00;25056.75;25059.0;25055.0;25059.0;40
24/02/2026;21:47:00;25060.0;25068.75;25060.0;25065.25;95
24/02/2026;21:48:00;25065.5;25067.0;25062.0;25064.25;60
24/02/2026;21:49:00;25063.5;25063.5;25059.75;25063.0;36
24/02/2026;21:50:00;25062.25;25067.5;25060.25;25067.5;29
24/02/2026;21:51:00;25067.5;25073.25;25067.25;25070.75;118
24/02/2026;21:52:00;25072.0;25073.5;25069.25;25072.25;69
24/02/2026;21:53:00;25071.25;25073.0;25068.5;25070.0;32
24/02/2026;21:54:00;25070.0;25073.75;25068.5;25073.75;44
24/02/2026;21:55:00;25072.75;25074.0;25069.75;25070.75;22
24/02/2026;21:56:00;25071.5;25081.25;25071.5;25079.75;150
24/02/2026;21:57:00;25080.25;25081.25;25070.0;25072.75;117
24/02/2026;21:58:00;25072.0;25072.75;25068.75;25071.5;46
24/02/2026;21:59:00;25070.25;25072.5;25065.0;25066.75;74
24/02/2026;22:00:00;25066.75;25067.75;25060.25;25062.25;95
24/02/2026;22:01:00;25061.5;25061.5;25052.5;25055.25;160
24/02/2026;22:02:00;25055.0;25056.75;25048.75;25051.75;82
24/02/2026;22:03:00;25050.0;25054.0;25048.5;25049.25;72
24/02/2026;22:04:00;25048.0;25055.0;25047.25;25055.0;50
24/02/2026;22:05:00;25054.0;25055.5;25051.5;25055.25;33
24/02/2026;22:06:00;25054.5;25055.0;25049.25;25052.25;59
24/02/2026;22:07:00;25052.25;25056.75;25051.25;25051.5;33
24/02/2026;22:08:00;25050.75;25053.25;25048.75;25051.0;42
24/02/2026;22:09:00;25052.0;25052.5;25049.0;25050.75;22
24/02/2026;22:10:00;25049.75;25050.0;25041.5;25043.75;103
24/02/2026;22:11:00;25042.5;25045.25;25041.5;25043.75;69
24/02/2026;22:12:00;25043.25;25044.0;25035.0;25037.25;130
24/02/2026;22:13:00;25037.25;25044.0;25035.75;25040.5;58
24/02/2026;22:14:00;25040.25;25044.5;25040.25;25042.0;48
24/02/2026;22:15:00;25041.25;25044.75;25039.75;25042.75;44
24/02/2026;22:16:00;25042.5;25044.25;25041.5;25042.75;46
24/02/2026;22:17:00;25041.5;25042.5;25039.5;25040.25;35
24/02/2026;22:18:00;25039.25;25044.0;25038.5;25043.25;84
24/02/2026;22:19:00;25042.25;25042.5;25034.5;25037.5;90
24/02/2026;22:20:00;25038.0;25041.0;25036.75;25039.75;47
24/02/2026;22:21:00;25039.75;25041.25;25038.75;25041.0;31
24/02/2026;22:22:00;25040.5;25044.5;25040.5;25042.0;36
24/02/2026;22:23:00;25040.5;25044.25;25040.5;25043.75;28
24/02/2026;22:24:00;25044.5;25046.25;25039.0;25040.75;105
24/02/2026;22:25:00;25040.75;25043.25;25040.0;25041.5;57
24/02/2026;22:26:00;25041.25;25043.0;25039.25;25042.0;30
24/02/2026;22:27:00;25040.75;25043.0;25039.75;25043.0;23
24/02/2026;22:28:00;25043.75;25047.75;25043.0;25046.0;101
24/02/2026;22:29:00;25046.25;25054.0;25046.25;25054.0;138
24/02/2026;22:30:00;25053.5;25058.75;25053.0;25054.25;134
24/02/2026;22:31:00;25054.75;25058.25;25054.75;25055.5;45
24/02/2026;22:32:00;25056.25;25062.0;25056.25;25060.25;85
24/02/2026;22:33:00;25061.0;25061.25;25058.5;25060.0;32
24/02/2026;22:34:00;25059.75;25062.0;25057.25;25057.25;41
24/02/2026;22:35:00;25058.0;25063.0;25057.75;25063.0;27
24/02/2026;22:36:00;25060.75;25061.25;25056.25;25058.5;46
24/02/2026;22:37:00;25058.5;25059.25;25054.0;25056.0;29
24/02/2026;22:38:00;25055.75;25057.0;25055.0;25056.0;11
24/02/2026;22:39:00;25055.5;25060.0;25055.0;25058.75;18
24/02/2026;22:40:00;25058.75;25058.75;25056.0;25056.0;24
24/02/2026;22:41:00;25056.5;25058.25;25056.5;25056.5;15
24/02/2026;22:42:00;25056.75;25057.0;25054.5;25056.0;13
24/02/2026;22:43:00;25058.25;25058.25;25054.75;25055.5;23
24/02/2026;22:44:00;25056.25;25057.25;25054.75;25055.75;24
24/02/2026;22:45:00;25057.0;25057.0;25054.5;25054.5;40
24/02/2026;22:46:00;25056.25;25059.0;25056.0;25056.0;25
24/02/2026;22:47:00;25056.0;25056.0;25052.0;25054.25;47
24/02/2026;22:48:00;25054.0;25058.5;25054.0;25057.0;26
24/02/2026;22:49:00;25058.0;25058.5;25056.25;25057.0;17
24/02/2026;22:50:00;25058.5;25061.0;25058.5;25059.25;84
24/02/2026;22:51:00;25059.5;25060.75;25058.25;25058.75;17
24/02/2026;22:52:00;25060.0;25060.0;25056.0;25057.25;26
24/02/2026;22:53:00;25059.5;25059.5;25057.5;25057.75;11
24/02/2026;22:54:00;25057.75;25059.0;25054.75;25055.5;25
24/02/2026;22:55:00;25054.75;25055.5;25047.5;25047.75;55
24/02/2026;22:56:00;25047.75;25051.75;25047.0;25051.25;42
24/02/2026;22:57:00;25049.25;25049.75;25047.0;25048.0;17
24/02/2026;22:58:00;25047.75;25050.25;25046.5;25049.25;54
24/02/2026;23:09:00;25059.0;25065.0;25058.75;25064.0;91
24/02/2026;23:10:00;25065.0;25067.5;25062.5;25064.0;90
24/02/2026;23:11:00;25062.75;25065.5;25062.75;25065.25;28
24/02/2026;23:12:00;25063.75;25064.0;25057.0;25057.0;57
24/02/2026;23:13:00;25057.25;25059.75;25055.5;25056.5;42
24/02/2026;23:14:00;25055.0;25055.0;25051.5;25054.5;42
24/02/2026;23:15:00;25054.25;25055.5;25051.25;25051.25;26
24/02/2026;23:16:00;25051.0;25055.0;25051.0;25054.5;20
24/02/2026;23:17:00;25053.75;25054.0;25051.25;25051.25;18
24/02/2026;23:18:00;25051.0;25053.0;25048.75;25049.25;57
24/02/2026;23:19:00;25048.5;25048.5;25046.0;25047.0;38
24/02/2026;23:20:00;25047.25;25047.75;25044.5;25045.5;47
24/02/2026;23:21:00;25044.0;25047.0;25041.5;25043.25;51
24/02/2026;23:22:00;25042.75;25044.0;25038.0;25038.0;87
24/02/2026;23:23:00;25038.0;25041.0;25035.75;25040.25;74
24/02/2026;23:24:00;25039.75;25039.75;25035.0;25038.75;39
24/02/2026;23:25:00;25039.0;25042.5;25036.75;25037.25;74
24/02/2026;23:26:00;25037.0;25042.75;25037.0;25041.0;34
24/02/2026;23:27:00;25040.0;25044.75;25040.0;25042.75;30
24/02/2026;23:28:00;25043.75;25046.0;25042.75;25044.5;45
24/02/2026;23:29:00;25042.5;25043.5;25041.25;25041.25;16
24/02/2026;23:30:00;25042.0;25046.75;25042.0;25044.25;53
24/02/2026;23:31:00;25044.0;25046.5;25037.0;25037.5;48
24/02/2026;23:32:00;25038.0;25042.0;25038.0;25040.0;32
24/02/2026;23:33:00;25040.75;25040.75;25038.75;25038.75;13
24/02/2026;23:34:00;25039.0;25039.25;25034.0;25036.75;64
24/02/2026;23:35:00;25037.25;25038.0;25035.5;25036.25;38
24/02/2026;23:36:00;25035.5;25037.75;25032.75;25037.0;111
24/02/2026;23:37:00;25037.75;25038.0;25030.75;25032.5;82
24/02/2026;23:38:00;25032.25;25041.25;25032.0;25040.25;96
24/02/2026;23:39:00;25040.0;25046.0;25039.75;25045.25;76
24/02/2026;23:40:00;25045.25;25045.5;25041.25;25042.25;64
24/02/2026;23:41:00;25041.25;25042.25;25039.5;25039.5;28
24/02/2026;23:42:00;25040.0;25040.25;25036.5;25038.25;34
24/02/2026;23:43:00;25037.5;25040.0;25036.75;25039.75;30
24/02/2026;23:44:00;25038.5;25042.75;25038.5;25041.25;41
24/02/2026;23:45:00;25041.5;25046.0;25040.25;25045.75;44
24/02/2026;23:46:00;25045.75;25049.75;25045.75;25049.75;52
24/02/2026;23:47:00;25048.5;25056.0;25048.5;25055.0;120
24/02/2026;23:48:00;25054.75;25056.75;25053.0;25055.75;55
24/02/2026;23:49:00;25056.5;25057.25;25053.25;25056.75;69
24/02/2026;23:50:00;25056.75;25056.75;25054.0;25056.25;29
24/02/2026;23:51:00;25057.0;25057.0;25054.5;25055.0;19
24/02/2026;23:52:00;25054.75;25056.25;25053.5;25056.25;16
24/02/2026;23:53:00;25056.0;25056.0;25054.25;25054.25;18
24/02/2026;23:54:00;25053.25;25054.25;25049.25;25049.25;128
24/02/2026;23:55:00;25047.75;25047.75;25043.75;25047.5;39
24/02/2026;23:56:00;25046.5;25046.5;25041.25;25041.25;45
24/02/2026;23:57:00;25041.75;25042.75;25037.0;25038.25;46
24/02/2026;23:58:00;25038.75;25042.0;25038.0;25040.0;37
24/02/2026;23:59:00;25041.5;25042.5;25040.0;25040.75;31
25/02/2026;00:00:00;25041.5;25044.0;25035.75;25035.75;58
25/02/2026;00:01:00;25035.75;25035.75;25033.75;25035.5;64
25/02/2026;00:02:00;25035.25;25038.0;25033.5;25037.0;53
25/02/2026;00:03:00;25037.5;25038.0;25032.0;25034.5;41
25/02/2026;00:04:00;25033.75;25036.25;25032.5;25035.25;41
25/02/2026;00:05:00;25035.0;25039.75;25034.25;25038.5;50
25/02/2026;00:06:00;25037.0;25043.25;25036.5;25041.75;64
25/02/2026;00:07:00;25042.75;25043.0;25036.75;25039.0;65
25/02/2026;00:08:00;25038.0;25041.5;25038.0;25039.75;18
25/02/2026;00:09:00;25039.25;25041.75;25039.25;25039.75;24
25/02/2026;00:10:00;25039.0;25041.75;25038.5;25041.75;17
25/02/2026;00:11:00;25040.75;25045.75;25040.75;25043.0;50
25/02/2026;00:12:00;25042.5;25043.75;25041.5;25042.0;17
25/02/2026;00:13:00;25042.5;25042.5;25035.25;25039.5;58
25/02/2026;00:14:00;25040.0;25046.0;25040.0;25045.5;48
25/02/2026;00:15:00;25043.75;25044.75;25040.5;25042.5;29
25/02/2026;00:16:00;25042.25;25046.5;25041.75;25044.75;33
25/02/2026;00:17:00;25044.5;25045.25;25043.0;25044.75;29
25/02/2026;00:18:00;25046.0;25046.5;25044.0;25044.75;17
25/02/2026;00:19:00;25044.25;25047.75;25043.75;25047.5;33
25/02/2026;00:20:00;25048.25;25049.0;25043.75;25047.0;35
25/02/2026;00:21:00;25046.5;25058.0;25046.25;25058.0;103
25/02/2026;00:22:00;25057.25;25058.75;25054.75;25055.5;64
25/02/2026;00:23:00;25054.5;25054.5;25049.25;25049.75;52
25/02/2026;00:24:00;25049.75;25050.25;25048.0;25049.25;29
25/02/2026;00:25:00;25051.0;25054.5;25050.0;25054.5;23
25/02/2026;00:26:00;25054.25;25057.5;25052.75;25056.5;67
25/02/2026;00:27:00;25057.0;25058.75;25053.25;25054.0;64
25/02/2026;00:28:00;25053.75;25054.5;25041.0;25041.0;74
25/02/2026;00:29:00;25040.75;25045.25;25040.75;25041.0;75
25/02/2026;00:30:00;25040.0;25043.75;25036.5;25039.0;128
25/02/2026;00:31:00;25037.25;25048.0;25037.25;25047.5;27
25/02/2026;00:32:00;25047.25;25050.75;25045.25;25046.25;51
25/02/2026;00:33:00;25046.5;25050.5;25046.0;25047.0;27
25/02/2026;00:34:00;25047.5;25050.5;25047.5;25048.75;31
25/02/2026;00:35:00;25049.75;25051.75;25047.75;25051.75;21
25/02/2026;00:36:00;25052.25;25053.0;25049.5;25052.5;30
25/02/2026;00:37:00;25053.0;25055.75;25053.0;25053.75;19
25/02/2026;00:38:00;25053.5;25057.75;25053.25;25056.75;27
25/02/2026;00:39:00;25057.25;25058.75;25053.75;25054.25;29
25/02/2026;00:40:00;25053.75;25053.75;25043.75;25044.75;63
25/02/2026;00:41:00;25046.25;25050.5;25045.5;25050.0;38
25/02/2026;00:42:00;25051.75;25054.25;25051.25;25052.0;11
25/02/2026;00:43:00;25052.5;25052.75;25050.75;25050.75;18
25/02/2026;00:44:00;25049.75;25050.75;25044.75;25044.75;38
25/02/2026;00:45:00;25044.5;25044.5;25038.5;25039.25;144
25/02/2026;00:46:00;25039.0;25040.75;25037.5;25040.75;23
25/02/2026;00:47:00;25041.0;25045.25;25041.0;25043.75;24
25/02/2026;00:48:00;25044.5;25044.75;25039.75;25041.0;50
25/02/2026;00:49:00;25041.0;25043.5;25041.0;25043.5;9
25/02/2026;00:50:00;25040.25;25040.5;25039.0;25040.5;12
25/02/2026;00:51:00;25040.0;25044.75;25038.25;25042.5;30
25/02/2026;00:52:00;25043.25;25046.5;25042.5;25042.5;34
25/02/2026;00:53:00;25042.75;25044.5;25042.75;25044.0;9
25/02/2026;00:54:00;25044.25;25044.25;25042.0;25042.5;10
25/02/2026;00:55:00;25042.0;25043.25;25040.5;25041.25;18
25/02/2026;00:56:00;25041.25;25043.5;25039.75;25040.25;28
25/02/2026;00:57:00;25040.0;25042.0;25038.25;25041.25;22
25/02/2026;00:58:00;25042.0;25043.0;25040.5;25041.25;33
25/02/2026;00:59:00;25040.5;25041.75;25039.25;25041.75;16
25/02/2026;01:00:00;25043.0;25048.0;25041.0;25048.0;73
25/02/2026;01:01:00;25048.0;25051.0;25044.75;25049.5;53
25/02/2026;01:02:00;25049.5;25051.25;25040.5;25040.5;60
25/02/2026;01:03:00;25041.75;25043.5;25035.0;25038.5;85
25/02/2026;01:04:00;25038.5;25045.25;25038.25;25045.0;40
25/02/2026;01:05:00;25044.0;25047.0;25043.0;25043.0;36
25/02/2026;01:06:00;25042.75;25044.75;25038.0;25038.0;55
25/02/2026;01:07:00;25039.75;25042.75;25037.75;25042.25;37
25/02/2026;01:08:00;25041.75;25044.75;25041.0;25044.0;18
25/02/2026;01:09:00;25044.0;25048.0;25043.0;25048.0;32
25/02/2026;01:10:00;25049.5;25053.5;25049.0;25050.25;76
25/02/2026;01:11:00;25051.0;25053.5;25048.25;25048.5;38
25/02/2026;01:12:00;25049.0;25051.0;25049.0;25051.0;21
25/02/2026;01:13:00;25051.0;25052.25;25045.0;25046.75;57
25/02/2026;01:14:00;25046.0;25046.0;25040.25;25041.25;60
25/02/2026;01:15:00;25042.25;25043.75;25038.25;25042.5;33
25/02/2026;01:16:00;25042.5;25047.0;25042.5;25045.5;27
25/02/2026;01:17:00;25045.5;25048.25;25044.75;25046.5;22
25/02/2026;01:18:00;25046.75;25046.75;25035.25;25038.0;72
25/02/2026;01:19:00;25038.0;25039.25;25037.0;25038.0;24
25/02/2026;01:20:00;25040.25;25042.75;25038.25;25039.5;23
25/02/2026;01:21:00;25039.0;25039.5;25039.0;25039.25;6
25/02/2026;01:22:00;25040.5;25044.75;25040.5;25044.75;30
25/02/2026;01:23:00;25046.5;25046.5;25040.5;25044.0;38
25/02/2026;01:24:00;25044.0;25044.0;25040.5;25041.0;11
25/02/2026;01:25:00;25039.75;25043.5;25039.0;25042.0;36
25/02/2026;01:26:00;25039.25;25041.0;25037.0;25037.5;25
25/02/2026;01:27:00;25038.0;25039.0;25036.25;25037.25;27
25/02/2026;01:28:00;25037.0;25040.0;25036.25;25038.5;37
25/02/2026;01:29:00;25039.25;25042.75;25039.25;25041.75;26
25/02/2026;01:30:00;25040.25;25042.75;25039.0;25039.5;29
25/02/2026;01:31:00;25038.75;25042.5;25038.5;25041.75;22
25/02/2026;01:32:00;25040.5;25040.5;25035.25;25036.5;44
25/02/2026;01:33:00;25036.5;25036.5;25026.5;25028.0;193
25/02/2026;01:34:00;25030.0;25031.75;25028.25;25029.5;56
25/02/2026;01:35:00;25028.5;25029.75;25018.75;25019.25;162
25/02/2026;01:36:00;25019.25;25026.75;25017.5;25025.0;98
25/02/2026;01:37:00;25025.0;25029.5;25023.0;25023.0;53
25/02/2026;01:38:00;25023.75;25030.25;25023.0;25028.75;53
25/02/2026;01:39:00;25027.5;25028.75;25026.5;25028.75;33
25/02/2026;01:40:00;25029.0;25031.5;25027.25;25028.5;65
25/02/2026;01:41:00;25029.5;25032.5;25027.0;25031.25;70
25/02/2026;01:42:00;25031.25;25034.5;25030.25;25031.5;75
25/02/2026;01:43:00;25031.75;25034.0;25025.25;25026.75;64
25/02/2026;01:44:00;25026.75;25028.0;25025.25;25027.5;61
25/02/2026;01:45:00;25027.0;25033.5;25026.25;25031.25;46
25/02/2026;01:46:00;25031.75;25035.0;25031.75;25032.5;22
25/02/2026;01:47:00;25032.5;25035.0;25030.0;25033.0;37
25/02/2026;01:48:00;25032.0;25033.5;25030.25;25031.5;18
25/02/2026;01:49:00;25032.75;25034.75;25031.5;25033.0;28
25/02/2026;01:50:00;25033.75;25038.75;25032.75;25035.25;89
25/02/2026;01:51:00;25032.75;25036.0;25032.75;25036.0;44
25/02/2026;01:52:00;25036.0;25037.75;25035.5;25037.5;23
25/02/2026;01:53:00;25036.0;25039.5;25033.75;25039.5;96
25/02/2026;01:54:00;25038.5;25042.25;25038.0;25041.25;74
25/02/2026;01:55:00;25041.25;25041.25;25038.25;25039.5;16
25/02/2026;01:56:00;25038.25;25041.5;25036.75;25038.75;33
25/02/2026;01:57:00;25038.75;25039.25;25034.5;25035.75;55
25/02/2026;01:58:00;25036.25;25042.0;25034.75;25039.0;48
25/02/2026;01:59:00;25038.75;25040.25;25036.0;25036.25;32
25/02/2026;02:00:00;25036.0;25051.25;25036.0;25049.25;279
25/02/2026;02:01:00;25048.75;25055.5;25046.75;25053.0;175
25/02/2026;02:02:00;25052.75;25062.75;25052.75;25059.75;263
25/02/2026;02:03:00;25060.0;25064.0;25054.25;25058.0;123
25/02/2026;02:04:00;25058.25;25071.25;25056.0;25071.25;258
25/02/2026;02:05:00;25070.75;25077.5;25069.75;25075.25;203
25/02/2026;02:06:00;25076.25;25076.75;25068.0;25072.25;125
25/02/2026;02:07:00;25071.5;25077.0;25068.25;25070.25;196
25/02/2026;02:08:00;25072.0;25072.0;25057.0;25057.0;171
25/02/2026;02:09:00;25058.75;25062.5;25053.25;25060.75;133
25/02/2026;02:10:00;25057.75;25061.25;25055.0;25055.0;75
25/02/2026;02:11:00;25055.0;25056.5;25052.0;25056.5;66
25/02/2026;02:12:00;25059.5;25061.25;25050.25;25050.25;73
25/02/2026;02:13:00;25050.0;25059.0;25049.5;25057.5;71
25/02/2026;02:14:00;25056.25;25061.0;25055.5;25056.75;44
25/02/2026;02:15:00;25056.75;25056.75;25051.25;25055.25;114
25/02/2026;02:16:00;25054.0;25054.5;25048.75;25053.25;51
25/02/2026;02:17:00;25053.25;25060.75;25053.25;25057.25;64
25/02/2026;02:18:00;25059.5;25063.5;25056.5;25057.5;86
25/02/2026;02:19:00;25059.5;25068.5;25057.0;25067.75;166
25/02/2026;02:20:00;25067.75;25077.75;25067.5;25077.25;152
25/02/2026;02:21:00;25077.0;25079.75;25069.5;25069.5;152
25/02/2026;02:22:00;25072.25;25074.0;25069.0;25072.75;71
25/02/2026;02:23:00;25073.0;25077.5;25071.25;25077.25;45
25/02/2026;02:24:00;25077.25;25082.0;25076.75;25078.25;123
25/02/2026;02:25:00;25078.75;25085.0;25077.0;25085.0;142
25/02/2026;02:26:00;25084.5;25090.0;25081.5;25083.75;171
25/02/2026;02:27:00;25083.5;25084.5;25076.25;25077.5;95
25/02/2026;02:28:00;25078.25;25078.75;25075.0;25077.25;53
25/02/2026;02:29:00;25077.75;25078.0;25072.75;25075.0;56
25/02/2026;02:30:00;25075.75;25077.75;25074.25;25076.5;75
25/02/2026;02:31:00;25073.75;25073.75;25064.75;25070.0;141
25/02/2026;02:32:00;25069.25;25069.5;25065.5;25067.5;62
25/02/2026;02:33:00;25066.0;25066.25;25063.25;25063.75;69
25/02/2026;02:34:00;25063.75;25065.5;25061.75;25064.75;41
25/02/2026;02:35:00;25063.5;25072.0;25062.5;25068.0;75
25/02/2026;02:36:00;25066.75;25073.0;25066.0;25072.5;52
25/02/2026;02:37:00;25073.25;25076.25;25072.5;25076.25;72
25/02/2026;02:38:00;25075.75;25078.75;25074.25;25077.75;65
25/02/2026;02:39:00;25077.0;25077.0;25069.25;25069.75;75
25/02/2026;02:40:00;25071.5;25074.25;25070.0;25072.75;43
25/02/2026;02:41:00;25073.75;25074.0;25070.5;25072.5;20
25/02/2026;02:42:00;25073.0;25076.75;25071.75;25075.75;25
25/02/2026;02:43:00;25076.25;25080.25;25076.25;25078.5;61
25/02/2026;02:44:00;25077.5;25079.25;25074.5;25076.25;23
25/02/2026;02:45:00;25076.25;25079.0;25075.25;25076.5;22
25/02/2026;02:46:00;25074.75;25075.25;25069.0;25070.75;68
25/02/2026;02:47:00;25070.75;25073.5;25069.5;25073.5;40
25/02/2026;02:48:00;25073.25;25081.75;25073.25;25080.0;93
25/02/2026;02:49:00;25079.0;25083.25;25077.5;25083.25;52
25/02/2026;02:50:00;25081.25;25083.75;25074.5;25074.5;103
25/02/2026;02:51:00;25073.75;25076.75;25072.75;25076.75;28
25/02/2026;02:52:00;25074.5;25074.5;25068.25;25069.25;80
25/02/2026;02:53:00;25068.75;25070.5;25066.5;25068.75;78
25/02/2026;02:54:00;25067.0;25069.5;25064.0;25069.5;52
25/02/2026;02:55:00;25069.5;25071.0;25067.75;25070.25;73
25/02/2026;02:56:00;25069.25;25076.5;25069.25;25075.75;54
25/02/2026;02:57:00;25073.5;25075.0;25069.5;25069.5;47
25/02/2026;02:58:00;25070.0;25072.5;25067.25;25068.0;38
25/02/2026;02:59:00;25068.75;25074.5;25068.25;25074.5;53
25/02/2026;03:00:00;25072.5;25074.0;25066.5;25067.0;157
25/02/2026;03:01:00;25066.0;25075.75;25066.0;25073.75;43
25/02/2026;03:02:00;25073.5;25074.25;25070.75;25071.5;24
25/02/2026;03:03:00;25073.5;25074.5;25065.75;25065.75;78
25/02/2026;03:04:00;25066.75;25066.75;25062.0;25064.25;68
25/02/2026;03:05:00;25063.5;25064.25;25055.25;25063.5;178
25/02/2026;03:06:00;25063.75;25069.75;25061.5;25068.25;140
25/02/2026;03:07:00;25068.75;25070.25;25065.75;25070.25;100
25/02/2026;03:08:00;25071.0;25077.75;25070.25;25076.5;121
25/02/2026;03:09:00;25077.5;25082.0;25074.0;25080.5;115
25/02/2026;03:10:00;25080.25;25085.25;25079.25;25085.25;84
25/02/2026;03:11:00;25083.25;25087.25;25077.75;25078.5;89
25/02/2026;03:12:00;25078.5;25078.75;25074.0;25075.0;45
25/02/2026;03:13:00;25077.75;25080.5;25076.75;25079.25;28
25/02/2026;03:14:00;25079.75;25084.5;25079.0;25081.0;47
25/02/2026;03:15:00;25079.5;25080.0;25072.25;25072.25;61
25/02/2026;03:16:00;25072.25;25074.25;25069.5;25074.25;42
25/02/2026;03:17:00;25075.0;25080.75;25074.75;25079.25;103
25/02/2026;03:18:00;25078.5;25080.5;25075.75;25079.25;92
25/02/2026;03:19:00;25078.25;25078.25;25073.25;25073.75;38
25/02/2026;03:20:00;25074.5;25078.5;25073.25;25075.75;68
25/02/2026;03:21:00;25077.0;25080.75;25075.75;25080.25;64
25/02/2026;03:22:00;25080.25;25082.75;25078.0;25080.25;94
25/02/2026;03:23:00;25081.25;25082.25;25076.5;25077.25;59
25/02/2026;03:24:00;25078.0;25078.0;25072.0;25072.5;42
25/02/2026;03:25:00;25073.5;25075.75;25072.25;25074.0;21
25/02/2026;03:26:00;25074.75;25079.5;25074.75;25078.0;55
25/02/2026;03:27:00;25078.0;25078.75;25075.0;25075.75;33
25/02/2026;03:28:00;25075.25;25075.5;25064.25;25067.25;90
25/02/2026;03:29:00;25066.25;25069.75;25065.25;25068.5;20
25/02/2026;03:30:00;25070.0;25073.25;25067.5;25067.5;37
25/02/2026;03:31:00;25067.5;25068.75;25066.0;25068.75;30
25/02/2026;03:32:00;25068.5;25070.75;25065.0;25065.0;55
25/02/2026;03:33:00;25064.75;25070.0;25064.0;25068.0;33
25/02/2026;03:34:00;25068.5;25072.5;25068.5;25071.0;27
25/02/2026;03:35:00;25070.75;25074.0;25067.5;25068.5;36
25/02/2026;03:36:00;25067.25;25069.0;25065.5;25069.0;26
25/02/2026;03:37:00;25069.0;25076.25;25069.0;25075.5;45
25/02/2026;03:38:00;25073.75;25076.5;25073.25;25074.0;64
25/02/2026;03:39:00;25076.5;25077.75;25074.0;25076.75;25
25/02/2026;03:40:00;25075.0;25079.75;25073.75;25078.25;52
25/02/2026;03:41:00;25078.75;25080.5;25078.0;25079.0;60
25/02/2026;03:42:00;25078.75;25081.0;25078.75;25080.5;23
25/02/2026;03:43:00;25080.5;25083.0;25075.75;25079.5;60
25/02/2026;03:44:00;25079.25;25082.0;25078.75;25082.0;24
25/02/2026;03:45:00;25082.25;25082.25;25078.5;25081.75;31
25/02/2026;03:46:00;25080.75;25087.75;25080.75;25084.5;244
25/02/2026;03:47:00;25085.0;25086.75;25076.5;25078.0;130
25/02/2026;03:48:00;25078.0;25082.25;25072.25;25079.0;109
25/02/2026;03:49:00;25079.0;25079.5;25075.5;25075.75;75
25/02/2026;03:50:00;25075.75;25080.5;25074.5;25074.75;88
25/02/2026;03:51:00;25076.75;25078.0;25074.25;25075.75;42
25/02/2026;03:52:00;25076.5;25079.75;25076.5;25077.75;28
25/02/2026;03:53:00;25077.0;25078.25;25076.5;25078.0;15
25/02/2026;03:54:00;25078.25;25081.0;25078.0;25080.5;76
25/02/2026;03:55:00;25079.5;25081.75;25079.5;25081.25;20
25/02/2026;03:56:00;25080.75;25084.25;25080.75;25083.0;55
25/02/2026;03:57:00;25083.25;25083.25;25080.75;25081.75;28
25/02/2026;03:58:00;25081.25;25081.75;25080.5;25081.5;9
25/02/2026;03:59:00;25082.5;25085.5;25082.25;25082.5;41
25/02/2026;04:00:00;25082.75;25085.75;25081.5;25085.0;66
25/02/2026;04:01:00;25084.5;25085.75;25083.75;25085.0;28
25/02/2026;04:02:00;25085.5;25086.0;25078.25;25080.5;86
25/02/2026;04:03:00;25079.5;25080.0;25074.5;25077.5;52
25/02/2026;04:04:00;25077.5;25077.5;25073.0;25073.5;40
25/02/2026;04:05:00;25073.75;25073.75;25067.25;25067.25;121
25/02/2026;04:06:00;25067.0;25072.5;25066.25;25068.5;68
25/02/2026;04:07:00;25069.0;25073.75;25068.25;25071.75;55
25/02/2026;04:08:00;25072.75;25076.0;25071.5;25075.75;41
25/02/2026;04:09:00;25074.0;25074.75;25072.0;25073.5;67
25/02/2026;04:10:00;25074.0;25077.25;25072.5;25073.5;25
25/02/2026;04:11:00;25071.75;25073.0;25069.0;25069.25;59
25/02/2026;04:12:00;25069.75;25070.75;25067.0;25067.25;55
25/02/2026;04:13:00;25068.25;25071.75;25067.25;25069.25;25
25/02/2026;04:14:00;25069.0;25071.0;25068.25;25071.0;32
25/02/2026;04:15:00;25072.25;25073.0;25069.25;25069.25;17
25/02/2026;04:16:00;25070.5;25073.75;25070.25;25072.0;40
25/02/2026;04:17:00;25073.0;25074.25;25071.0;25072.0;24
25/02/2026;04:18:00;25071.75;25072.5;25069.25;25069.75;24
25/02/2026;04:19:00;25070.25;25071.5;25065.75;25068.75;231
25/02/2026;04:20:00;25068.25;25069.75;25067.0;25067.5;45
25/02/2026;04:21:00;25067.75;25070.0;25065.5;25066.5;49
25/02/2026;04:22:00;25066.5;25076.25;25066.25;25075.5;112
25/02/2026;04:23:00;25076.0;25078.5;25074.0;25076.5;106
25/02/2026;04:24:00;25076.0;25076.25;25073.0;25073.25;20
25/02/2026;04:25:00;25073.75;25076.5;25071.75;25076.5;49
25/02/2026;04:26:00;25075.0;25076.5;25073.5;25076.5;37
25/02/2026;04:27:00;25076.0;25078.75;25074.25;25078.25;98
25/02/2026;04:28:00;25079.0;25082.5;25077.75;25079.75;80
25/02/2026;04:29:00;25078.75;25078.75;25075.75;25076.25;29
25/02/2026;04:30:00;25077.25;25078.25;25074.5;25074.5;19
25/02/2026;04:31:00;25074.0;25080.0;25074.0;25080.0;26
25/02/2026;04:32:00;25079.75;25081.75;25077.0;25077.0;40
25/02/2026;04:33:00;25076.5;25078.25;25073.0;25073.25;41
25/02/2026;04:34:00;25074.5;25076.25;25074.0;25076.25;14
25/02/2026;04:35:00;25075.75;25080.75;25075.5;25080.25;58
25/02/2026;04:36:00;25081.0;25091.75;25081.0;25089.0;183
25/02/2026;04:37:00;25088.75;25092.5;25088.25;25092.25;40
25/02/2026;04:38:00;25092.0;25092.75;25088.25;25091.0;74
25/02/2026;04:39:00;25090.5;25090.5;25087.5;25089.0;17
25/02/2026;04:40:00;25089.25;25090.5;25088.5;25090.25;34
25/02/2026;04:41:00;25088.25;25094.75;25087.5;25092.5;79
25/02/2026;04:42:00;25092.5;25093.5;25088.5;25089.5;72
25/02/2026;04:43:00;25089.25;25090.75;25087.25;25087.75;42
25/02/2026;04:44:00;25087.5;25089.5;25087.5;25087.75;16
25/02/2026;04:45:00;25087.5;25088.0;25081.0;25082.25;77
25/02/2026;04:46:00;25082.75;25086.5;25082.75;25086.5;16
25/02/2026;04:47:00;25086.25;25088.25;25084.0;25085.0;38
25/02/2026;04:48:00;25084.5;25085.75;25084.5;25085.25;23
25/02/2026;04:49:00;25085.5;25087.25;25084.5;25085.25;18
25/02/2026;04:50:00;25084.75;25084.75;25079.75;25079.75;32
25/02/2026;04:51:00;25079.75;25082.5;25077.25;25078.5;57
25/02/2026;04:52:00;25079.0;25081.25;25078.0;25080.75;24
25/02/2026;04:53:00;25080.25;25080.25;25076.25;25077.5;43
25/02/2026;04:54:00;25076.75;25077.75;25070.5;25071.75;88
25/02/2026;04:55:00;25072.0;25073.0;25069.25;25069.5;98
25/02/2026;04:56:00;25070.25;25072.75;25068.25;25070.5;87
25/02/2026;04:57:00;25069.75;25070.5;25069.25;25069.25;28
25/02/2026;04:58:00;25069.0;25074.5;25067.5;25068.5;82
25/02/2026;04:59:00;25067.5;25074.25;25067.25;25073.25;46
25/02/2026;05:00:00;25074.25;25077.75;25072.5;25072.5;101
25/02/2026;05:01:00;25073.25;25074.75;25071.5;25073.75;40
25/02/2026;05:02:00;25074.5;25074.5;25070.0;25071.25;28
25/02/2026;05:03:00;25072.0;25074.0;25071.25;25072.0;23
25/02/2026;05:04:00;25071.25;25071.75;25069.75;25071.25;20
25/02/2026;05:05:00;25071.75;25074.25;25070.75;25073.75;25
25/02/2026;05:06:00;25073.25;25076.0;25069.75;25069.75;43
25/02/2026;05:07:00;25068.75;25071.0;25068.5;25070.25;18
25/02/2026;05:08:00;25071.5;25077.5;25070.75;25076.75;40
25/02/2026;05:09:00;25077.0;25077.0;25072.5;25074.25;35
25/02/2026;05:10:00;25074.25;25076.5;25074.0;25074.75;27
25/02/2026;05:11:00;25074.75;25079.0;25074.75;25076.25;21
25/02/2026;05:12:00;25075.5;25078.0;25074.75;25077.25;17
25/02/2026;05:13:00;25076.75;25078.75;25076.25;25078.25;24
25/02/2026;05:14:00;25078.25;25081.25;25077.5;25079.75;104
25/02/2026;05:15:00;25079.5;25081.5;25079.25;25080.75;28
25/02/2026;05:16:00;25082.0;25082.25;25077.25;25078.5;35
25/02/2026;05:17:00;25079.25;25080.25;25075.25;25075.75;43
25/02/2026;05:18:00;25075.75;25079.0;25074.25;25075.75;76
25/02/2026;05:19:00;25075.25;25076.5;25074.0;25074.75;24
25/02/2026;05:20:00;25076.0;25076.5;25072.5;25073.5;29
25/02/2026;05:21:00;25074.0;25074.0;25071.25;25073.25;16
25/02/2026;05:22:00;25073.25;25081.75;25073.25;25081.25;47
25/02/2026;05:23:00;25081.0;25085.0;25079.75;25083.5;97
25/02/2026;05:24:00;25084.25;25084.25;25080.25;25080.25;46
25/02/2026;05:25:00;25079.75;25082.5;25079.75;25081.5;21
25/02/2026;05:26:00;25082.5;25083.0;25080.25;25081.75;23
25/02/2026;05:27:00;25081.75;25084.0;25081.25;25081.75;21
25/02/2026;05:28:00;25081.0;25082.75;25080.5;25081.75;23
25/02/2026;05:29:00;25082.0;25082.0;25080.0;25081.0;22
25/02/2026;05:30:00;25081.5;25088.0;25081.5;25086.75;93
25/02/2026;05:31:00;25087.25;25091.25;25084.5;25090.5;52
25/02/2026;05:32:00;25091.5;25096.5;25090.75;25092.5;182
25/02/2026;05:33:00;25091.75;25098.75;25091.25;25098.75;133
25/02/2026;05:34:00;25098.5;25100.0;25096.75;25096.75;76
25/02/2026;05:35:00;25096.25;25102.25;25096.25;25100.75;121
25/02/2026;05:36:00;25100.0;25100.25;25093.75;25097.25;132
25/02/2026;05:37:00;25097.25;25097.25;25092.25;25094.25;130
25/02/2026;05:38:00;25093.5;25100.0;25093.0;25100.0;45
25/02/2026;05:39:00;25100.25;25106.5;25100.25;25106.5;118
25/02/2026;05:40:00;25106.75;25108.25;25105.75;25108.0;77
25/02/2026;05:41:00;25108.25;25110.25;25106.75;25108.5;105
25/02/2026;05:42:00;25108.5;25109.25;25105.75;25108.25;88
25/02/2026;05:43:00;25107.75;25108.75;25103.75;25106.5;112
25/02/2026;05:44:00;25105.75;25108.75;25103.25;25108.75;96
25/02/2026;05:45:00;25109.5;25110.0;25107.75;25109.5;86
25/02/2026;05:46:00;25110.0;25118.5;25108.25;25114.25;412
25/02/2026;05:47:00;25114.75;25119.75;25114.0;25117.5;130
25/02/2026;05:48:00;25118.0;25120.25;25116.25;25116.25;148
25/02/2026;05:49:00;25116.25;25117.25;25113.5;25113.75;51
25/02/2026;05:50:00;25113.75;25116.5;25113.75;25114.5;42
25/02/2026;05:51:00;25114.25;25115.5;25113.5;25113.5;47
25/02/2026;05:52:00;25114.5;25116.25;25112.25;25116.0;76
25/02/2026;05:53:00;25117.25;25118.0;25116.5;25117.5;34
25/02/2026;05:54:00;25117.5;25121.0;25117.5;25120.75;100
25/02/2026;05:55:00;25120.75;25128.0;25119.75;25124.75;223
25/02/2026;05:56:00;25124.5;25128.5;25122.25;25124.75;191
25/02/2026;05:57:00;25126.0;25127.25;25122.5;25123.75;99
25/02/2026;05:58:00;25123.75;25126.5;25123.5;25126.25;86
25/02/2026;05:59:00;25126.5;25126.5;25122.75;25124.75;52
25/02/2026;06:00:00;25124.5;25124.5;25116.0;25118.0;257
25/02/2026;06:01:00;25116.75;25121.5;25114.5;25121.0;160
25/02/2026;06:02:00;25122.5;25131.5;25122.0;25130.0;308
25/02/2026;06:03:00;25129.0;25130.5;25120.25;25120.25;184
25/02/2026;06:04:00;25120.0;25121.25;25117.5;25120.5;74
25/02/2026;06:05:00;25118.25;25119.0;25115.25;25118.25;47
25/02/2026;06:06:00;25118.75;25121.5;25116.5;25117.0;81
25/02/2026;06:07:00;25117.75;25121.5;25116.75;25120.5;64
25/02/2026;06:08:00;25120.75;25125.5;25119.0;25120.75;144
25/02/2026;06:09:00;25121.25;25122.5;25118.25;25122.25;100
25/02/2026;06:10:00;25122.0;25125.0;25120.75;25122.5;42
25/02/2026;06:11:00;25121.75;25121.75;25107.5;25110.5;205
25/02/2026;06:12:00;25111.75;25114.25;25111.0;25112.0;58
25/02/2026;06:13:00;25112.5;25113.25;25105.0;25107.25;145
25/02/2026;06:14:00;25107.25;25112.0;25107.0;25112.0;71
25/02/2026;06:15:00;25111.75;25115.0;25110.0;25114.0;64
25/02/2026;06:16:00;25112.75;25116.0;25112.0;25115.75;38
25/02/2026;06:17:00;25116.75;25119.5;25115.75;25115.75;66
25/02/2026;06:18:00;25116.75;25118.0;25115.0;25117.25;21
25/02/2026;06:19:00;25118.25;25132.5;25118.25;25127.75;348
25/02/2026;06:20:00;25128.25;25142.75;25128.0;25138.5;613
25/02/2026;06:21:00;25139.5;25145.25;25139.5;25143.75;230
25/02/2026;06:22:00;25143.75;25149.0;25140.0;25148.0;149
25/02/2026;06:23:00;25147.0;25148.0;25139.0;25143.25;293
25/02/2026;06:24:00;25143.75;25148.5;25139.0;25141.0;425
25/02/2026;06:25:00;25142.5;25145.75;25141.0;25145.25;157
25/02/2026;06:26:00;25145.5;25146.5;25141.5;25145.0;110
25/02/2026;06:27:00;25145.0;25150.0;25139.0;25140.0;324
25/02/2026;06:28:00;25140.25;25140.75;25134.0;25135.75;178
25/02/2026;06:29:00;25135.75;25135.75;25132.25;25133.25;76
25/02/2026;06:30:00;25132.75;25133.25;25126.5;25130.0;141
25/02/2026;06:31:00;25129.25;25129.25;25123.0;25126.25;144
25/02/2026;06:32:00;25126.25;25131.0;25125.75;25129.25;110
25/02/2026;06:33:00;25128.25;25136.5;25128.0;25135.25;207
25/02/2026;06:34:00;25136.5;25141.5;25132.75;25138.75;187
25/02/2026;06:35:00;25138.75;25141.75;25134.25;25139.5;158
25/02/2026;06:36:00;25138.75;25143.0;25137.25;25137.5;111
25/02/2026;06:37:00;25138.0;25141.75;25136.25;25141.75;62
25/02/2026;06:38:00;25142.25;25142.5;25135.0;25136.5;76
25/02/2026;06:39:00;25136.0;25136.75;25132.0;25134.75;80
25/02/2026;06:40:00;25135.0;25135.5;25131.0;25133.0;61
25/02/2026;06:41:00;25133.75;25134.5;25130.25;25131.0;45
25/02/2026;06:42:00;25130.5;25134.75;25129.0;25132.25;90
25/02/2026;06:43:00;25133.25;25135.0;25126.75;25130.75;86
25/02/2026;06:44:00;25132.0;25135.0;25129.0;25130.5;94
25/02/2026;06:45:00;25130.75;25134.0;25129.75;25134.0;27
25/02/2026;06:46:00;25134.0;25138.0;25134.0;25137.0;85
25/02/2026;06:47:00;25137.75;25142.25;25135.5;25135.5;147
25/02/2026;06:48:00;25136.5;25137.5;25135.25;25136.5;29
25/02/2026;06:49:00;25137.25;25142.0;25133.5;25136.0;238
25/02/2026;06:50:00;25136.0;25140.0;25135.75;25139.75;79
25/02/2026;06:51:00;25139.75;25146.75;25139.75;25146.5;133
25/02/2026;06:52:00;25146.25;25146.75;25138.25;25142.0;172
25/02/2026;06:53:00;25143.0;25146.0;25141.75;25142.5;79
25/02/2026;06:54:00;25143.25;25144.0;25139.25;25143.25;103
25/02/2026;06:55:00;25144.0;25145.75;25134.75;25138.75;203
25/02/2026;06:56:00;25139.0;25139.0;25132.0;25134.75;94
25/02/2026;06:57:00;25134.0;25136.5;25133.0;25135.75;65
25/02/2026;06:58:00;25135.25;25138.0;25132.25;25138.0;45
25/02/2026;06:59:00;25138.75;25140.0;25136.25;25138.5;89
25/02/2026;07:00:00;25139.25;25140.25;25133.75;25138.0;143
25/02/2026;07:01:00;25136.0;25141.75;25135.5;25138.5;74
25/02/2026;07:02:00;25138.75;25143.0;25135.75;25142.0;86
25/02/2026;07:03:00;25143.25;25147.0;25142.25;25143.5;100
25/02/2026;07:04:00;25144.25;25144.25;25136.25;25139.5;115
25/02/2026;07:05:00;25139.75;25146.0;25138.25;25145.5;67
25/02/2026;07:06:00;25144.5;25146.75;25142.25;25142.75;135
25/02/2026;07:07:00;25142.75;25143.25;25138.25;25143.25;92
25/02/2026;07:08:00;25143.75;25146.5;25142.0;25143.5;78
25/02/2026;07:09:00;25142.0;25144.0;25139.5;25140.0;30
25/02/2026;07:10:00;25140.25;25147.5;25139.25;25141.25;158
25/02/2026;07:11:00;25141.0;25148.0;25141.0;25148.0;60
25/02/2026;07:12:00;25147.5;25149.0;25143.5;25145.25;137
25/02/2026;07:13:00;25145.0;25148.5;25144.25;25148.25;66
25/02/2026;07:14:00;25149.0;25153.0;25147.25;25149.25;243
25/02/2026;07:15:00;25147.75;25148.75;25142.25;25143.75;145
25/02/2026;07:16:00;25143.5;25146.0;25140.0;25140.75;171
25/02/2026;07:17:00;25141.25;25144.75;25140.25;25144.75;55
25/02/2026;07:18:00;25144.5;25146.5;25142.75;25144.5;49
25/02/2026;07:19:00;25144.0;25144.5;25138.5;25140.5;96
25/02/2026;07:20:00;25140.75;25140.75;25136.75;25139.25;82
25/02/2026;07:21:00;25139.25;25139.5;25132.25;25134.0;146
25/02/2026;07:22:00;25134.25;25136.5;25131.5;25134.0;164
25/02/2026;07:23:00;25134.0;25136.25;25131.5;25135.5;72
25/02/2026;07:24:00;25135.75;25140.5;25133.5;25140.25;97
25/02/2026;07:25:00;25140.0;25145.75;25139.0;25144.0;117
25/02/2026;07:26:00;25144.25;25145.75;25139.75;25140.5;116
25/02/2026;07:27:00;25140.25;25140.25;25138.25;25139.5;59
25/02/2026;07:28:00;25140.0;25146.25;25139.75;25145.75;140
25/02/2026;07:29:00;25145.5;25147.0;25142.25;25143.0;146
25/02/2026;07:30:00;25143.75;25143.75;25134.0;25134.0;133
25/02/2026;07:31:00;25134.75;25134.75;25128.0;25130.75;248
25/02/2026;07:32:00;25130.0;25133.75;25129.5;25133.75;138
25/02/2026;07:33:00;25133.25;25135.0;25123.75;25127.5;212
25/02/2026;07:34:00;25126.5;25133.5;25125.5;25132.25;164
25/02/2026;07:35:00;25131.75;25137.25;25129.75;25132.75;225
25/02/2026;07:36:00;25133.5;25137.75;25130.75;25131.75;176
25/02/2026;07:37:00;25131.25;25133.5;25129.0;25132.25;95
25/02/2026;07:38:00;25132.75;25138.75;25129.0;25136.75;160
25/02/2026;07:39:00;25136.75;25137.5;25132.75;25135.5;109
25/02/2026;07:40:00;25134.5;25140.5;25134.0;25137.5;144
25/02/2026;07:41:00;25138.0;25144.25;25136.75;25136.75;224
25/02/2026;07:42:00;25136.0;25137.0;25133.0;25136.25;123
25/02/2026;07:43:00;25136.75;25138.25;25134.75;25136.5;36
25/02/2026;07:44:00;25137.25;25138.5;25133.0;25134.75;53
25/02/2026;07:45:00;25134.0;25137.0;25132.75;25137.0;91
25/02/2026;07:46:00;25136.25;25145.75;25134.75;25135.75;264
25/02/2026;07:47:00;25135.0;25139.5;25132.75;25139.5;117
25/02/2026;07:48:00;25139.5;25145.75;25138.25;25144.75;202
25/02/2026;07:49:00;25144.75;25146.5;25139.5;25142.25;137
25/02/2026;07:50:00;25142.25;25146.75;25140.25;25144.75;118
25/02/2026;07:51:00;25144.0;25144.25;25139.5;25143.5;74
25/02/2026;07:52:00;25144.0;25144.25;25140.25;25141.0;58
25/02/2026;07:53:00;25141.75;25141.75;25139.5;25141.5;66
25/02/2026;07:54:00;25141.25;25145.5;25137.5;25145.5;140
25/02/2026;07:55:00;25145.25;25159.25;25144.75;25156.0;493
25/02/2026;07:56:00;25156.5;25165.75;25154.5;25161.25;491
25/02/2026;07:57:00;25161.0;25164.25;25158.0;25159.0;168
25/02/2026;07:58:00;25159.75;25160.5;25151.5;25151.5;259
25/02/2026;07:59:00;25151.5;25154.5;25149.25;25150.25;184
25/02/2026;08:00:00;25150.75;25159.5;25150.75;25152.75;357
25/02/2026;08:01:00;25153.0;25164.75;25152.5;25162.5;383
25/02/2026;08:02:00;25162.75;25163.75;25154.75;25155.75;366
25/02/2026;08:03:00;25155.5;25156.5;25147.75;25148.75;619
25/02/2026;08:04:00;25149.5;25152.25;25147.25;25150.75;340
25/02/2026;08:05:00;25150.75;25153.75;25147.5;25151.75;424
25/02/2026;08:06:00;25151.5;25152.5;25146.5;25151.5;208
25/02/2026;08:07:00;25151.75;25152.75;25145.0;25150.75;302
25/02/2026;08:08:00;25150.75;25156.75;25150.5;25155.25;372
25/02/2026;08:09:00;25156.0;25171.25;25156.0;25166.25;831
25/02/2026;08:10:00;25167.25;25177.5;25167.25;25176.25;729
25/02/2026;08:11:00;25175.25;25176.5;25170.75;25173.25;417
25/02/2026;08:12:00;25173.5;25175.5;25167.25;25168.5;398
25/02/2026;08:13:00;25169.0;25169.75;25163.0;25163.0;339
25/02/2026;08:14:00;25162.75;25164.25;25155.5;25156.25;230
25/02/2026;08:15:00;25156.25;25156.25;25149.5;25151.0;432
25/02/2026;08:16:00;25150.75;25153.5;25146.25;25147.75;398
25/02/2026;08:17:00;25147.0;25148.25;25140.75;25141.5;383
25/02/2026;08:18:00;25141.0;25146.25;25140.75;25142.5;370
25/02/2026;08:19:00;25142.25;25144.25;25129.75;25139.75;1641
25/02/2026;08:20:00;25140.0;25148.0;25134.75;25146.5;854
25/02/2026;08:21:00;25146.25;25148.25;25144.0;25147.0;183
25/02/2026;08:22:00;25147.0;25149.0;25144.5;25147.5;178
25/02/2026;08:23:00;25148.0;25153.25;25146.75;25151.0;238
25/02/2026;08:24:00;25150.75;25152.5;25149.5;25151.75;161
25/02/2026;08:25:00;25152.25;25157.25;25148.0;25149.5;423
25/02/2026;08:26:00;25149.25;25150.75;25144.0;25149.75;332
25/02/2026;08:27:00;25150.25;25152.5;25146.25;25150.25;320
25/02/2026;08:28:00;25151.25;25161.25;25150.5;25156.5;771
25/02/2026;08:29:00;25156.5;25164.25;25149.0;25160.75;1080
25/02/2026;08:30:00;25160.5;25220.0;25156.75;25211.75;6626
25/02/2026;08:31:00;25211.75;25231.5;25211.25;25224.0;3859
25/02/2026;08:32:00;25223.75;25230.75;25210.75;25211.75;2564
25/02/2026;08:33:00;25211.75;25233.75;25208.5;25230.5;1908
25/02/2026;08:34:00;25231.0;25244.0;25217.5;25223.0;2558
25/02/2026;08:35:00;25222.25;25242.5;25217.25;25228.0;2588
25/02/2026;08:36:00;25228.5;25248.0;25220.25;25244.75;2049
25/02/2026;08:37:00;25245.0;25248.75;25232.25;25232.5;2206
25/02/2026;08:38:00;25233.25;25236.0;25221.5;25227.25;1499
25/02/2026;08:39:00;25228.25;25254.5;25225.25;25246.75;2024
25/02/2026;08:40:00;25245.75;25264.5;25233.75;25256.75;2301
25/02/2026;08:41:00;25257.0;25266.25;25248.25;25255.75;1514
25/02/2026;08:42:00;25256.75;25264.25;25245.25;25249.0;1402
25/02/2026;08:43:00;25248.75;25278.75;25245.0;25273.25;2582
25/02/2026;08:44:00;25273.5;25279.0;25265.25;25271.25;1473
25/02/2026;08:45:00;25272.25;25303.5;25271.0;25298.25;4409
25/02/2026;08:46:00;25298.5;25312.5;25290.25;25310.75;2275
25/02/2026;08:47:00;25311.0;25329.25;25306.0;25319.5;2640
25/02/2026;08:48:00;25320.0;25323.75;25304.0;25323.0;2266
25/02/2026;08:49:00;25323.25;25332.0;25318.5;25319.0;1799
25/02/2026;08:50:00;25319.5;25330.75;25315.5;25325.75;1488
25/02/2026;08:51:00;25326.5;25348.5;25324.25;25340.25;2105
25/02/2026;08:52:00;25341.25;25342.75;25324.0;25325.25;1533
25/02/2026;08:53:00;25326.0;25340.0;25320.25;25331.75;1607
25/02/2026;08:54:00;25331.75;25339.75;25326.5;25335.0;1059
25/02/2026;08:55:00;25335.25;25340.75;25332.25;25334.25;1148
25/02/2026;08:56:00;25335.0;25337.0;25316.25;25323.0;1983
25/02/2026;08:57:00;25323.25;25327.0;25303.0;25324.25;2082
25/02/2026;08:58:00;25324.25;25353.25;25323.5;25345.25;2223
25/02/2026;08:59:00;25344.75;25350.0;25330.75;25344.0;1688
25/02/2026;09:00:00;25343.25;25361.75;25338.0;25342.25;2649
25/02/2026;09:01:00;25342.75;25355.75;25339.25;25346.25;1306
25/02/2026;09:02:00;25345.25;25352.75;25334.75;25344.75;1273
25/02/2026;09:03:00;25345.0;25348.5;25337.5;25340.0;1234
25/02/2026;09:04:00;25339.75;25347.75;25333.75;25334.0;978
25/02/2026;09:05:00;25334.5;25340.25;25329.0;25334.5;1083
25/02/2026;09:06:00;25334.5;25344.0;25321.25;25321.25;1217
25/02/2026;09:07:00;25321.0;25325.75;25309.25;25314.75;1432
25/02/2026;09:08:00;25314.75;25332.25;25312.0;25320.5;1342
25/02/2026;09:09:00;25322.0;25331.25;25314.25;25318.0;927
25/02/2026;09:10:00;25318.0;25323.25;25305.75;25305.75;1133
25/02/2026;09:11:00;25306.5;25321.5;25303.25;25315.75;1183
25/02/2026;09:12:00;25316.25;25325.25;25310.75;25314.25;1735
25/02/2026;09:13:00;25314.75;25318.5;25307.25;25312.0;1140
25/02/2026;09:14:00;25312.0;25316.25;25305.75;25309.0;1142
25/02/2026;09:15:00;25308.0;25314.5;25302.0;25305.0;1587
25/02/2026;09:16:00;25306.0;25306.0;25285.25;25292.0;2316
25/02/2026;09:17:00;25291.75;25309.25;25290.0;25305.0;1667
25/02/2026;09:18:00;25305.0;25307.25;25296.0;25301.25;1030
25/02/2026;09:19:00;25301.5;25305.5;25288.75;25297.75;1130
25/02/2026;09:20:00;25297.0;25304.0;25288.0;25300.75;926
25/02/2026;09:21:00;25300.5;25302.25;25282.75;25300.0;1217
25/02/2026;09:22:00;25300.0;25315.25;25292.5;25306.25;1720
25/02/2026;09:23:00;25306.0;25311.25;25296.0;25302.0;924
25/02/2026;09:24:00;25301.75;25315.75;25301.75;25308.5;1365
25/02/2026;09:25:00;25308.75;25320.5;25306.75;25313.75;1503
25/02/2026;09:26:00;25314.25;25320.75;25304.5;25312.75;1037
25/02/2026;09:27:00;25312.0;25326.75;25310.25;25325.5;1321
25/02/2026;09:28:00;25325.0;25340.75;25325.0;25334.75;1898
25/02/2026;09:29:00;25334.5;25337.75;25328.25;25334.25;884
25/02/2026;09:30:00;25334.0;25336.25;25319.75;25329.75;1509
25/02/2026;09:31:00;25330.5;25341.5;25326.25;25328.25;1092
25/02/2026;09:32:00;25328.75;25337.75;25326.0;25337.25;762
25/02/2026;09:33:00;25337.0;25338.0;25322.0;25326.75;956
25/02/2026;09:34:00;25326.75;25327.5;25294.25;25297.5;2404
25/02/2026;09:35:00;25297.0;25303.0;25284.5;25293.75;2470
25/02/2026;09:36:00;25294.25;25304.0;25293.75;25299.5;983
25/02/2026;09:37:00;25298.75;25301.5;25290.75;25299.25;763
25/02/2026;09:38:00;25299.5;25303.0;25292.75;25299.5;566
25/02/2026;09:39:00;25299.5;25304.5;25294.75;25296.25;627
25/02/2026;09:40:00;25295.75;25304.0;25293.0;25295.0;610
25/02/2026;09:41:00;25295.5;25303.5;25293.0;25301.75;641
25/02/2026;09:42:00;25302.0;25315.75;25300.75;25312.25;1460
25/02/2026;09:43:00;25312.5;25313.5;25298.0;25302.75;960
25/02/2026;09:44:00;25303.0;25307.0;25293.25;25298.0;925
25/02/2026;09:45:00;25298.0;25307.5;25297.0;25305.75;855
25/02/2026;09:46:00;25306.0;25314.5;25305.0;25310.0;689
25/02/2026;09:47:00;25310.25;25310.75;25297.0;25304.75;711
25/02/2026;09:48:00;25304.25;25306.5;25297.25;25304.25;517
25/02/2026;09:49:00;25304.25;25305.75;25297.0;25301.5;655
25/02/2026;09:50:00;25302.25;25305.0;25291.0;25293.25;1262
25/02/2026;09:51:00;25293.25;25302.75;25287.75;25297.25;991
25/02/2026;09:52:00;25297.75;25301.0;25281.25;25285.25;1052
25/02/2026;09:53:00;25284.75;25288.0;25277.0;25281.25;1266
25/02/2026;09:54:00;25281.25;25290.5;25276.25;25283.5;1072
25/02/2026;09:55:00;25283.0;25283.25;25264.5;25270.25;1661
25/02/2026;09:56:00;25269.25;25279.5;25268.5;25272.25;1362
25/02/2026;09:57:00;25272.25;25284.25;25269.25;25283.5;1181
25/02/2026;09:58:00;25283.25;25292.0;25278.0;25289.0;1081
25/02/2026;09:59:00;25289.0;25298.5;25289.0;25295.25;1378
25/02/2026;10:00:00;25295.25;25309.25;25293.0;25307.75;1351
25/02/2026;10:01:00;25308.75;25310.75;25289.25;25299.5;1591
25/02/2026;10:02:00;25299.5;25305.0;25290.0;25291.25;766
25/02/2026;10:03:00;25292.25;25302.0;25290.25;25291.5;629
25/02/2026;10:04:00;25291.75;25292.75;25284.0;25292.0;983
25/02/2026;10:05:00;25292.0;25293.5;25283.5;25291.75;409
25/02/2026;10:06:00;25292.25;25303.5;25289.75;25299.0;709
25/02/2026;10:07:00;25298.5;25305.75;25293.75;25302.5;644
25/02/2026;10:08:00;25303.0;25304.5;25295.0;25297.25;471
25/02/2026;10:09:00;25298.0;25304.75;25295.5;25304.0;561
25/02/2026;10:10:00;25304.25;25305.25;25295.75;25300.75;1301
25/02/2026;10:11:00;25301.25;25304.25;25290.0;25296.0;672
25/02/2026;10:12:00;25295.5;25296.0;25287.75;25290.75;729
25/02/2026;10:13:00;25290.75;25294.25;25288.75;25293.0;410
25/02/2026;10:14:00;25292.5;25299.5;25291.5;25299.25;391
25/02/2026;10:15:00;25298.75;25301.0;25287.0;25287.75;595
25/02/2026;10:16:00;25288.0;25298.75;25287.75;25293.5;557
25/02/2026;10:17:00;25293.0;25293.25;25282.75;25289.0;1143
25/02/2026;10:18:00;25289.75;25294.25;25284.75;25286.0;478
25/02/2026;10:19:00;25286.5;25290.75;25284.25;25290.5;698
25/02/2026;10:20:00;25290.5;25303.25;25283.75;25297.75;847
25/02/2026;10:21:00;25298.0;25298.0;25285.5;25288.5;489
25/02/2026;10:22:00;25288.0;25296.0;25286.75;25291.75;427
25/02/2026;10:23:00;25290.5;25294.75;25289.5;25292.0;241
25/02/2026;10:24:00;25292.25;25301.25;25288.5;25295.0;682
25/02/2026;10:25:00;25294.75;25300.0;25292.25;25298.0;379
25/02/2026;10:26:00;25298.0;25303.0;25292.0;25300.0;1115
25/02/2026;10:27:00;25300.5;25304.0;25293.0;25297.0;694
25/02/2026;10:28:00;25297.0;25299.25;25290.5;25294.75;399
25/02/2026;10:29:00;25295.5;25304.75;25294.5;25300.75;786
25/02/2026;10:30:00;25300.5;25307.25;25298.75;25306.25;755
25/02/2026;10:31:00;25306.0;25315.25;25304.75;25313.5;792
25/02/2026;10:32:00;25314.0;25315.0;25307.0;25310.75;510
25/02/2026;10:33:00;25310.5;25314.25;25308.75;25310.0;690
25/02/2026;10:34:00;25310.5;25311.0;25298.25;25299.75;775
25/02/2026;10:35:00;25299.25;25308.5;25298.0;25302.25;517
25/02/2026;10:36:00;25302.0;25303.5;25293.25;25296.0;943
25/02/2026;10:37:00;25296.25;25304.0;25295.0;25300.0;498
25/02/2026;10:38:00;25300.0;25304.25;25296.25;25303.75;337
25/02/2026;10:39:00;25304.25;25314.25;25304.25;25313.5;706
25/02/2026;10:40:00;25313.25;25321.5;25311.0;25319.25;918
25/02/2026;10:41:00;25319.5;25324.0;25318.5;25323.25;849
25/02/2026;10:42:00;25322.5;25327.5;25316.5;25325.5;985
25/02/2026;10:43:00;25325.5;25327.25;25322.5;25325.5;565
25/02/2026;10:44:00;25325.0;25326.5;25319.75;25320.5;395
25/02/2026;10:45:00;25320.75;25326.75;25320.5;25321.75;552
25/02/2026;10:46:00;25322.0;25323.5;25317.5;25322.0;564
25/02/2026;10:47:00;25322.5;25323.25;25317.5;25320.25;741
25/02/2026;10:48:00;25321.0;25332.0;25319.0;25322.0;879
25/02/2026;10:49:00;25322.25;25325.5;25320.0;25323.5;431
25/02/2026;10:50:00;25323.5;25326.75;25321.25;25322.5;491
25/02/2026;10:51:00;25322.25;25326.25;25318.75;25325.75;544
25/02/2026;10:52:00;25325.25;25333.25;25323.75;25329.5;520
25/02/2026;10:53:00;25329.5;25331.0;25324.5;25331.0;495
25/02/2026;10:54:00;25330.5;25331.5;25324.25;25324.25;449
25/02/2026;10:55:00;25324.25;25324.75;25317.5;25318.75;832
25/02/2026;10:56:00;25318.0;25321.0;25315.5;25318.75;751
25/02/2026;10:57:00;25318.5;25319.5;25313.75;25316.5;478
25/02/2026;10:58:00;25316.75;25318.75;25314.5;25317.75;264
25/02/2026;10:59:00;25318.0;25320.5;25315.75;25316.5;260
25/02/2026;11:00:00;25316.75;25318.75;25314.0;25316.5;476
25/02/2026;11:01:00;25317.5;25328.0;25316.5;25327.5;598
25/02/2026;11:02:00;25327.75;25331.25;25324.75;25330.75;598
25/02/2026;11:03:00;25331.0;25332.5;25323.25;25328.75;491
25/02/2026;11:04:00;25328.75;25330.5;25326.25;25328.5;375
25/02/2026;11:05:00;25328.75;25333.75;25327.5;25333.0;374
25/02/2026;11:06:00;25333.25;25335.5;25329.25;25334.25;408
25/02/2026;11:07:00;25334.0;25335.0;25330.25;25333.25;304
25/02/2026;11:08:00;25332.75;25332.75;25310.5;25330.5;2216
25/02/2026;11:09:00;25330.5;25331.25;25325.5;25327.5;407
25/02/2026;11:10:00;25326.75;25331.75;25323.25;25331.0;422
25/02/2026;11:11:00;25331.0;25337.25;25330.0;25335.25;529
25/02/2026;11:12:00;25335.5;25339.75;25334.0;25336.25;558
25/02/2026;11:13:00;25336.25;25341.0;25334.25;25335.75;408
25/02/2026;11:14:00;25335.75;25340.5;25334.75;25339.0;428
25/02/2026;11:15:00;25339.25;25339.75;25334.0;25335.0;337
25/02/2026;11:16:00;25335.25;25339.0;25331.5;25335.75;334
25/02/2026;11:17:00;25336.5;25339.25;25332.75;25335.75;408
25/02/2026;11:18:00;25335.5;25337.25;25333.5;25334.75;310
25/02/2026;11:19:00;25334.75;25339.5;25334.0;25335.5;269
25/02/2026;11:20:00;25335.25;25336.0;25330.75;25333.5;338
25/02/2026;11:21:00;25334.25;25336.5;25332.75;25334.0;266
25/02/2026;11:22:00;25334.0;25339.0;25331.5;25334.75;320
25/02/2026;11:23:00;25335.25;25337.0;25332.5;25333.25;202
25/02/2026;11:24:00;25333.0;25337.25;25330.25;25335.75;243
25/02/2026;11:25:00;25336.25;25339.5;25334.25;25337.25;263
25/02/2026;11:26:00;25337.5;25337.5;25332.75;25337.0;317
25/02/2026;11:27:00;25337.5;25337.5;25330.0;25330.0;293
25/02/2026;11:28:00;25330.75;25332.25;25324.5;25324.5;470
25/02/2026;11:29:00;25325.0;25325.25;25319.5;25321.25;675
25/02/2026;11:30:00;25321.0;25322.0;25315.0;25321.75;1012
25/02/2026;11:31:00;25321.75;25328.75;25321.25;25322.25;608
25/02/2026;11:32:00;25322.75;25325.0;25318.0;25324.0;333
25/02/2026;11:33:00;25324.25;25326.0;25322.0;25323.0;178
25/02/2026;11:34:00;25323.25;25324.75;25320.75;25321.25;214
25/02/2026;11:35:00;25321.25;25329.25;25321.25;25327.0;276
25/02/2026;11:36:00;25327.0;25328.0;25324.0;25325.25;184
25/02/2026;11:37:00;25325.25;25336.5;25322.75;25331.25;622
25/02/2026;11:38:00;25330.5;25333.75;25328.0;25328.75;471
25/02/2026;11:39:00;25328.25;25333.0;25328.25;25330.75;213
25/02/2026;11:40:00;25330.75;25333.75;25328.5;25329.75;254
25/02/2026;11:41:00;25329.75;25338.0;25328.75;25336.25;535
25/02/2026;11:42:00;25336.25;25338.0;25333.75;25337.75;474
25/02/2026;11:43:00;25337.75;25340.75;25335.0;25337.5;685
25/02/2026;11:44:00;25337.75;25338.0;25331.25;25333.75;500
25/02/2026;11:45:00;25334.0;25338.75;25330.5;25335.25;926
25/02/2026;11:46:00;25335.5;25342.75;25335.5;25341.5;396
25/02/2026;11:47:00;25341.75;25345.0;25340.5;25343.75;515
25/02/2026;11:48:00;25343.5;25344.5;25336.75;25337.25;508
25/02/2026;11:49:00;25336.25;25338.0;25335.0;25337.75;318
25/02/2026;11:50:00;25337.5;25346.0;25336.75;25343.75;731
25/02/2026;11:51:00;25343.75;25348.75;25342.25;25343.5;680
25/02/2026;11:52:00;25343.25;25345.75;25340.25;25345.0;440
25/02/2026;11:53:00;25344.75;25349.5;25343.75;25347.75;481
25/02/2026;11:54:00;25348.25;25351.5;25345.5;25347.5;572
25/02/2026;11:55:00;25347.75;25349.5;25342.75;25344.5;418
25/02/2026;11:56:00;25344.75;25350.25;25344.25;25349.5;430
25/02/2026;11:57:00;25349.25;25353.0;25348.25;25351.5;454
25/02/2026;11:58:00;25351.5;25353.5;25349.0;25351.5;482
25/02/2026;11:59:00;25351.75;25355.0;25350.0;25352.25;702
25/02/2026;12:00:00;25352.75;25354.5;25351.5;25352.25;408
25/02/2026;12:01:00;25352.25;25358.0;25350.75;25353.75;553
25/02/2026;12:02:00;25355.0;25355.75;25350.75;25352.0;463
25/02/2026;12:03:00;25351.25;25353.75;25349.75;25353.0;484
25/02/2026;12:04:00;25353.0;25353.25;25345.0;25346.75;597
25/02/2026;12:05:00;25347.25;25348.25;25344.5;25345.25;480
25/02/2026;12:06:00;25346.0;25346.5;25341.25;25342.75;361
25/02/2026;12:07:00;25342.25;25345.0;25341.5;25344.0;241
25/02/2026;12:08:00;25344.0;25346.0;25343.0;25344.25;174
25/02/2026;12:09:00;25344.75;25347.25;25342.25;25346.75;316
25/02/2026;12:10:00;25346.25;25351.0;25345.75;25349.5;411
25/02/2026;12:11:00;25350.0;25355.25;25350.0;25352.5;464
25/02/2026;12:12:00;25352.25;25352.5;25345.5;25348.75;411
25/02/2026;12:13:00;25348.5;25348.5;25345.5;25346.25;293
25/02/2026;12:14:00;25346.75;25347.75;25344.5;25344.75;233
25/02/2026;12:15:00;25344.5;25346.0;25338.25;25345.0;409
25/02/2026;12:16:00;25345.5;25345.75;25339.25;25341.75;322
25/02/2026;12:17:00;25341.0;25342.5;25336.5;25338.5;425
25/02/2026;12:18:00;25338.5;25342.5;25337.25;25339.25;226
25/02/2026;12:19:00;25339.25;25341.75;25337.25;25340.25;210
25/02/2026;12:20:00;25340.25;25340.75;25338.0;25339.75;184
25/02/2026;12:21:00;25339.75;25343.25;25338.25;25339.5;253
25/02/2026;12:22:00;25339.5;25343.0;25338.0;25340.75;196
25/02/2026;12:23:00;25341.25;25343.25;25340.0;25340.75;205
25/02/2026;12:24:00;25341.0;25342.75;25337.5;25338.25;529
25/02/2026;12:25:00;25337.75;25342.0;25337.5;25341.0;247
25/02/2026;12:26:00;25341.5;25343.0;25338.5;25342.25;167
25/02/2026;12:27:00;25342.0;25342.5;25339.25;25339.25;192
25/02/2026;12:28:00;25339.5;25341.25;25337.75;25340.5;229
25/02/2026;12:29:00;25340.5;25341.25;25337.25;25339.25;256
25/02/2026;12:30:00;25339.5;25342.0;25337.5;25338.0;368
25/02/2026;12:31:00;25337.75;25340.0;25336.5;25338.25;184
25/02/2026;12:32:00;25338.25;25339.25;25334.25;25336.75;315
25/02/2026;12:33:00;25337.0;25339.75;25335.5;25339.5;278
25/02/2026;12:34:00;25339.75;25339.75;25336.75;25338.75;185
25/02/2026;12:35:00;25338.75;25340.5;25335.0;25338.0;246
25/02/2026;12:36:00;25338.0;25339.75;25335.25;25339.5;164
25/02/2026;12:37:00;25339.75;25339.75;25337.5;25338.5;144
25/02/2026;12:38:00;25338.25;25340.0;25337.5;25339.5;186
25/02/2026;12:39:00;25339.75;25342.25;25338.75;25341.25;291
25/02/2026;12:40:00;25341.25;25347.5;25340.75;25343.25;459
25/02/2026;12:41:00;25343.0;25351.25;25342.0;25349.25;404
25/02/2026;12:42:00;25349.0;25352.0;25347.5;25350.5;493
25/02/2026;12:43:00;25350.25;25350.75;25347.75;25349.75;205
25/02/2026;12:44:00;25349.75;25354.0;25349.25;25350.75;291
25/02/2026;12:45:00;25351.0;25353.25;25350.5;25351.0;200
25/02/2026;12:46:00;25350.75;25352.5;25348.75;25350.25;222
25/02/2026;12:47:00;25350.75;25352.0;25350.25;25350.75;175
25/02/2026;12:48:00;25351.0;25354.5;25347.75;25349.5;284
25/02/2026;12:49:00;25349.75;25353.25;25349.0;25353.0;226
25/02/2026;12:50:00;25353.25;25356.0;25350.5;25351.0;316
25/02/2026;12:51:00;25350.75;25353.5;25349.25;25351.75;163
25/02/2026;12:52:00;25352.0;25354.0;25350.25;25353.0;156
25/02/2026;12:53:00;25353.5;25355.75;25351.25;25353.0;267
25/02/2026;12:54:00;25352.75;25354.0;25351.25;25353.75;126
25/02/2026;12:55:00;25354.25;25354.25;25351.75;25353.0;157
25/02/2026;12:56:00;25353.5;25354.5;25351.5;25352.0;149
25/02/2026;12:57:00;25351.75;25353.5;25349.5;25350.75;182
25/02/2026;12:58:00;25351.0;25351.5;25348.75;25351.0;178
25/02/2026;12:59:00;25351.75;25352.75;25350.0;25350.5;120
25/02/2026;13:00:00;25350.25;25355.0;25349.5;25353.5;317
25/02/2026;13:01:00;25352.75;25357.5;25352.25;25356.25;394
25/02/2026;13:02:00;25356.5;25372.75;25355.75;25361.5;1513
25/02/2026;13:03:00;25361.25;25365.0;25358.5;25362.5;442
25/02/2026;13:04:00;25363.0;25364.25;25360.0;25363.75;303
25/02/2026;13:05:00;25363.5;25367.75;25360.25;25367.75;408
25/02/2026;13:06:00;25368.0;25370.0;25366.5;25369.75;404
25/02/2026;13:07:00;25369.25;25374.0;25368.0;25371.25;571
25/02/2026;13:08:00;25371.75;25372.5;25368.25;25369.25;337
25/02/2026;13:09:00;25369.5;25370.75;25367.75;25370.0;320
25/02/2026;13:10:00;25369.5;25371.25;25367.0;25367.75;347
25/02/2026;13:11:00;25367.5;25367.75;25362.25;25364.0;356
25/02/2026;13:12:00;25364.25;25367.5;25363.5;25365.5;199
25/02/2026;13:13:00;25365.25;25367.5;25364.0;25366.25;238
25/02/2026;13:14:00;25366.25;25368.25;25364.75;25365.75;255
25/02/2026;13:15:00;25366.0;25368.25;25364.0;25367.25;263
25/02/2026;13:16:00;25367.25;25369.0;25364.25;25367.75;276
25/02/2026;13:17:00;25368.0;25370.0;25365.5;25369.5;232
25/02/2026;13:18:00;25369.75;25378.0;25369.25;25376.25;676
25/02/2026;13:19:00;25376.25;25377.25;25374.75;25376.25;277
25/02/2026;13:20:00;25376.25;25376.5;25373.5;25374.75;332
25/02/2026;13:21:00;25374.5;25375.25;25371.75;25373.5;247
25/02/2026;13:22:00;25373.25;25373.5;25366.25;25367.75;335
25/02/2026;13:23:00;25367.25;25369.75;25367.0;25368.5;220
25/02/2026;13:24:00;25369.25;25372.5;25368.25;25370.25;203
25/02/2026;13:25:00;25370.0;25372.25;25367.25;25371.0;379
25/02/2026;13:26:00;25371.25;25374.25;25371.0;25371.0;213
25/02/2026;13:27:00;25371.25;25372.25;25369.0;25372.25;174
25/02/2026;13:28:00;25372.25;25376.5;25371.5;25375.25;349
25/02/2026;13:29:00;25374.25;25375.5;25369.5;25371.0;345
25/02/2026;13:30:00;25371.25;25376.5;25370.25;25375.0;332
25/02/2026;13:31:00;25375.0;25378.5;25374.25;25374.75;385
25/02/2026;13:32:00;25375.0;25376.0;25372.0;25373.75;261
25/02/2026;13:33:00;25374.0;25374.75;25371.25;25371.75;224
25/02/2026;13:34:00;25372.5;25375.5;25371.25;25374.5;326
25/02/2026;13:35:00;25373.75;25375.5;25371.0;25375.5;286
25/02/2026;13:36:00;25375.0;25376.25;25373.0;25373.75;221
25/02/2026;13:37:00;25374.25;25377.25;25373.0;25375.75;257
25/02/2026;13:38:00;25376.0;25376.5;25373.75;25374.25;159
25/02/2026;13:39:00;25374.25;25375.0;25372.0;25372.75;221
25/02/2026;13:40:00;25373.0;25376.5;25372.0;25374.25;288
25/02/2026;13:41:00;25374.5;25374.5;25366.5;25369.75;563
25/02/2026;13:42:00;25369.75;25372.75;25368.0;25369.0;255
25/02/2026;13:43:00;25369.0;25371.0;25368.75;25370.0;163
25/02/2026;13:44:00;25370.0;25371.25;25365.75;25366.25;337
25/02/2026;13:45:00;25366.0;25368.25;25364.25;25367.0;393
25/02/2026;13:46:00;25367.25;25371.75;25366.75;25371.0;282
25/02/2026;13:47:00;25371.0;25372.25;25369.5;25370.0;198
25/02/2026;13:48:00;25369.5;25372.75;25368.25;25372.75;231
25/02/2026;13:49:00;25372.75;25375.0;25370.75;25372.25;321
25/02/2026;13:50:00;25372.75;25374.0;25370.0;25372.0;236
25/02/2026;13:51:00;25372.5;25372.5;25368.5;25370.75;186
25/02/2026;13:52:00;25370.25;25371.75;25369.25;25369.75;150
25/02/2026;13:53:00;25369.5;25372.75;25367.75;25371.25;287
25/02/2026;13:54:00;25370.5;25375.5;25370.0;25373.5;268
25/02/2026;13:55:00;25373.5;25375.0;25372.25;25373.25;206
25/02/2026;13:56:00;25372.75;25374.25;25371.0;25373.5;173
25/02/2026;13:57:00;25373.5;25374.25;25371.75;25372.25;188
25/02/2026;13:58:00;25372.5;25373.5;25371.25;25373.0;185
25/02/2026;13:59:00;25372.75;25372.75;25368.0;25368.75;286
25/02/2026;14:00:00;25368.5;25371.25;25366.5;25371.0;354
25/02/2026;14:01:00;25370.75;25372.75;25370.0;25371.25;226
25/02/2026;14:02:00;25371.25;25372.75;25368.5;25370.75;271
25/02/2026;14:03:00;25370.5;25370.5;25364.75;25368.0;372
25/02/2026;14:04:00;25368.25;25369.25;25365.5;25368.25;215
25/02/2026;14:05:00;25368.5;25371.25;25368.25;25368.75;189
25/02/2026;14:06:00;25368.75;25368.75;25365.5;25367.25;301
25/02/2026;14:07:00;25367.25;25374.5;25365.5;25373.0;398
25/02/2026;14:08:00;25373.75;25376.5;25372.75;25375.0;364
25/02/2026;14:09:00;25375.5;25376.25;25373.0;25374.75;246
25/02/2026;14:10:00;25375.0;25375.0;25369.75;25373.25;365
25/02/2026;14:11:00;25373.75;25373.75;25370.0;25371.5;160
25/02/2026;14:12:00;25372.0;25372.5;25367.5;25371.5;248
25/02/2026;14:13:00;25371.0;25371.75;25367.75;25371.0;216
25/02/2026;14:14:00;25370.75;25371.0;25368.5;25370.75;161
25/02/2026;14:15:00;25370.75;25372.0;25367.25;25367.75;327
25/02/2026;14:16:00;25368.0;25372.75;25367.5;25371.75;247
25/02/2026;14:17:00;25371.75;25372.75;25368.25;25371.0;273
25/02/2026;14:18:00;25371.75;25374.0;25370.5;25373.0;297
25/02/2026;14:19:00;25373.0;25373.25;25370.5;25372.25;217
25/02/2026;14:20:00;25372.75;25372.75;25367.5;25368.0;266
25/02/2026;14:21:00;25368.5;25370.75;25366.75;25369.25;312
25/02/2026;14:22:00;25369.5;25370.25;25364.5;25364.75;381
25/02/2026;14:23:00;25365.25;25366.0;25359.5;25364.75;1023
25/02/2026;14:24:00;25365.25;25366.25;25363.0;25363.0;303
25/02/2026;14:25:00;25363.25;25370.0;25362.0;25368.5;707
25/02/2026;14:26:00;25368.25;25368.5;25364.5;25366.25;423
25/02/2026;14:27:00;25366.0;25371.0;25365.5;25370.5;364
25/02/2026;14:28:00;25370.5;25374.0;25369.0;25371.5;340
25/02/2026;14:29:00;25371.25;25372.0;25366.5;25366.75;284
25/02/2026;14:30:00;25366.75;25366.75;25358.0;25360.5;1243
25/02/2026;14:31:00;25360.75;25361.75;25352.25;25352.75;1007
25/02/2026;14:32:00;25352.25;25361.25;25352.0;25360.25;742
25/02/2026;14:33:00;25359.75;25364.75;25356.75;25359.0;535
25/02/2026;14:34:00;25358.75;25360.5;25355.75;25356.75;405
25/02/2026;14:35:00;25356.75;25360.5;25354.25;25360.0;778
25/02/2026;14:36:00;25359.75;25361.75;25356.75;25359.25;378
25/02/2026;14:37:00;25359.5;25364.0;25359.0;25361.5;596
25/02/2026;14:38:00;25361.0;25370.0;25361.0;25368.75;1037
25/02/2026;14:39:00;25368.75;25378.0;25368.0;25373.75;1135
25/02/2026;14:40:00;25373.5;25375.25;25370.25;25374.0;713
25/02/2026;14:41:00;25373.75;25384.0;25373.25;25380.0;974
25/02/2026;14:42:00;25380.0;25380.25;25373.0;25375.75;1072
25/02/2026;14:43:00;25375.5;25376.75;25373.5;25376.0;420
25/02/2026;14:44:00;25375.75;25376.25;25373.25;25374.0;423
25/02/2026;14:45:00;25374.0;25378.75;25371.5;25378.0;602
25/02/2026;14:46:00;25377.75;25380.75;25375.0;25380.25;518
25/02/2026;14:47:00;25380.25;25385.75;25378.25;25384.0;601
25/02/2026;14:48:00;25384.5;25387.5;25383.0;25386.5;648
25/02/2026;14:49:00;25386.5;25386.75;25380.25;25381.0;761
25/02/2026;14:50:00;25380.75;25396.5;25369.0;25389.0;2817
25/02/2026;14:51:00;25389.5;25391.25;25384.25;25387.25;796
25/02/2026;14:52:00;25387.75;25392.0;25385.0;25385.25;730
25/02/2026;14:53:00;25385.5;25385.75;25377.25;25381.75;1353
25/02/2026;14:54:00;25382.0;25389.75;25379.5;25387.0;1357
25/02/2026;14:55:00;25387.5;25387.5;25374.25;25381.25;1615
25/02/2026;14:56:00;25381.25;25383.75;25374.5;25378.75;1203
25/02/2026;14:57:00;25378.75;25382.25;25376.0;25377.75;1021
25/02/2026;14:58:00;25378.25;25378.75;25372.25;25374.0;1838
25/02/2026;14:59:00;25374.0;25387.5;25373.75;25383.25;7997
25/02/2026;15:00:00;25383.75;25390.0;25378.75;25381.5;2429
25/02/2026;15:01:00;25382.0;25384.0;25371.5;25372.5;918
25/02/2026;15:02:00;25371.5;25377.0;25371.25;25373.5;656
25/02/2026;15:03:00;25373.5;25385.75;25372.0;25385.75;691
25/02/2026;15:04:00;25385.5;25391.25;25381.0;25384.0;753
25/02/2026;15:05:00;25384.25;25394.0;25384.25;25389.75;688
25/02/2026;15:06:00;25389.75;25400.0;25389.75;25398.0;602
25/02/2026;15:07:00;25397.25;25407.0;25396.0;25400.5;768
25/02/2026;15:08:00;25400.5;25406.0;25397.25;25399.25;830
25/02/2026;15:09:00;25399.5;25402.75;25396.0;25401.0;376
25/02/2026;15:10:00;25400.5;25400.75;25392.0;25393.0;422
25/02/2026;15:11:00;25393.5;25395.0;25388.25;25389.0;359
25/02/2026;15:12:00;25388.75;25394.75;25387.75;25392.75;236
25/02/2026;15:13:00;25392.5;25399.25;25388.75;25395.5;468
25/02/2026;15:14:00;25395.75;25397.25;25388.0;25391.75;422
25/02/2026;15:15:00;25391.0;25395.75;25389.25;25394.75;130
25/02/2026;15:16:00;25395.25;25400.0;25393.75;25398.25;171
25/02/2026;15:17:00;25398.0;25399.25;25387.75;25387.75;230
25/02/2026;15:18:00;25389.25;25393.5;25382.75;25388.0;263
25/02/2026;15:19:00;25387.5;25389.25;25379.0;25381.75;250
25/02/2026;15:20:00;25382.75;25390.25;25370.0;25388.0;181
25/02/2026;15:21:00;25386.25;25393.25;25383.25;25392.0;71
25/02/2026;15:22:00;25392.0;25395.25;25389.0;25391.0;76
25/02/2026;15:23:00;25390.0;25393.25;25387.5;25389.0;46
25/02/2026;15:24:00;25388.75;25392.0;25385.5;25387.0;58
25/02/2026;15:25:00;25386.5;25386.75;25376.25;25384.75;105
25/02/2026;15:26:00;25385.5;25423.75;25383.0;25398.75;773
25/02/2026;15:27:00;25400.5;25404.75;25390.5;25395.5;239
25/02/2026;15:28:00;25396.25;25398.75;25391.5;25391.5;73
25/02/2026;15:29:00;25391.0;25396.0;25386.5;25395.5;184
25/02/2026;15:30:00;25395.5;25396.25;25388.0;25392.0;157
25/02/2026;15:31:00;25392.75;25484.75;25382.0;25435.25;2549
25/02/2026;15:32:00;25432.5;25456.75;25412.5;25427.0;1816
25/02/2026;15:33:00;25427.75;25456.0;25424.5;25451.0;698
25/02/2026;15:34:00;25449.0;25478.75;25441.25;25477.5;1047
25/02/2026;15:35:00;25474.5;25494.75;25469.5;25484.0;1214
25/02/2026;15:36:00;25483.0;25485.5;25452.5;25462.75;1041
25/02/2026;15:37:00;25462.0;25483.0;25458.5;25479.5;528
25/02/2026;15:38:00;25482.0;25483.75;25462.5;25479.75;519
25/02/2026;15:39:00;25478.75;25487.0;25474.5;25483.75;489
25/02/2026;15:40:00;25482.25;25485.0;25473.25;25482.5;332
25/02/2026;15:41:00;25482.25;25482.25;25474.0;25475.0;344
25/02/2026;15:42:00;25476.0;25478.5;25458.75;25464.0;502
25/02/2026;15:43:00;25463.25;25463.25;25454.5;25458.25;431
25/02/2026;15:44:00;25457.0;25467.25;25452.75;25459.0;504
25/02/2026;15:45:00;25460.0;25463.25;25436.25;25441.0;688
25/02/2026;15:46:00;25441.0;25450.0;25438.75;25440.0;419
25/02/2026;15:47:00;25440.5;25448.0;25436.25;25448.0;378
25/02/2026;15:48:00;25447.75;25454.0;25436.75;25446.5;365
25/02/2026;15:49:00;25446.0;25456.75;25440.25;25453.0;384
25/02/2026;15:50:00;25452.0;25452.25;25446.25;25450.0;330
25/02/2026;15:51:00;25447.75;25458.25;25446.5;25454.75;242
25/02/2026;15:52:00;25454.0;25454.0;25442.25;25442.25;207
25/02/2026;15:53:00;25442.0;25454.75;25439.5;25449.75;345
25/02/2026;15:54:00;25449.75;25467.0;25446.25;25462.0;326
25/02/2026;15:55:00;25462.5;25471.5;25461.25;25467.0;271
25/02/2026;15:56:00;25466.75;25469.5;25465.0;25467.75;163
25/02/2026;15:57:00;25467.75;25467.75;25456.75;25460.5;288
25/02/2026;15:58:00;25460.0;25464.25;25454.0;25459.75;219
25/02/2026;15:59:00;25459.5;25461.75;25457.25;25461.75;153
25/02/2026;17:00:00;25388.25;25413.5;25380.25;25410.25;0
25/02/2026;17:01:00;25410.0;25418.25;25398.75;25401.75;446
25/02/2026;17:02:00;25400.5;25401.75;25380.25;25383.5;439
25/02/2026;17:03:00;25385.75;25394.25;25383.5;25384.25;239
25/02/2026;17:04:00;25384.0;25384.75;25366.0;25381.75;408
25/02/2026;17:05:00;25382.25;25382.5;25365.5;25373.5;389
25/02/2026;17:06:00;25374.75;25389.5;25374.75;25385.75;214
25/02/2026;17:07:00;25386.25;25398.0;25381.0;25393.5;204
25/02/2026;17:08:00;25394.25;25403.5;25391.0;25403.5;194
25/02/2026;17:09:00;25403.5;25409.25;25402.75;25405.5;147
25/02/2026;17:10:00;25405.75;25405.75;25397.0;25398.0;113
25/02/2026;17:11:00;25397.0;25399.0;25389.5;25393.75;131
25/02/2026;17:12:00;25393.75;25398.25;25393.0;25393.0;58
25/02/2026;17:13:00;25392.25;25394.5;25377.75;25378.75;189
25/02/2026;17:14:00;25379.25;25385.0;25377.0;25380.5;187
25/02/2026;17:15:00;25380.0;25392.75;25379.0;25387.25;206
25/02/2026;17:16:00;25386.5;25388.75;25384.75;25386.5;36
25/02/2026;17:17:00;25386.0;25386.0;25382.75;25383.5;36
25/02/2026;17:18:00;25384.0;25386.25;25373.75;25375.0;178
25/02/2026;17:19:00;25375.5;25378.75;25372.25;25376.0;211
25/02/2026;17:20:00;25376.25;25378.0;25370.0;25374.0;144
25/02/2026;17:21:00;25373.5;25375.0;25367.25;25370.0;141
25/02/2026;17:22:00;25370.0;25371.5;25368.5;25369.5;49
25/02/2026;17:23:00;25368.5;25372.5;25367.75;25372.25;80
25/02/2026;17:24:00;25371.0;25371.75;25367.5;25368.25;93
25/02/2026;17:25:00;25368.0;25369.5;25363.75;25369.0;147
25/02/2026;17:26:00;25369.0;25370.5;25361.25;25370.5;138
25/02/2026;17:27:00;25370.0;25374.75;25370.0;25371.25;82
25/02/2026;17:28:00;25371.0;25380.0;25370.25;25378.25;204
25/02/2026;17:29:00;25379.5;25385.0;25379.0;25383.5;154
25/02/2026;17:30:00;25383.5;25387.5;25381.0;25381.5;197
25/02/2026;17:31:00;25382.0;25382.5;25372.5;25376.0;157
25/02/2026;17:32:00;25374.25;25375.5;25356.5;25362.0;470
25/02/2026;17:33:00;25360.75;25360.75;25355.5;25357.0;119
25/02/2026;17:34:00;25356.5;25358.75;25346.25;25352.5;312
25/02/2026;17:35:00;25352.0;25352.25;25342.75;25347.0;206
25/02/2026;17:36:00;25347.25;25355.0;25347.25;25352.75;167
25/02/2026;17:37:00;25351.75;25351.75;25336.5;25338.5;286
25/02/2026;17:38:00;25338.0;25346.75;25337.75;25339.5;205
25/02/2026;17:39:00;25340.25;25342.25;25321.75;25325.5;450
25/02/2026;17:40:00;25325.5;25326.25;25305.0;25318.75;607
25/02/2026;17:41:00;25320.75;25320.75;25292.75;25293.25;442
25/02/2026;17:42:00;25294.0;25295.75;25275.25;25283.25;766
25/02/2026;17:43:00;25284.25;25299.75;25274.75;25297.0;400
25/02/2026;17:44:00;25299.25;25309.25;25293.0;25309.25;324
25/02/2026;17:45:00;25308.25;25318.75;25301.5;25316.0;310
25/02/2026;17:46:00;25316.0;25324.0;25313.0;25323.25;317
25/02/2026;17:47:00;25323.25;25333.25;25322.5;25328.25;229
25/02/2026;17:48:00;25329.0;25329.0;25319.75;25321.25;217
25/02/2026;17:49:00;25322.25;25322.25;25315.5;25317.5;128
25/02/2026;17:50:00;25318.25;25322.75;25315.25;25320.75;116
25/02/2026;17:51:00;25321.0;25324.25;25308.25;25310.75;272
25/02/2026;17:52:00;25311.75;25313.5;25304.5;25306.5;199
25/02/2026;17:53:00;25306.0;25313.75;25305.75;25311.25;78
25/02/2026;17:54:00;25311.25;25311.25;25302.0;25309.25;155
25/02/2026;17:55:00;25308.75;25315.75;25307.75;25313.0;160
25/02/2026;17:56:00;25313.75;25325.5;25311.0;25321.0;249
25/02/2026;17:57:00;25322.5;25327.0;25318.75;25326.25;98
25/02/2026;17:58:00;25326.0;25327.0;25316.0;25319.25;122
25/02/2026;17:59:00;25318.25;25321.75;25314.0;25317.25;104
25/02/2026;18:00:00;25315.75;25316.0;25304.5;25309.25;274
25/02/2026;18:01:00;25309.5;25317.25;25307.25;25309.75;155
25/02/2026;18:02:00;25311.25;25315.0;25307.25;25314.75;125
25/02/2026;18:03:00;25315.0;25338.0;25315.0;25331.25;434
25/02/2026;18:04:00;25331.75;25332.25;25316.5;25321.5;148
25/02/2026;18:05:00;25320.75;25323.75;25313.25;25313.25;96
25/02/2026;18:06:00;25314.5;25318.25;25310.25;25314.25;363
25/02/2026;18:07:00;25314.0;25325.25;25313.5;25318.5;186
25/02/2026;18:08:00;25319.0;25320.5;25314.25;25320.25;135
25/02/2026;18:09:00;25319.75;25325.0;25311.75;25316.0;149
25/02/2026;18:10:00;25316.75;25323.0;25316.0;25320.75;90
25/02/2026;18:11:00;25320.75;25332.25;25318.75;25328.0;204
25/02/2026;18:12:00;25328.25;25333.0;25325.0;25327.25;115
25/02/2026;18:13:00;25328.0;25331.75;25322.25;25331.75;113
25/02/2026;18:14:00;25332.25;25336.25;25329.5;25331.5;172
25/02/2026;18:15:00;25331.75;25335.0;25326.75;25327.75;174
25/02/2026;18:16:00;25327.0;25333.75;25323.25;25331.0;129
25/02/2026;18:17:00;25331.75;25336.75;25330.0;25330.0;122
25/02/2026;18:18:00;25330.75;25331.75;25321.25;25329.5;138
25/02/2026;18:19:00;25328.5;25331.0;25324.75;25327.5;76
25/02/2026;18:20:00;25328.75;25329.5;25324.0;25324.25;56
25/02/2026;18:21:00;25325.0;25328.25;25318.25;25327.5;231
25/02/2026;18:22:00;25328.25;25332.5;25327.0;25327.25;91
25/02/2026;18:23:00;25329.0;25329.0;25325.75;25328.5;35
25/02/2026;18:24:00;25326.5;25332.5;25324.75;25325.25;84
25/02/2026;18:25:00;25325.0;25329.5;25319.0;25324.5;148
25/02/2026;18:26:00;25323.0;25333.75;25323.0;25333.75;87
25/02/2026;18:27:00;25333.5;25337.0;25331.25;25336.75;115
25/02/2026;18:28:00;25336.5;25340.0;25333.25;25338.25;115
25/02/2026;18:29:00;25338.0;25339.5;25335.0;25337.0;120
25/02/2026;18:30:00;25337.75;25341.5;25333.25;25334.75;162
25/02/2026;18:31:00;25333.75;25336.0;25330.0;25336.0;74
25/02/2026;18:32:00;25336.25;25338.0;25325.5;25327.5;166
25/02/2026;18:33:00;25327.75;25330.25;25323.0;25329.75;146
25/02/2026;18:34:00;25328.5;25333.25;25328.25;25331.75;52
25/02/2026;18:35:00;25330.75;25334.25;25328.5;25334.0;61
25/02/2026;18:36:00;25335.0;25335.75;25324.0;25326.0;82
25/02/2026;18:37:00;25325.0;25325.0;25317.25;25317.5;174
25/02/2026;18:38:00;25317.5;25322.5;25317.25;25317.75;101
25/02/2026;18:39:00;25319.0;25321.25;25312.5;25317.5;200
25/02/2026;18:40:00;25318.25;25320.75;25312.25;25312.5;129
25/02/2026;18:41:00;25312.0;25316.25;25308.75;25310.25;184
25/02/2026;18:42:00;25311.0;25311.75;25303.25;25305.0;289
25/02/2026;18:43:00;25305.5;25311.5;25303.0;25304.25;211
25/02/2026;18:44:00;25304.0;25315.75;25302.0;25309.25;215
25/02/2026;18:45:00;25309.75;25315.5;25309.0;25311.75;97
25/02/2026;18:46:00;25312.25;25315.25;25309.75;25315.25;45
25/02/2026;18:47:00;25315.75;25315.75;25311.5;25315.75;66
25/02/2026;18:48:00;25315.0;25320.25;25312.75;25318.5;104
25/02/2026;18:49:00;25318.25;25320.0;25316.0;25317.75;65
25/02/2026;18:50:00;25318.0;25323.0;25316.25;25321.5;75
25/02/2026;18:51:00;25321.5;25322.25;25318.0;25319.0;59
25/02/2026;18:52:00;25319.5;25322.25;25316.25;25316.25;78
25/02/2026;18:53:00;25317.25;25320.5;25311.0;25312.0;70
25/02/2026;18:54:00;25312.5;25324.0;25311.75;25322.25;171
25/02/2026;18:55:00;25322.5;25324.25;25317.25;25317.5;97
25/02/2026;18:56:00;25316.75;25317.75;25311.0;25312.0;102
25/02/2026;18:57:00;25311.75;25314.75;25308.0;25313.5;118
25/02/2026;18:58:00;25313.25;25319.5;25312.25;25318.75;162
25/02/2026;18:59:00;25317.25;25319.25;25314.0;25315.75;111
25/02/2026;19:00:00;25316.25;25319.75;25308.75;25313.75;186
25/02/2026;19:01:00;25314.25;25318.25;25309.75;25315.0;100
25/02/2026;19:02:00;25315.0;25320.0;25309.0;25314.75;189
25/02/2026;19:03:00;25315.0;25316.0;25309.25;25313.25;72
25/02/2026;19:04:00;25311.25;25313.5;25307.5;25312.75;97
25/02/2026;19:05:00;25313.0;25314.0;25308.25;25311.25;79
25/02/2026;19:06:00;25310.25;25311.75;25305.75;25308.5;130
25/02/2026;19:07:00;25308.25;25311.0;25302.25;25308.0;150
25/02/2026;19:08:00;25306.75;25311.25;25303.75;25310.25;72
25/02/2026;19:09:00;25310.5;25312.5;25288.75;25290.75;362
25/02/2026;19:10:00;25289.75;25300.75;25288.75;25295.25;259
25/02/2026;19:11:00;25295.25;25298.0;25289.0;25297.25;193
25/02/2026;19:12:00;25297.0;25312.25;25296.5;25306.0;343
25/02/2026;19:13:00;25305.75;25312.5;25304.5;25311.5;125
25/02/2026;19:14:00;25310.5;25313.5;25307.0;25311.5;105
25/02/2026;19:15:00;25312.25;25313.5;25307.75;25312.75;166
25/02/2026;19:16:00;25311.0;25312.0;25305.0;25305.5;81
25/02/2026;19:17:00;25305.75;25308.5;25300.5;25303.5;102
25/02/2026;19:18:00;25304.0;25306.0;25299.75;25303.5;106
25/02/2026;19:19:00;25303.5;25310.75;25301.75;25310.75;141
25/02/2026;19:20:00;25310.75;25314.75;25306.0;25308.25;131
25/02/2026;19:21:00;25307.5;25309.0;25303.75;25307.5;88
25/02/2026;19:22:00;25307.75;25309.0;25297.5;25298.0;173
25/02/2026;19:23:00;25299.0;25299.25;25291.0;25292.25;240
25/02/2026;19:24:00;25293.0;25297.0;25290.0;25292.5;133
25/02/2026;19:25:00;25294.0;25301.5;25289.75;25290.25;167
25/02/2026;19:26:00;25291.5;25293.5;25285.25;25288.75;230
25/02/2026;19:27:00;25289.25;25289.75;25285.0;25287.5;89
25/02/2026;19:28:00;25288.25;25293.5;25287.25;25292.25;110
25/02/2026;19:29:00;25291.25;25291.25;25273.75;25274.25;343
25/02/2026;19:30:00;25273.75;25278.25;25264.75;25277.25;373
25/02/2026;19:31:00;25277.25;25279.75;25272.25;25275.5;175
25/02/2026;19:32:00;25277.0;25283.75;25273.75;25278.0;212
25/02/2026;19:33:00;25277.0;25282.75;25274.25;25278.75;110
25/02/2026;19:34:00;25279.75;25288.75;25279.25;25287.75;134
25/02/2026;19:35:00;25285.5;25291.5;25285.5;25290.75;71
25/02/2026;19:36:00;25289.5;25292.0;25286.75;25288.25;76
25/02/2026;19:37:00;25287.25;25298.0;25286.5;25296.5;176
25/02/2026;19:38:00;25297.25;25300.0;25295.75;25297.0;77
25/02/2026;19:39:00;25298.0;25299.5;25295.75;25298.25;53
25/02/2026;19:40:00;25299.0;25305.0;25299.0;25303.5;108
25/02/2026;19:41:00;25304.0;25309.5;25303.75;25308.0;122
25/02/2026;19:42:00;25307.75;25310.75;25306.25;25310.25;91
25/02/2026;19:43:00;25310.0;25313.0;25308.5;25313.0;83
25/02/2026;19:44:00;25309.75;25312.75;25307.5;25307.5;75
25/02/2026;19:45:00;25308.0;25308.0;25304.75;25305.75;95
25/02/2026;19:46:00;25307.25;25311.5;25305.0;25311.5;121
25/02/2026;19:47:00;25311.5;25315.25;25309.25;25313.5;156
25/02/2026;19:48:00;25313.0;25313.25;25309.0;25309.25;37
25/02/2026;19:49:00;25309.75;25310.75;25307.75;25310.25;21
25/02/2026;19:50:00;25309.0;25309.75;25305.25;25307.0;38
25/02/2026;19:51:00;25310.0;25310.75;25308.5;25308.5;23
25/02/2026;19:52:00;25308.5;25309.75;25307.25;25308.0;17
25/02/2026;19:53:00;25308.5;25310.5;25308.0;25308.0;48
25/02/2026;19:54:00;25307.5;25311.5;25306.25;25311.25;34
25/02/2026;19:55:00;25311.0;25311.5;25305.75;25306.75;50
25/02/2026;19:56:00;25306.25;25308.25;25306.25;25308.25;33
25/02/2026;19:57:00;25308.75;25314.75;25308.25;25313.0;104
25/02/2026;19:58:00;25314.0;25319.75;25313.75;25319.0;145
25/02/2026;19:59:00;25317.5;25319.25;25313.75;25316.25;121
25/02/2026;20:00:00;25315.5;25319.25;25315.25;25316.75;109
25/02/2026;20:01:00;25316.0;25316.0;25308.0;25311.75;119
25/02/2026;20:02:00;25311.5;25312.75;25306.5;25308.0;63
25/02/2026;20:03:00;25307.5;25308.25;25303.5;25305.5;73
25/02/2026;20:04:00;25305.25;25309.25;25305.0;25309.25;45
25/02/2026;20:05:00;25308.5;25309.25;25306.75;25308.0;46
25/02/2026;20:06:00;25306.25;25307.25;25300.0;25301.75;100
25/02/2026;20:07:00;25302.25;25305.75;25301.0;25301.0;74
25/02/2026;20:08:00;25301.5;25302.5;25298.25;25298.25;75
25/02/2026;20:09:00;25298.25;25304.75;25291.75;25304.25;196
25/02/2026;20:10:00;25304.75;25306.5;25301.0;25301.75;133
25/02/2026;20:11:00;25301.75;25302.5;25298.5;25298.5;53
25/02/2026;20:12:00;25298.0;25301.5;25297.75;25299.5;28
25/02/2026;20:13:00;25298.0;25298.0;25291.0;25291.0;92
25/02/2026;20:14:00;25292.0;25295.5;25292.0;25293.5;60
25/02/2026;20:15:00;25294.75;25301.5;25294.75;25300.25;88
25/02/2026;20:16:00;25299.25;25305.5;25299.25;25303.75;75
25/02/2026;20:17:00;25303.0;25309.0;25302.5;25306.75;76
25/02/2026;20:18:00;25307.25;25309.5;25305.75;25309.0;60
25/02/2026;20:19:00;25309.75;25310.5;25304.5;25306.5;56
25/02/2026;20:20:00;25307.0;25312.0;25306.5;25309.5;107
25/02/2026;20:21:00;25310.75;25310.75;25305.0;25307.0;57
25/02/2026;20:22:00;25304.5;25306.25;25303.25;25304.0;51
25/02/2026;20:23:00;25305.25;25305.75;25301.5;25305.75;45
25/02/2026;20:24:00;25306.25;25308.0;25304.25;25305.0;44
25/02/2026;20:25:00;25304.75;25304.75;25300.25;25301.5;41
25/02/2026;20:26:00;25300.25;25304.25;25300.0;25303.0;35
25/02/2026;20:27:00;25303.5;25305.25;25303.5;25303.5;20
25/02/2026;20:28:00;25303.75;25303.75;25300.5;25301.25;39
25/02/2026;20:29:00;25301.5;25302.0;25298.0;25300.25;55
25/02/2026;20:30:00;25300.0;25301.25;25297.5;25298.75;67
25/02/2026;20:31:00;25297.25;25300.75;25296.0;25299.25;93
25/02/2026;20:32:00;25300.0;25303.5;25299.0;25303.0;77
25/02/2026;20:33:00;25302.0;25303.0;25299.25;25299.75;19
25/02/2026;20:34:00;25300.25;25300.25;25294.0;25294.5;57
25/02/2026;20:35:00;25294.0;25296.5;25293.25;25295.25;34
25/02/2026;20:36:00;25295.5;25296.5;25292.5;25295.0;42
25/02/2026;20:37:00;25295.5;25302.0;25295.5;25300.5;46
25/02/2026;20:38:00;25301.5;25301.5;25296.0;25297.0;32
25/02/2026;20:39:00;25297.5;25297.5;25293.25;25297.0;36
25/02/2026;20:40:00;25296.0;25299.0;25290.75;25295.0;79
25/02/2026;20:41:00;25294.0;25294.25;25289.75;25289.75;69
25/02/2026;20:42:00;25290.5;25293.75;25288.75;25291.0;64
25/02/2026;20:43:00;25290.0;25294.5;25290.0;25293.75;31
25/02/2026;20:44:00;25294.0;25296.0;25294.0;25294.5;32
25/02/2026;20:45:00;25294.75;25301.5;25294.75;25298.25;59
25/02/2026;20:46:00;25299.25;25300.0;25297.0;25298.5;47
25/02/2026;20:47:00;25299.5;25302.25;25299.25;25301.25;50
25/02/2026;20:48:00;25301.75;25303.5;25300.75;25302.25;42
25/02/2026;20:49:00;25301.75;25302.5;25300.5;25301.5;24
25/02/2026;20:50:00;25301.25;25303.75;25300.75;25303.5;46
25/02/2026;20:51:00;25303.25;25307.5;25302.5;25304.0;67
25/02/2026;20:52:00;25305.0;25308.75;25304.25;25308.75;70
25/02/2026;20:53:00;25308.25;25309.5;25305.0;25306.0;60
25/02/2026;20:54:00;25305.75;25307.75;25302.25;25303.0;40
25/02/2026;20:55:00;25304.25;25304.25;25302.25;25302.75;23
25/02/2026;20:56:00;25303.5;25306.5;25303.5;25306.0;21
25/02/2026;20:57:00;25306.0;25308.0;25305.75;25306.5;33
25/02/2026;20:58:00;25306.75;25308.5;25305.25;25305.5;42
25/02/2026;20:59:00;25304.75;25308.0;25304.75;25308.0;18
25/02/2026;21:00:00;25306.75;25307.75;25304.5;25307.75;63
25/02/2026;21:01:00;25309.0;25312.25;25309.0;25310.25;98
25/02/2026;21:02:00;25310.75;25310.75;25307.0;25307.0;65
25/02/2026;21:03:00;25307.0;25308.75;25305.5;25307.5;30
25/02/2026;21:04:00;25307.25;25307.25;25302.5;25305.0;49
25/02/2026;21:05:00;25303.25;25304.75;25300.0;25300.75;44
25/02/2026;21:06:00;25301.0;25303.5;25297.5;25298.25;55
25/02/2026;21:07:00;25300.0;25300.25;25298.75;25300.0;15
25/02/2026;21:08:00;25300.0;25301.0;25297.25;25298.5;67
25/02/2026;21:09:00;25297.75;25297.75;25295.0;25295.0;45
25/02/2026;21:10:00;25296.75;25298.75;25294.75;25297.0;28
25/02/2026;21:11:00;25297.0;25301.0;25297.0;25300.25;32
25/02/2026;21:12:00;25298.75;25302.25;25298.75;25301.5;41
25/02/2026;21:13:00;25302.0;25303.25;25302.0;25302.75;23
25/02/2026;21:14:00;25302.25;25302.25;25298.75;25301.25;24
25/02/2026;21:15:00;25301.5;25303.25;25300.5;25302.0;23
25/02/2026;21:16:00;25302.75;25306.25;25301.5;25306.25;42
25/02/2026;21:17:00;25306.25;25309.5;25306.0;25307.25;48
25/02/2026;21:18:00;25307.75;25308.5;25302.25;25303.5;35
25/02/2026;21:19:00;25302.75;25302.75;25300.25;25301.25;57
25/02/2026;21:20:00;25302.0;25303.25;25300.25;25303.25;20
25/02/2026;21:21:00;25302.75;25307.0;25302.75;25305.75;36
25/02/2026;21:22:00;25305.0;25306.75;25304.75;25305.25;15
25/02/2026;21:23:00;25306.75;25307.5;25305.5;25305.5;15
25/02/2026;21:24:00;25307.0;25308.0;25306.25;25306.75;22
25/02/2026;21:25:00;25306.0;25306.75;25304.5;25306.5;20
25/02/2026;21:26:00;25305.5;25306.75;25305.0;25305.75;19
25/02/2026;21:27:00;25306.0;25309.75;25306.0;25309.25;41
25/02/2026;21:28:00;25309.25;25311.25;25308.25;25308.75;65
25/02/2026;21:29:00;25309.0;25309.25;25306.0;25306.0;34
25/02/2026;21:30:00;25305.25;25308.0;25305.0;25306.25;34
25/02/2026;21:31:00;25307.0;25307.0;25306.0;25306.5;6
25/02/2026;21:32:00;25306.0;25306.25;25303.75;25306.25;41
25/02/2026;21:33:00;25307.25;25311.0;25307.25;25309.5;50
25/02/2026;21:34:00;25310.25;25314.5;25309.75;25312.5;85
25/02/2026;21:35:00;25312.5;25314.75;25311.75;25313.0;44
25/02/2026;21:36:00;25313.5;25313.75;25309.5;25312.0;48
25/02/2026;21:37:00;25311.5;25312.5;25311.0;25311.25;19
25/02/2026;21:38:00;25311.75;25317.25;25311.75;25315.0;99
25/02/2026;21:39:00;25315.25;25316.25;25311.0;25311.0;56
25/02/2026;21:40:00;25310.75;25314.75;25310.75;25314.0;35
25/02/2026;21:41:00;25314.75;25317.5;25313.75;25317.0;46
25/02/2026;21:42:00;25317.0;25323.5;25313.25;25313.25;163
25/02/2026;21:43:00;25313.25;25314.25;25311.25;25311.75;54
25/02/2026;21:44:00;25312.75;25314.0;25311.75;25313.0;26
25/02/2026;21:45:00;25312.25;25316.0;25312.0;25315.75;31
25/02/2026;21:46:00;25315.25;25317.25;25314.0;25317.25;21
25/02/2026;21:47:00;25316.5;25318.25;25315.5;25315.75;37
25/02/2026;21:48:00;25315.25;25316.25;25312.25;25315.25;41
25/02/2026;21:49:00;25314.5;25316.5;25310.75;25313.25;41
25/02/2026;21:50:00;25312.75;25313.75;25310.5;25310.75;32
25/02/2026;21:51:00;25311.0;25311.5;25307.0;25308.75;98
25/02/2026;21:52:00;25309.75;25310.25;25308.25;25310.25;31
25/02/2026;21:53:00;25310.0;25310.25;25308.0;25309.5;16
25/02/2026;21:54:00;25308.5;25309.5;25306.25;25306.5;22
25/02/2026;21:55:00;25306.25;25307.25;25304.5;25306.0;55
25/02/2026;21:56:00;25305.0;25308.5;25305.0;25307.5;32
25/02/2026;21:57:00;25307.75;25308.75;25302.0;25303.5;58
25/02/2026;21:58:00;25303.0;25304.75;25299.5;25300.25;99
25/02/2026;21:59:00;25299.5;25303.75;25298.5;25301.75;75
25/02/2026;22:00:00;25300.5;25304.0;25297.25;25302.75;84
25/02/2026;22:01:00;25303.0;25308.75;25299.25;25301.75;110
25/02/2026;22:02:00;25300.75;25301.25;25295.75;25300.0;86
25/02/2026;22:03:00;25300.0;25302.25;25299.0;25301.75;27
25/02/2026;22:04:00;25301.75;25303.0;25298.0;25300.0;41
25/02/2026;22:05:00;25300.75;25301.75;25298.0;25301.25;51
25/02/2026;22:06:00;25301.25;25303.0;25299.5;25300.25;36
25/02/2026;22:07:00;25300.5;25307.0;25300.25;25307.0;39
25/02/2026;22:08:00;25306.5;25307.25;25304.25;25306.25;38
25/02/2026;22:09:00;25307.5;25310.5;25307.5;25310.5;66
25/02/2026;22:10:00;25309.0;25310.25;25307.25;25310.25;23
25/02/2026;22:11:00;25309.0;25309.0;25304.25;25306.25;54
25/02/2026;22:12:00;25305.25;25310.0;25305.0;25308.75;61
25/02/2026;22:13:00;25307.75;25307.75;25306.5;25306.75;16
25/02/2026;22:14:00;25305.0;25305.0;25299.75;25301.0;57
25/02/2026;22:15:00;25300.75;25302.0;25297.25;25299.25;61
25/02/2026;22:16:00;25298.0;25298.75;25295.25;25297.25;46
25/02/2026;22:17:00;25297.25;25298.75;25295.75;25298.0;27
25/02/2026;22:18:00;25297.25;25302.25;25296.0;25302.0;54
25/02/2026;22:19:00;25301.75;25302.5;25300.5;25301.25;30
25/02/2026;22:20:00;25301.25;25302.5;25299.5;25300.25;25
25/02/2026;22:21:00;25300.5;25303.25;25300.25;25300.5;20
25/02/2026;22:22:00;25300.0;25302.75;25298.25;25302.5;21
25/02/2026;22:23:00;25303.25;25304.25;25303.25;25303.25;16
25/02/2026;22:24:00;25303.5;25303.5;25300.0;25300.0;30
25/02/2026;22:25:00;25299.75;25301.5;25299.25;25301.5;21
25/02/2026;22:26:00;25301.0;25301.0;25298.5;25299.5;25
25/02/2026;22:27:00;25299.0;25300.25;25298.0;25299.25;20
25/02/2026;22:28:00;25299.0;25301.25;25297.75;25297.75;25
25/02/2026;22:29:00;25298.5;25299.0;25295.75;25298.75;75
25/02/2026;22:30:00;25299.5;25301.5;25297.75;25298.0;38
25/02/2026;22:31:00;25298.0;25298.25;25296.5;25296.5;26
25/02/2026;22:32:00;25295.75;25297.25;25294.25;25295.25;76
25/02/2026;22:33:00;25294.5;25298.75;25294.5;25297.0;22
25/02/2026;22:34:00;25296.0;25296.0;25293.25;25294.25;31
25/02/2026;22:35:00;25295.0;25299.0;25294.5;25297.75;66
25/02/2026;22:36:00;25297.5;25304.75;25297.5;25303.5;69
25/02/2026;22:37:00;25303.75;25305.75;25300.5;25303.75;51
25/02/2026;22:38:00;25305.0;25305.0;25300.75;25301.0;26
25/02/2026;22:39:00;25301.25;25303.25;25300.75;25303.25;19
25/02/2026;22:40:00;25302.75;25302.75;25299.0;25300.0;12
25/02/2026;22:41:00;25301.75;25301.75;25299.25;25299.5;13
25/02/2026;22:42:00;25300.0;25302.25;25299.0;25302.25;19
25/02/2026;22:43:00;25300.5;25300.5;25298.5;25299.75;15
25/02/2026;22:44:00;25300.5;25300.5;25300.25;25300.25;2
25/02/2026;22:45:00;25299.75;25299.75;25299.0;25299.25;10
25/02/2026;22:46:00;25299.0;25299.75;25296.75;25297.25;27
25/02/2026;22:47:00;25297.75;25299.5;25297.5;25298.75;13
25/02/2026;22:48:00;25299.75;25301.25;25299.0;25300.25;27
25/02/2026;22:49:00;25300.25;25300.75;25299.5;25300.25;18
25/02/2026;22:50:00;25301.25;25302.75;25300.25;25301.5;19
25/02/2026;22:51:00;25301.75;25303.5;25301.75;25302.5;12
25/02/2026;22:52:00;25303.25;25305.75;25303.25;25304.0;39
25/02/2026;22:53:00;25304.0;25306.25;25302.75;25304.0;39
25/02/2026;22:54:00;25303.75;25304.5;25303.0;25303.25;12
25/02/2026;22:55:00;25302.75;25302.75;25299.25;25301.0;46
25/02/2026;22:56:00;25301.0;25301.25;25299.75;25300.5;20
25/02/2026;22:57:00;25302.0;25302.25;25299.25;25301.0;20
25/02/2026;22:58:00;25301.5;25301.5;25299.25;25299.25;19
25/02/2026;23:09:00;25286.0;25290.0;25283.5;25290.0;71
25/02/2026;23:10:00;25290.5;25293.75;25289.25;25291.5;72
25/02/2026;23:11:00;25291.75;25292.5;25285.25;25285.25;57
25/02/2026;23:12:00;25286.25;25288.0;25284.75;25284.75;40
25/02/2026;23:13:00;25285.0;25292.0;25285.0;25292.0;58
25/02/2026;23:14:00;25292.75;25293.0;25285.25;25285.25;54
25/02/2026;23:15:00;25285.0;25286.0;25284.0;25285.25;23
25/02/2026;23:16:00;25285.25;25287.25;25283.5;25287.25;48
25/02/2026;23:17:00;25287.5;25293.25;25287.25;25293.0;81
25/02/2026;23:18:00;25293.5;25299.0;25293.25;25299.0;57
25/02/2026;23:19:00;25298.5;25300.0;25296.5;25300.0;26
25/02/2026;23:20:00;25299.25;25302.75;25299.25;25302.0;75
25/02/2026;23:21:00;25301.75;25303.75;25298.25;25301.75;49
25/02/2026;23:22:00;25301.5;25302.25;25296.5;25298.5;69
25/02/2026;23:23:00;25298.25;25299.25;25297.5;25298.25;18
25/02/2026;23:24:00;25298.25;25300.75;25297.25;25300.25;30
25/02/2026;23:25:00;25300.5;25301.75;25298.5;25300.25;36
25/02/2026;23:26:00;25299.75;25301.0;25297.5;25298.0;25
25/02/2026;23:27:00;25297.5;25299.0;25295.75;25296.75;29
25/02/2026;23:28:00;25297.25;25297.75;25294.5;25296.25;40
25/02/2026;23:29:00;25295.75;25296.0;25293.5;25295.75;23
25/02/2026;23:30:00;25295.5;25297.0;25293.25;25295.0;35
25/02/2026;23:31:00;25295.0;25296.5;25291.75;25291.75;38
25/02/2026;23:32:00;25294.5;25296.5;25292.25;25295.75;49
25/02/2026;23:33:00;25296.25;25297.0;25295.25;25296.0;17
25/02/2026;23:34:00;25295.0;25298.0;25295.0;25295.75;18
25/02/2026;23:35:00;25295.0;25297.25;25294.75;25296.25;14
25/02/2026;23:36:00;25296.25;25299.5;25296.25;25296.75;31
25/02/2026;23:37:00;25296.75;25297.75;25292.75;25294.25;65
25/02/2026;23:38:00;25294.25;25295.25;25292.25;25293.75;18
25/02/2026;23:39:00;25293.25;25296.0;25293.0;25296.0;20
25/02/2026;23:40:00;25295.5;25297.5;25294.5;25297.5;37
25/02/2026;23:41:00;25298.75;25300.0;25295.75;25295.75;73
25/02/2026;23:42:00;25295.75;25298.25;25295.25;25298.0;17
25/02/2026;23:43:00;25296.5;25299.0;25296.0;25297.0;38
25/02/2026;23:44:00;25296.0;25297.75;25296.0;25297.5;11
25/02/2026;23:45:00;25299.0;25307.75;25298.5;25307.5;138
25/02/2026;23:46:00;25306.75;25307.0;25301.5;25303.75;61
25/02/2026;23:47:00;25304.75;25309.5;25304.5;25309.25;26
25/02/2026;23:48:00;25308.0;25308.5;25306.25;25308.0;30
25/02/2026;23:49:00;25306.25;25306.75;25304.25;25306.75;33
25/02/2026;23:50:00;25305.75;25306.25;25300.5;25300.5;50
25/02/2026;23:51:00;25300.5;25301.0;25295.5;25297.0;72
25/02/2026;23:52:00;25298.5;25301.75;25298.25;25300.75;19
25/02/2026;23:53:00;25301.75;25302.75;25300.0;25300.0;25
25/02/2026;23:54:00;25300.75;25302.5;25298.75;25298.75;17
25/02/2026;23:55:00;25299.75;25303.5;25299.75;25303.25;22
25/02/2026;23:56:00;25303.75;25308.5;25303.0;25308.5;41
25/02/2026;23:57:00;25308.0;25309.5;25304.25;25304.5;29
25/02/2026;23:58:00;25305.25;25308.25;25304.5;25308.25;48
25/02/2026;23:59:00;25308.25;25309.75;25307.25;25308.0;38
26/02/2026;00:00:00;25308.0;25316.0;25308.0;25316.0;208
26/02/2026;00:01:00;25316.25;25321.25;25314.75;25315.25;136
26/02/2026;00:02:00;25315.25;25315.25;25310.5;25312.0;47
26/02/2026;00:03:00;25312.25;25314.0;25308.25;25309.0;88
26/02/2026;00:04:00;25308.75;25310.75;25307.0;25307.25;44
26/02/2026;00:05:00;25308.25;25311.0;25308.0;25309.5;57
26/02/2026;00:06:00;25310.0;25317.5;25309.75;25317.5;55
26/02/2026;00:07:00;25317.75;25322.0;25317.5;25321.25;72
26/02/2026;00:08:00;25320.5;25326.0;25317.0;25326.0;132
26/02/2026;00:09:00;25323.25;25326.25;25321.25;25324.75;55
26/02/2026;00:10:00;25324.25;25327.75;25322.25;25323.5;56
26/02/2026;00:11:00;25323.0;25327.25;25322.25;25325.0;48
26/02/2026;00:12:00;25324.5;25329.25;25324.5;25329.0;68
26/02/2026;00:13:00;25328.5;25330.5;25326.25;25329.5;65
26/02/2026;00:14:00;25330.0;25333.0;25327.25;25333.0;65
26/02/2026;00:15:00;25333.0;25333.5;25327.25;25332.25;60
26/02/2026;00:16:00;25330.5;25330.5;25323.75;25324.0;78
26/02/2026;00:17:00;25324.5;25328.5;25323.75;25324.5;39
26/02/2026;00:18:00;25325.75;25326.25;25321.75;25321.75;51
26/02/2026;00:19:00;25322.5;25323.75;25318.5;25323.75;76
26/02/2026;00:20:00;25323.25;25328.75;25322.25;25328.5;37
26/02/2026;00:21:00;25329.0;25330.0;25326.25;25328.0;44
26/02/2026;00:22:00;25326.5;25326.5;25322.75;25323.25;35
26/02/2026;00:23:00;25323.25;25324.75;25320.5;25323.25;43
26/02/2026;00:24:00;25323.5;25325.75;25323.5;25324.75;23
26/02/2026;00:25:00;25325.25;25325.75;25324.0;25325.5;17
26/02/2026;00:26:00;25321.75;25326.75;25320.0;25325.5;53
26/02/2026;00:27:00;25325.25;25325.25;25322.25;25324.25;19
26/02/2026;00:28:00;25322.75;25323.5;25318.75;25319.75;41
26/02/2026;00:29:00;25321.5;25322.5;25316.75;25320.0;92
26/02/2026;00:30:00;25319.0;25328.75;25318.25;25324.5;118
26/02/2026;00:31:00;25321.75;25322.0;25316.75;25319.0;92
26/02/2026;00:32:00;25319.0;25328.5;25319.0;25326.75;71
26/02/2026;00:33:00;25326.5;25331.75;25324.25;25331.25;79
26/02/2026;00:34:00;25331.75;25335.5;25327.75;25330.25;84
26/02/2026;00:35:00;25330.0;25330.5;25326.0;25329.0;55
26/02/2026;00:36:00;25330.5;25333.5;25328.25;25329.5;68
26/02/2026;00:37:00;25329.25;25335.0;25329.0;25333.25;49
26/02/2026;00:38:00;25332.25;25335.75;25332.0;25334.25;35
26/02/2026;00:39:00;25334.0;25338.0;25333.0;25335.0;57
26/02/2026;00:40:00;25335.5;25336.5;25332.75;25332.75;40
26/02/2026;00:41:00;25333.25;25340.5;25333.0;25337.75;190
26/02/2026;00:42:00;25337.5;25337.75;25331.25;25334.5;82
26/02/2026;00:43:00;25334.5;25334.5;25331.5;25333.25;40
26/02/2026;00:44:00;25332.75;25334.75;25330.25;25334.75;29
26/02/2026;00:45:00;25335.5;25339.5;25333.25;25339.5;62
26/02/2026;00:46:00;25339.75;25342.0;25339.25;25340.75;59
26/02/2026;00:47:00;25340.5;25345.0;25339.5;25343.5;97
26/02/2026;00:48:00;25343.5;25343.75;25338.0;25338.75;85
26/02/2026;00:49:00;25338.75;25338.75;25335.0;25336.0;37
26/02/2026;00:50:00;25335.75;25339.5;25335.75;25337.75;30
26/02/2026;00:51:00;25337.75;25341.0;25333.0;25334.75;90
26/02/2026;00:52:00;25334.5;25336.0;25332.0;25332.25;38
26/02/2026;00:53:00;25333.0;25333.0;25328.5;25328.5;42
26/02/2026;00:54:00;25329.0;25331.25;25322.25;25324.75;209
26/02/2026;00:55:00;25324.5;25328.25;25322.25;25325.75;94
26/02/2026;00:56:00;25324.25;25328.0;25323.5;25326.0;57
26/02/2026;00:57:00;25326.0;25326.75;25325.0;25325.0;33
26/02/2026;00:58:00;25325.0;25327.75;25324.5;25327.5;31
26/02/2026;00:59:00;25326.75;25329.5;25326.75;25327.5;54
26/02/2026;01:00:00;25327.25;25339.5;25326.25;25335.0;160
26/02/2026;01:01:00;25333.75;25339.75;25333.0;25335.75;70
26/02/2026;01:02:00;25335.75;25336.0;25329.75;25333.25;56
26/02/2026;01:03:00;25333.25;25336.25;25331.0;25333.75;85
26/02/2026;01:04:00;25333.5;25340.75;25333.5;25339.5;80
26/02/2026;01:05:00;25338.75;25339.75;25334.0;25339.0;99
26/02/2026;01:06:00;25340.0;25340.25;25338.0;25339.25;85
26/02/2026;01:07:00;25340.0;25345.0;25340.0;25344.75;82
26/02/2026;01:08:00;25344.5;25346.25;25343.0;25344.5;61
26/02/2026;01:09:00;25343.75;25346.25;25340.5;25346.25;69
26/02/2026;01:10:00;25345.25;25351.0;25345.0;25347.25;157
26/02/2026;01:11:00;25346.0;25351.0;25343.5;25345.25;132
26/02/2026;01:12:00;25345.0;25345.5;25340.25;25341.25;71
26/02/2026;01:13:00;25341.25;25345.0;25341.25;25344.75;32
26/02/2026;01:14:00;25343.5;25349.25;25339.5;25347.5;158
26/02/2026;01:15:00;25346.75;25348.75;25344.25;25345.75;75
26/02/2026;01:16:00;25344.5;25344.5;25341.25;25344.25;35
26/02/2026;01:17:00;25344.0;25345.5;25341.25;25345.5;28
26/02/2026;01:18:00;25346.0;25349.0;25344.5;25347.75;55
26/02/2026;01:19:00;25347.0;25349.25;25345.75;25347.0;60
26/02/2026;01:20:00;25346.75;25349.0;25346.25;25348.5;30
26/02/2026;01:21:00;25348.25;25355.25;25348.0;25355.0;130
26/02/2026;01:22:00;25355.0;25355.75;25353.25;25354.0;64
26/02/2026;01:23:00;25353.25;25353.75;25338.0;25339.0;139
26/02/2026;01:24:00;25339.0;25339.0;25331.75;25332.25;110
26/02/2026;01:25:00;25332.0;25333.5;25328.75;25332.75;77
26/02/2026;01:26:00;25332.25;25338.5;25332.25;25337.5;48
26/02/2026;01:27:00;25337.0;25340.0;25335.5;25340.0;44
26/02/2026;01:28:00;25339.0;25343.25;25338.25;25342.25;47
26/02/2026;01:29:00;25341.25;25342.0;25338.5;25341.25;55
26/02/2026;01:30:00;25341.0;25346.5;25339.75;25346.0;69
26/02/2026;01:31:00;25345.5;25346.5;25343.0;25344.75;44
26/02/2026;01:32:00;25347.25;25348.5;25340.75;25341.0;30
26/02/2026;01:33:00;25341.0;25345.0;25340.25;25342.25;26
26/02/2026;01:34:00;25341.75;25345.0;25340.0;25343.5;153
26/02/2026;01:35:00;25343.75;25346.5;25341.25;25341.25;41
26/02/2026;01:36:00;25342.5;25344.75;25342.0;25343.0;37
26/02/2026;01:37:00;25343.5;25344.25;25339.25;25342.0;40
26/02/2026;01:38:00;25342.75;25343.75;25339.5;25340.25;15
26/02/2026;01:39:00;25341.5;25344.0;25339.5;25343.5;79
26/02/2026;01:40:00;25342.5;25345.25;25342.25;25344.25;39
26/02/2026;01:41:00;25343.75;25349.25;25343.75;25347.75;52
26/02/2026;01:42:00;25347.5;25355.0;25347.25;25352.5;134
26/02/2026;01:43:00;25353.0;25361.0;25353.0;25359.75;201
26/02/2026;01:44:00;25360.0;25361.5;25357.25;25360.5;74
26/02/2026;01:45:00;25360.0;25360.0;25355.5;25357.0;115
26/02/2026;01:46:00;25357.75;25364.75;25357.0;25358.0;149
26/02/2026;01:47:00;25355.75;25355.75;25348.0;25353.25;87
26/02/2026;01:48:00;25352.5;25355.25;25350.75;25350.75;31
26/02/2026;01:49:00;25352.0;25354.75;25352.0;25352.75;21
26/02/2026;01:50:00;25351.75;25354.0;25345.5;25345.5;52
26/02/2026;01:51:00;25346.25;25351.5;25345.5;25347.75;75
26/02/2026;01:52:00;25348.5;25350.75;25348.0;25349.25;31
26/02/2026;01:53:00;25350.25;25354.5;25350.25;25352.25;38
26/02/2026;01:54:00;25353.0;25356.5;25352.25;25354.75;106
26/02/2026;01:55:00;25354.0;25356.0;25351.0;25354.25;53
26/02/2026;01:56:00;25354.0;25357.5;25353.0;25356.75;41
26/02/2026;01:57:00;25355.75;25356.5;25354.0;25354.75;43
26/02/2026;01:58:00;25355.25;25356.75;25352.5;25353.75;117
26/02/2026;01:59:00;25355.25;25355.25;25347.0;25347.25;151
26/02/2026;02:00:00;25348.0;25358.5;25344.0;25344.75;250
26/02/2026;02:01:00;25345.25;25360.5;25344.25;25353.0;184
26/02/2026;02:02:00;25353.0;25353.0;25346.25;25348.0;96
26/02/2026;02:03:00;25348.75;25356.5;25348.75;25355.25;79
26/02/2026;02:04:00;25355.75;25357.75;25351.5;25353.5;60
26/02/2026;02:05:00;25353.25;25361.0;25353.25;25355.75;113
26/02/2026;02:06:00;25355.0;25359.5;25355.0;25356.0;81
26/02/2026;02:07:00;25355.75;25359.0;25352.75;25355.75;63
26/02/2026;02:08:00;25354.75;25355.0;25349.75;25350.25;111
26/02/2026;02:09:00;25350.25;25351.0;25347.25;25350.0;62
26/02/2026;02:10:00;25349.25;25352.0;25348.25;25348.25;60
26/02/2026;02:11:00;25349.75;25360.25;25347.75;25359.25;95
26/02/2026;02:12:00;25360.0;25361.0;25355.75;25357.0;89
26/02/2026;02:13:00;25356.0;25361.0;25355.5;25361.0;89
26/02/2026;02:14:00;25360.75;25367.25;25359.5;25365.0;187
26/02/2026;02:15:00;25365.5;25374.0;25364.5;25373.25;221
26/02/2026;02:16:00;25373.0;25378.0;25370.75;25371.75;188
26/02/2026;02:17:00;25370.25;25371.0;25367.5;25368.0;72
26/02/2026;02:18:00;25368.25;25378.75;25367.75;25378.0;134
26/02/2026;02:19:00;25378.25;25381.5;25377.5;25381.0;142
26/02/2026;02:20:00;25380.25;25383.75;25377.0;25381.5;161
26/02/2026;02:21:00;25380.25;25392.25;25380.25;25391.25;299
26/02/2026;02:22:00;25391.0;25391.0;25380.5;25382.25;190
26/02/2026;02:23:00;25382.0;25383.25;25372.5;25374.0;160
26/02/2026;02:24:00;25373.75;25374.25;25366.0;25369.75;190
26/02/2026;02:25:00;25370.25;25370.25;25363.0;25366.5;150
26/02/2026;02:26:00;25367.0;25373.75;25365.0;25366.25;139
26/02/2026;02:27:00;25365.75;25378.0;25364.25;25370.75;160
26/02/2026;02:28:00;25369.75;25371.25;25366.5;25369.75;95
26/02/2026;02:29:00;25368.5;25373.5;25367.0;25372.0;117
26/02/2026;02:30:00;25372.75;25375.0;25366.25;25368.0;95
26/02/2026;02:31:00;25367.75;25369.0;25362.0;25362.25;61
26/02/2026;02:32:00;25362.5;25363.0;25357.5;25357.5;109
26/02/2026;02:33:00;25358.0;25360.0;25353.0;25357.25;129
26/02/2026;02:34:00;25356.25;25359.25;25351.5;25359.25;89
26/02/2026;02:35:00;25359.75;25363.75;25358.0;25362.5;43
26/02/2026;02:36:00;25362.75;25366.25;25359.0;25365.5;77
26/02/2026;02:37:00;25362.75;25363.25;25355.5;25355.75;93
26/02/2026;02:38:00;25355.5;25356.75;25350.0;25353.25;81
26/02/2026;02:39:00;25352.0;25359.25;25352.0;25359.25;43
26/02/2026;02:40:00;25357.5;25360.0;25350.75;25353.25;69
26/02/2026;02:41:00;25354.75;25355.0;25352.0;25352.25;28
26/02/2026;02:42:00;25352.75;25354.5;25351.75;25354.5;25
26/02/2026;02:43:00;25355.25;25357.25;25352.5;25354.25;31
26/02/2026;02:44:00;25354.0;25356.0;25354.0;25355.75;25
26/02/2026;02:45:00;25353.5;25357.25;25352.75;25356.25;61
26/02/2026;02:46:00;25357.25;25357.5;25348.75;25355.0;149
26/02/2026;02:47:00;25355.0;25355.75;25343.25;25345.5;142
26/02/2026;02:48:00;25346.75;25352.25;25346.0;25349.75;83
26/02/2026;02:49:00;25351.75;25352.0;25346.5;25346.5;37
26/02/2026;02:50:00;25347.5;25352.25;25346.75;25348.25;71
26/02/2026;02:51:00;25347.75;25351.25;25346.5;25349.75;92
26/02/2026;02:52:00;25350.5;25351.5;25348.75;25349.75;58
26/02/2026;02:53:00;25349.5;25356.25;25348.5;25353.5;109
26/02/2026;02:54:00;25353.75;25355.0;25347.25;25348.25;71
26/02/2026;02:55:00;25348.5;25356.25;25348.5;25354.25;67
26/02/2026;02:56:00;25354.75;25360.0;25354.0;25357.25;91
26/02/2026;02:57:00;25356.5;25356.75;25351.75;25355.0;68
26/02/2026;02:58:00;25354.5;25356.5;25353.5;25353.5;44
26/02/2026;02:59:00;25353.75;25354.0;25348.25;25350.0;87
26/02/2026;03:00:00;25349.75;25358.25;25347.5;25355.75;110
26/02/2026;03:01:00;25354.5;25360.5;25353.75;25354.0;125
26/02/2026;03:02:00;25353.5;25355.75;25349.25;25349.75;73
26/02/2026;03:03:00;25350.25;25354.5;25350.25;25351.25;59
26/02/2026;03:04:00;25352.0;25356.25;25350.5;25350.5;45
26/02/2026;03:05:00;25351.5;25356.0;25349.75;25351.25;65
26/02/2026;03:06:00;25351.0;25354.75;25349.5;25349.5;43
26/02/2026;03:07:00;25349.0;25350.25;25346.0;25347.0;73
26/02/2026;03:08:00;25349.0;25354.5;25348.5;25354.5;42
26/02/2026;03:09:00;25355.0;25357.5;25353.75;25355.25;53
26/02/2026;03:10:00;25355.0;25356.5;25353.75;25354.25;45
26/02/2026;03:11:00;25354.0;25363.5;25353.75;25362.0;76
26/02/2026;03:12:00;25362.75;25371.0;25360.75;25369.75;184
26/02/2026;03:13:00;25369.0;25370.0;25367.0;25368.75;85
26/02/2026;03:14:00;25368.75;25372.0;25368.25;25372.0;59
26/02/2026;03:15:00;25372.75;25375.75;25371.25;25372.5;88
26/02/2026;03:16:00;25370.75;25374.5;25370.0;25373.75;49
26/02/2026;03:17:00;25373.75;25377.25;25369.25;25369.25;94
26/02/2026;03:18:00;25369.25;25370.5;25364.5;25369.25;69
26/02/2026;03:19:00;25368.5;25369.25;25365.75;25366.25;96
26/02/2026;03:20:00;25366.25;25369.25;25365.25;25367.75;53
26/02/2026;03:21:00;25368.75;25375.75;25368.75;25373.75;49
26/02/2026;03:22:00;25374.5;25374.5;25370.0;25370.75;41
26/02/2026;03:23:00;25371.75;25372.25;25366.75;25368.75;163
26/02/2026;03:24:00;25368.0;25369.0;25364.0;25364.5;67
26/02/2026;03:25:00;25364.25;25371.0;25364.0;25370.5;108
26/02/2026;03:26:00;25369.75;25379.75;25369.75;25377.0;133
26/02/2026;03:27:00;25377.0;25379.25;25375.25;25378.75;75
26/02/2026;03:28:00;25379.0;25380.25;25376.75;25379.0;114
26/02/2026;03:29:00;25378.5;25380.25;25377.0;25379.75;54
26/02/2026;03:30:00;25379.25;25379.25;25375.25;25377.5;50
26/02/2026;03:31:00;25379.5;25387.25;25379.5;25384.0;84
26/02/2026;03:32:00;25384.75;25387.0;25382.5;25386.75;88
26/02/2026;03:33:00;25386.5;25387.5;25381.75;25382.0;106
26/02/2026;03:34:00;25381.75;25383.0;25379.0;25379.0;67
26/02/2026;03:35:00;25380.5;25388.0;25380.5;25387.75;65
26/02/2026;03:36:00;25388.25;25388.5;25385.0;25385.75;107
26/02/2026;03:37:00;25386.25;25386.5;25384.5;25386.0;60
26/02/2026;03:38:00;25386.0;25392.75;25386.0;25391.25;167
26/02/2026;03:39:00;25390.5;25391.75;25387.75;25391.25;66
26/02/2026;03:40:00;25392.0;25393.0;25390.5;25390.5;94
26/02/2026;03:41:00;25390.5;25391.5;25389.25;25389.75;44
26/02/2026;03:42:00;25390.75;25390.75;25388.5;25389.0;32
26/02/2026;03:43:00;25390.0;25393.0;25390.0;25392.75;42
26/02/2026;03:44:00;25393.0;25398.5;25392.5;25393.5;199
26/02/2026;03:45:00;25394.0;25399.75;25392.0;25398.0;131
26/02/2026;03:46:00;25398.5;25400.75;25396.25;25399.0;101
26/02/2026;03:47:00;25399.25;25401.5;25397.75;25399.75;78
26/02/2026;03:48:00;25399.75;25400.5;25398.0;25398.5;65
26/02/2026;03:49:00;25399.5;25400.75;25396.5;25399.25;107
26/02/2026;03:50:00;25398.5;25399.0;25391.75;25391.75;98
26/02/2026;03:51:00;25391.0;25397.0;25390.75;25393.0;99
26/02/2026;03:52:00;25393.5;25393.5;25386.0;25386.0;99
26/02/2026;03:53:00;25385.75;25387.75;25382.0;25383.25;138
26/02/2026;03:54:00;25382.5;25383.5;25380.25;25381.75;183
26/02/2026;03:55:00;25381.25;25382.25;25377.25;25379.5;90
26/02/2026;03:56:00;25379.5;25384.5;25377.75;25383.25;59
26/02/2026;03:57:00;25383.0;25384.75;25382.0;25382.5;39
26/02/2026;03:58:00;25383.0;25383.75;25379.0;25381.25;105
26/02/2026;03:59:00;25381.0;25381.5;25378.25;25378.5;69
26/02/2026;04:00:00;25379.25;25381.75;25377.0;25379.75;96
26/02/2026;04:01:00;25380.75;25383.5;25379.5;25382.25;59
26/02/2026;04:02:00;25382.0;25382.5;25375.25;25379.5;51
26/02/2026;04:03:00;25379.75;25382.25;25378.25;25381.25;39
26/02/2026;04:04:00;25380.75;25380.75;25378.5;25380.75;19
26/02/2026;04:05:00;25380.5;25381.0;25374.0;25374.5;109
26/02/2026;04:06:00;25373.75;25378.75;25373.75;25378.75;43
26/02/2026;04:07:00;25379.75;25380.5;25378.25;25380.25;18
26/02/2026;04:08:00;25381.0;25381.25;25378.5;25380.0;46
26/02/2026;04:09:00;25379.25;25382.25;25378.5;25379.5;62
26/02/2026;04:10:00;25378.75;25384.75;25378.5;25382.5;78
26/02/2026;04:11:00;25382.0;25388.25;25382.0;25385.5;52
26/02/2026;04:12:00;25384.25;25386.25;25383.75;25384.5;25
26/02/2026;04:13:00;25386.25;25388.25;25385.0;25388.25;19
26/02/2026;04:14:00;25388.0;25388.0;25382.75;25383.0;38
26/02/2026;04:15:00;25383.5;25385.5;25381.5;25385.0;42
26/02/2026;04:16:00;25384.25;25384.25;25379.0;25379.0;67
26/02/2026;04:17:00;25379.0;25383.5;25378.5;25379.25;53
26/02/2026;04:18:00;25379.0;25380.75;25374.75;25376.75;49
26/02/2026;04:19:00;25377.75;25378.25;25372.75;25377.0;69
26/02/2026;04:20:00;25376.25;25378.0;25375.25;25377.75;37
26/02/2026;04:21:00;25378.75;25379.5;25375.75;25375.75;16
26/02/2026;04:22:00;25376.0;25376.0;25368.0;25368.0;89
26/02/2026;04:23:00;25368.25;25369.75;25364.25;25367.5;143
26/02/2026;04:24:00;25369.0;25369.5;25364.75;25365.25;81
26/02/2026;04:25:00;25365.75;25370.5;25365.75;25367.5;106
26/02/2026;04:26:00;25368.0;25369.75;25366.0;25368.25;24
26/02/2026;04:27:00;25367.0;25367.25;25362.25;25364.0;65
26/02/2026;04:28:00;25365.25;25367.25;25364.5;25366.0;42
26/02/2026;04:29:00;25364.75;25366.75;25363.5;25363.5;23
26/02/2026;04:30:00;25363.5;25363.5;25361.25;25363.0;43
26/02/2026;04:31:00;25363.5;25372.0;25363.5;25370.25;69
26/02/2026;04:32:00;25370.5;25373.25;25369.25;25371.25;57
26/02/2026;04:33:00;25370.25;25372.0;25366.75;25366.75;54
26/02/2026;04:34:00;25367.5;25370.25;25366.25;25366.25;25
26/02/2026;04:35:00;25367.75;25368.0;25363.25;25365.75;33
26/02/2026;04:36:00;25365.25;25368.0;25364.75;25366.0;31
26/02/2026;04:37:00;25365.75;25365.75;25357.0;25357.0;176
26/02/2026;04:38:00;25356.75;25360.5;25353.25;25360.5;143
26/02/2026;04:39:00;25361.25;25361.75;25356.75;25361.75;45
26/02/2026;04:40:00;25361.0;25366.25;25360.25;25366.0;44
26/02/2026;04:41:00;25365.5;25366.75;25363.0;25364.5;23
26/02/2026;04:42:00;25363.5;25367.25;25360.0;25366.25;40
26/02/2026;04:43:00;25366.25;25370.5;25366.25;25368.25;112
26/02/2026;04:44:00;25367.25;25370.0;25365.75;25368.0;19
26/02/2026;04:45:00;25369.25;25369.25;25366.25;25366.25;15
26/02/2026;04:46:00;25365.25;25366.75;25365.25;25365.75;20
26/02/2026;04:47:00;25365.5;25367.25;25364.0;25365.5;78
26/02/2026;04:48:00;25365.0;25367.5;25361.5;25363.5;73
26/02/2026;04:49:00;25363.25;25364.5;25362.0;25362.25;65
26/02/2026;04:50:00;25363.25;25363.25;25353.75;25354.5;139
26/02/2026;04:51:00;25354.75;25357.0;25353.25;25356.5;140
26/02/2026;04:52:00;25356.25;25362.25;25355.75;25357.5;52
26/02/2026;04:53:00;25357.25;25360.25;25357.0;25357.75;14
26/02/2026;04:54:00;25358.25;25359.25;25354.0;25354.75;56
26/02/2026;04:55:00;25354.0;25354.0;25347.5;25353.25;183
26/02/2026;04:56:00;25353.5;25354.5;25352.75;25354.25;27
26/02/2026;04:57:00;25355.0;25357.75;25354.25;25356.0;38
26/02/2026;04:58:00;25355.0;25357.5;25352.25;25357.25;59
26/02/2026;04:59:00;25357.25;25357.5;25355.75;25356.5;20
26/02/2026;05:00:00;25357.5;25360.25;25355.25;25356.0;63
26/02/2026;05:01:00;25356.25;25360.75;25354.25;25359.0;37
26/02/2026;05:02:00;25359.5;25359.5;25350.5;25353.75;40
26/02/2026;05:03:00;25354.5;25354.5;25347.5;25349.25;104
26/02/2026;05:04:00;25349.0;25357.25;25345.25;25356.75;76
26/02/2026;05:05:00;25356.5;25360.25;25353.5;25359.75;54
26/02/2026;05:06:00;25359.25;25359.5;25355.25;25357.0;26
26/02/2026;05:07:00;25355.25;25362.5;25355.25;25359.25;42
26/02/2026;05:08:00;25359.5;25363.25;25359.25;25361.25;65
26/02/2026;05:09:00;25361.75;25361.75;25354.0;25355.0;48
26/02/2026;05:10:00;25355.25;25361.0;25355.25;25359.75;38
26/02/2026;05:11:00;25360.75;25361.0;25349.25;25351.75;122
26/02/2026;05:12:00;25351.0;25358.0;25349.75;25355.75;59
26/02/2026;05:13:00;25356.0;25358.0;25353.0;25357.25;34
26/02/2026;05:14:00;25356.0;25357.75;25354.25;25356.5;22
26/02/2026;05:15:00;25354.25;25354.75;25351.25;25353.25;48
26/02/2026;05:16:00;25353.5;25354.25;25352.5;25352.75;15
26/02/2026;05:17:00;25352.5;25354.5;25351.0;25352.0;33
26/02/2026;05:18:00;25353.25;25354.25;25350.0;25350.5;34
26/02/2026;05:19:00;25350.75;25353.0;25350.75;25352.75;35
26/02/2026;05:20:00;25351.75;25354.75;25351.0;25354.75;39
26/02/2026;05:21:00;25354.25;25357.75;25353.75;25357.75;45
26/02/2026;05:22:00;25357.5;25360.25;25355.5;25359.75;64
26/02/2026;05:23:00;25359.5;25361.0;25356.5;25357.5;60
26/02/2026;05:24:00;25356.0;25360.25;25355.25;25359.5;46
26/02/2026;05:25:00;25360.75;25368.5;25360.5;25365.0;139
26/02/2026;05:26:00;25366.0;25368.0;25363.25;25367.75;49
26/02/2026;05:27:00;25367.75;25368.0;25364.25;25364.5;38
26/02/2026;05:28:00;25365.0;25369.5;25365.0;25365.25;71
26/02/2026;05:29:00;25366.25;25366.25;25361.75;25365.0;58
26/02/2026;05:30:00;25362.75;25366.25;25362.0;25366.25;35
26/02/2026;05:31:00;25365.5;25369.25;25365.0;25366.0;92
26/02/2026;05:32:00;25366.25;25370.0;25362.75;25364.0;63
26/02/2026;05:33:00;25362.25;25362.75;25360.0;25361.75;33
26/02/2026;05:34:00;25362.25;25366.5;25362.25;25364.5;29
26/02/2026;05:35:00;25365.75;25368.25;25361.75;25363.75;48
26/02/2026;05:36:00;25365.0;25365.0;25361.25;25363.0;16
26/02/2026;05:37:00;25363.0;25366.75;25362.0;25366.75;16
26/02/2026;05:38:00;25366.75;25369.5;25366.25;25368.75;42
26/02/2026;05:39:00;25369.75;25369.75;25366.0;25366.25;40
26/02/2026;05:40:00;25366.25;25367.25;25363.5;25364.75;54
26/02/2026;05:41:00;25365.0;25365.25;25363.5;25364.5;35
26/02/2026;05:42:00;25365.0;25365.0;25360.0;25363.25;47
26/02/2026;05:43:00;25362.25;25364.0;25359.0;25360.75;90
26/02/2026;05:44:00;25361.0;25361.25;25356.25;25356.75;89
26/02/2026;05:45:00;25357.5;25358.0;25355.75;25358.0;35
26/02/2026;05:46:00;25358.0;25358.0;25350.75;25354.75;88
26/02/2026;05:47:00;25354.0;25357.25;25351.75;25356.25;80
26/02/2026;05:48:00;25356.5;25357.25;25353.0;25355.0;39
26/02/2026;05:49:00;25354.75;25362.5;25354.75;25361.5;62
26/02/2026;05:50:00;25362.5;25366.0;25360.25;25364.0;110
26/02/2026;05:51:00;25363.5;25363.5;25361.0;25363.0;33
26/02/2026;05:52:00;25363.25;25363.5;25358.0;25361.75;42
26/02/2026;05:53:00;25361.0;25361.5;25359.5;25361.25;24
26/02/2026;05:54:00;25362.0;25362.75;25354.25;25361.5;98
26/02/2026;05:55:00;25362.0;25362.75;25359.75;25361.0;30
26/02/2026;05:56:00;25360.25;25363.5;25360.25;25363.0;48
26/02/2026;05:57:00;25361.75;25369.5;25361.75;25368.0;85
26/02/2026;05:58:00;25367.5;25369.5;25365.0;25365.25;188
26/02/2026;05:59:00;25365.25;25365.25;25361.25;25362.0;74
26/02/2026;06:00:00;25361.75;25367.5;25360.75;25366.5;97
26/02/2026;06:01:00;25367.0;25368.75;25364.0;25364.0;133
26/02/2026;06:02:00;25362.5;25371.5;25360.25;25371.0;77
26/02/2026;06:03:00;25371.75;25376.0;25369.5;25375.25;129
26/02/2026;06:04:00;25375.5;25377.5;25370.5;25372.5;98
26/02/2026;06:05:00;25374.0;25375.25;25370.75;25370.75;36
26/02/2026;06:06:00;25370.5;25373.0;25368.0;25371.25;47
26/02/2026;06:07:00;25372.25;25374.25;25371.75;25373.0;30
26/02/2026;06:08:00;25373.0;25376.5;25372.5;25376.25;53
26/02/2026;06:09:00;25377.0;25378.5;25371.75;25376.75;111
26/02/2026;06:10:00;25377.25;25379.0;25374.25;25374.25;61
26/02/2026;06:11:00;25373.75;25374.0;25371.25;25373.75;47
26/02/2026;06:12:00;25373.25;25374.0;25371.5;25371.5;28
26/02/2026;06:13:00;25371.25;25372.0;25364.5;25366.5;116
26/02/2026;06:14:00;25367.25;25367.25;25363.5;25365.0;29
26/02/2026;06:15:00;25364.25;25375.5;25363.25;25375.0;142
26/02/2026;06:16:00;25375.0;25375.5;25372.5;25374.5;50
26/02/2026;06:17:00;25374.25;25376.5;25373.75;25376.5;54
26/02/2026;06:18:00;25376.5;25380.75;25374.75;25376.5;81
26/02/2026;06:19:00;25375.5;25375.5;25366.75;25369.5;100
26/02/2026;06:20:00;25370.0;25374.0;25368.0;25372.5;58
26/02/2026;06:21:00;25371.25;25374.25;25370.25;25373.5;31
26/02/2026;06:22:00;25375.0;25375.0;25371.25;25374.0;31
26/02/2026;06:23:00;25374.0;25384.0;25374.0;25381.75;86
26/02/2026;06:24:00;25382.0;25384.25;25379.0;25383.75;67
26/02/2026;06:25:00;25383.75;25384.5;25379.0;25380.5;94
26/02/2026;06:26:00;25380.25;25384.5;25376.25;25382.75;99
26/02/2026;06:27:00;25383.0;25383.75;25381.25;25382.0;70
26/02/2026;06:28:00;25380.75;25383.75;25379.0;25383.25;62
26/02/2026;06:29:00;25383.25;25389.0;25382.5;25386.75;148
26/02/2026;06:30:00;25386.75;25388.75;25382.75;25385.5;110
26/02/2026;06:31:00;25387.0;25387.25;25380.25;25382.0;118
26/02/2026;06:32:00;25382.0;25383.75;25380.75;25383.75;44
26/02/2026;06:33:00;25383.0;25383.0;25378.0;25380.5;48
26/02/2026;06:34:00;25380.75;25385.25;25380.0;25384.75;44
26/02/2026;06:35:00;25384.25;25384.25;25376.0;25377.25;58
26/02/2026;06:36:00;25378.25;25379.5;25375.0;25376.75;69
26/02/2026;06:37:00;25377.0;25377.0;25369.25;25371.25;117
26/02/2026;06:38:00;25371.5;25375.5;25371.5;25375.0;56
26/02/2026;06:39:00;25375.5;25377.25;25372.75;25376.25;65
26/02/2026;06:40:00;25377.25;25380.5;25376.5;25378.5;52
26/02/2026;06:41:00;25377.5;25379.5;25375.5;25378.75;79
26/02/2026;06:42:00;25378.75;25390.75;25378.5;25390.0;178
26/02/2026;06:43:00;25389.25;25390.25;25386.0;25388.75;93
26/02/2026;06:44:00;25388.75;25390.5;25387.0;25387.25;56
26/02/2026;06:45:00;25386.25;25386.75;25378.0;25378.25;112
26/02/2026;06:46:00;25378.5;25380.75;25375.75;25379.5;82
26/02/2026;06:47:00;25378.5;25380.5;25376.0;25380.5;64
26/02/2026;06:48:00;25381.0;25382.0;25380.0;25381.5;41
26/02/2026;06:49:00;25381.75;25382.5;25378.75;25379.5;107
26/02/2026;06:50:00;25378.75;25380.75;25378.5;25380.0;17
26/02/2026;06:51:00;25379.25;25382.75;25376.5;25376.75;61
26/02/2026;06:52:00;25376.5;25379.5;25374.5;25374.75;64
26/02/2026;06:53:00;25375.0;25379.0;25373.5;25378.25;99
26/02/2026;06:54:00;25377.5;25378.0;25376.25;25377.5;35
26/02/2026;06:55:00;25376.75;25379.0;25376.75;25377.0;33
26/02/2026;06:56:00;25378.0;25383.0;25376.75;25381.25;75
26/02/2026;06:57:00;25381.5;25382.5;25377.5;25378.75;56
26/02/2026;06:58:00;25378.0;25378.75;25373.25;25373.25;61
26/02/2026;06:59:00;25373.25;25374.0;25370.0;25374.0;81
26/02/2026;07:00:00;25372.75;25376.0;25369.25;25376.0;135
26/02/2026;07:01:00;25376.5;25380.0;25372.0;25374.5;109
26/02/2026;07:02:00;25375.0;25376.75;25368.0;25368.0;135
26/02/2026;07:03:00;25368.25;25373.0;25366.75;25368.0;118
26/02/2026;07:04:00;25367.5;25368.25;25361.25;25363.5;142
26/02/2026;07:05:00;25363.0;25366.25;25361.5;25366.0;77
26/02/2026;07:06:00;25365.75;25369.5;25364.75;25366.25;59
26/02/2026;07:07:00;25365.75;25370.75;25365.75;25369.75;92
26/02/2026;07:08:00;25369.25;25371.25;25366.25;25370.0;77
26/02/2026;07:09:00;25369.75;25373.5;25368.5;25370.75;92
26/02/2026;07:10:00;25370.25;25372.75;25369.5;25369.75;90
26/02/2026;07:11:00;25369.5;25370.5;25364.75;25370.25;114
26/02/2026;07:12:00;25370.0;25374.75;25368.5;25374.75;58
26/02/2026;07:13:00;25374.25;25377.75;25374.0;25374.5;88
26/02/2026;07:14:00;25374.75;25379.0;25374.75;25377.5;95
26/02/2026;07:15:00;25377.25;25378.0;25373.0;25378.0;76
26/02/2026;07:16:00;25378.25;25379.25;25376.5;25377.75;73
26/02/2026;07:17:00;25378.25;25383.5;25376.0;25383.5;245
26/02/2026;07:18:00;25383.25;25389.75;25381.75;25385.25;465
26/02/2026;07:19:00;25385.25;25391.75;25383.25;25384.75;229
26/02/2026;07:20:00;25384.75;25387.25;25382.5;25384.5;110
26/02/2026;07:21:00;25384.25;25392.0;25383.5;25390.75;113
26/02/2026;07:22:00;25390.75;25390.75;25385.5;25386.25;121
26/02/2026;07:23:00;25387.0;25391.0;25383.75;25386.0;167
26/02/2026;07:24:00;25386.0;25386.5;25384.0;25385.75;37
26/02/2026;07:25:00;25386.0;25388.0;25384.0;25384.0;136
26/02/2026;07:26:00;25385.75;25389.25;25384.5;25389.25;105
26/02/2026;07:27:00;25388.0;25398.25;25387.25;25395.25;241
26/02/2026;07:28:00;25395.75;25398.25;25394.25;25397.0;114
26/02/2026;07:29:00;25397.25;25399.25;25394.5;25398.25;221
26/02/2026;07:30:00;25398.25;25401.0;25391.5;25392.5;261
26/02/2026;07:31:00;25393.25;25400.0;25393.25;25398.5;257
26/02/2026;07:32:00;25398.25;25398.75;25394.5;25397.25;94
26/02/2026;07:33:00;25398.25;25402.75;25396.75;25401.5;174
26/02/2026;07:34:00;25401.25;25401.75;25398.0;25400.0;128
26/02/2026;07:35:00;25399.5;25399.75;25387.25;25394.25;338
26/02/2026;07:36:00;25394.75;25401.0;25393.75;25397.5;148
26/02/2026;07:37:00;25397.75;25400.0;25394.5;25396.5;84
26/02/2026;07:38:00;25396.25;25400.75;25395.25;25396.5;125
26/02/2026;07:39:00;25397.25;25400.5;25393.5;25397.0;120
26/02/2026;07:40:00;25397.0;25400.25;25395.0;25395.75;95
26/02/2026;07:41:00;25395.0;25395.75;25390.0;25390.5;148
26/02/2026;07:42:00;25391.0;25393.5;25388.25;25389.75;185
26/02/2026;07:43:00;25389.5;25391.5;25388.0;25390.25;136
26/02/2026;07:44:00;25390.75;25392.0;25386.0;25387.25;132
26/02/2026;07:45:00;25387.5;25394.5;25385.5;25391.5;241
26/02/2026;07:46:00;25391.0;25407.25;25390.75;25404.75;493
26/02/2026;07:47:00;25405.0;25411.75;25402.0;25410.0;351
26/02/2026;07:48:00;25410.0;25415.25;25407.0;25413.5;357
26/02/2026;07:49:00;25413.5;25415.0;25407.0;25411.0;289
26/02/2026;07:50:00;25410.75;25410.75;25402.0;25404.75;193
26/02/2026;07:51:00;25403.75;25405.5;25397.0;25397.75;187
26/02/2026;07:52:00;25398.25;25399.5;25394.0;25394.5;153
26/02/2026;07:53:00;25395.25;25399.0;25394.5;25397.0;165
26/02/2026;07:54:00;25398.25;25401.0;25395.25;25397.75;140
26/02/2026;07:55:00;25397.5;25400.25;25380.5;25383.0;406
26/02/2026;07:56:00;25383.5;25390.25;25383.5;25386.25;253
26/02/2026;07:57:00;25386.25;25389.5;25384.5;25387.25;192
26/02/2026;07:58:00;25386.75;25392.25;25385.75;25389.75;216
26/02/2026;07:59:00;25389.75;25390.0;25383.75;25383.75;146
26/02/2026;08:00:00;25383.0;25394.5;25382.25;25385.5;376
26/02/2026;08:01:00;25386.5;25389.0;25382.0;25388.75;191
26/02/2026;08:02:00;25389.25;25398.75;25389.25;25394.75;371
26/02/2026;08:03:00;25395.5;25398.0;25392.0;25394.25;156
26/02/2026;08:04:00;25394.25;25396.75;25386.75;25389.25;187
26/02/2026;08:05:00;25389.0;25390.25;25382.25;25384.25;167
26/02/2026;08:06:00;25383.75;25388.25;25379.5;25381.5;304
26/02/2026;08:07:00;25381.25;25387.5;25379.5;25385.75;152
26/02/2026;08:08:00;25385.75;25386.25;25380.25;25380.5;137
26/02/2026;08:09:00;25381.0;25381.75;25372.5;25374.25;251
26/02/2026;08:10:00;25373.75;25376.0;25367.0;25370.75;267
26/02/2026;08:11:00;25371.5;25376.75;25368.25;25372.5;318
26/02/2026;08:12:00;25373.5;25379.5;25371.75;25377.25;190
26/02/2026;08:13:00;25377.25;25379.75;25374.75;25376.75;161
26/02/2026;08:14:00;25377.0;25378.25;25374.25;25378.25;146
26/02/2026;08:15:00;25377.75;25384.0;25375.5;25379.0;294
26/02/2026;08:16:00;25379.25;25380.5;25372.0;25375.25;239
26/02/2026;08:17:00;25375.75;25379.25;25371.25;25374.75;152
26/02/2026;08:18:00;25374.5;25374.5;25366.5;25374.0;385
26/02/2026;08:19:00;25372.75;25384.75;25372.0;25382.25;313
26/02/2026;08:20:00;25382.25;25383.5;25370.0;25374.5;298
26/02/2026;08:21:00;25374.0;25374.0;25367.75;25372.0;341
26/02/2026;08:22:00;25372.25;25374.25;25368.25;25369.5;101
26/02/2026;08:23:00;25368.5;25370.0;25360.25;25363.75;459
26/02/2026;08:24:00;25364.25;25371.5;25364.25;25370.0;206
26/02/2026;08:25:00;25370.5;25370.75;25360.25;25363.75;465
26/02/2026;08:26:00;25363.25;25366.25;25358.75;25361.0;261
26/02/2026;08:27:00;25360.25;25360.5;25345.75;25347.75;723
26/02/2026;08:28:00;25348.5;25358.0;25342.25;25355.0;912
26/02/2026;08:29:00;25355.0;25356.0;25341.0;25342.5;590
26/02/2026;08:30:00;25341.25;25342.0;25285.0;25294.0;7181
26/02/2026;08:31:00;25293.0;25336.0;25280.0;25323.5;4764
26/02/2026;08:32:00;25324.75;25328.0;25280.5;25283.0;2677
26/02/2026;08:33:00;25283.5;25291.25;25271.5;25278.5;2768
26/02/2026;08:34:00;25276.75;25286.25;25256.0;25272.5;3434
26/02/2026;08:35:00;25272.5;25291.0;25258.75;25265.25;3020
26/02/2026;08:36:00;25266.0;25271.25;25224.5;25233.75;3307
26/02/2026;08:37:00;25234.0;25258.25;25231.75;25250.5;2512
26/02/2026;08:38:00;25250.25;25275.5;25243.25;25260.25;3525
26/02/2026;08:39:00;25260.5;25295.75;25259.0;25275.25;3014
26/02/2026;08:40:00;25276.25;25280.75;25246.75;25251.75;2766
26/02/2026;08:41:00;25253.0;25282.75;25244.25;25271.75;2274
26/02/2026;08:42:00;25272.5;25293.5;25258.75;25264.25;2435
26/02/2026;08:43:00;25265.0;25270.25;25232.0;25248.0;2498
26/02/2026;08:44:00;25246.75;25273.5;25239.75;25266.5;1906
26/02/2026;08:45:00;25265.25;25266.0;25214.75;25230.25;3458
26/02/2026;08:46:00;25230.25;25264.25;25229.25;25257.25;2101
26/02/2026;08:47:00;25256.75;25259.25;25234.0;25242.0;1500
26/02/2026;08:48:00;25241.5;25245.0;25213.25;25218.0;2654
26/02/2026;08:49:00;25218.75;25232.75;25209.25;25230.25;2237
26/02/2026;08:50:00;25229.75;25254.25;25227.75;25230.5;2076
26/02/2026;08:51:00;25230.0;25235.0;25206.5;25213.75;2218
26/02/2026;08:52:00;25215.5;25217.5;25195.0;25198.5;2228
26/02/2026;08:53:00;25198.0;25216.25;25188.5;25210.0;2507
26/02/2026;08:54:00;25210.25;25219.0;25192.25;25215.25;1911
26/02/2026;08:55:00;25216.25;25241.5;25211.75;25225.5;2879
26/02/2026;08:56:00;25225.0;25234.75;25213.0;25222.25;2165
26/02/2026;08:57:00;25222.0;25224.25;25199.5;25200.25;2234
26/02/2026;08:58:00;25200.75;25204.25;25181.25;25197.5;2274
26/02/2026;08:59:00;25197.5;25213.75;25192.0;25193.0;1894
26/02/2026;09:00:00;25193.5;25210.75;25172.25;25176.0;4251
26/02/2026;09:01:00;25177.0;25184.25;25134.25;25144.0;3770
26/02/2026;09:02:00;25144.5;25161.5;25141.25;25157.75;2290
26/02/2026;09:03:00;25157.0;25180.5;25154.25;25170.5;2119
26/02/2026;09:04:00;25170.5;25189.5;25164.25;25173.25;2013
26/02/2026;09:05:00;25173.5;25177.75;25154.0;25163.5;1823
26/02/2026;09:06:00;25162.25;25178.0;25151.25;25166.75;1856
26/02/2026;09:07:00;25166.0;25171.75;25151.0;25161.5;1497
26/02/2026;09:08:00;25161.0;25169.25;25153.75;25163.0;1883
26/02/2026;09:09:00;25163.0;25167.75;25141.5;25145.75;1682
26/02/2026;09:10:00;25145.75;25165.5;25143.0;25164.5;1443
26/02/2026;09:11:00;25164.5;25174.0;25153.25;25158.0;2416
26/02/2026;09:12:00;25157.0;25158.25;25087.25;25093.0;4422
26/02/2026;09:13:00;25093.25;25103.5;25087.5;25091.75;1996
26/02/2026;09:14:00;25091.5;25092.25;25064.0;25066.25;2892
26/02/2026;09:15:00;25067.0;25067.25;25025.5;25033.75;4310
26/02/2026;09:16:00;25033.25;25033.75;24990.25;24994.0;4308
26/02/2026;09:17:00;24993.5;25022.75;24990.5;24999.0;2872
26/02/2026;09:18:00;24998.75;25002.75;24965.0;24970.0;3072
26/02/2026;09:19:00;24970.5;24977.75;24946.75;24955.0;2670
26/02/2026;09:20:00;24952.75;24981.25;24936.25;24937.0;3268
26/02/2026;09:21:00;24938.0;24946.0;24920.0;24922.0;3100
26/02/2026;09:22:00;24922.5;24932.0;24902.5;24926.5;2719
26/02/2026;09:23:00;24926.0;24952.0;24915.5;24939.75;2502
26/02/2026;09:24:00;24941.0;24941.25;24900.0;24916.75;3693
26/02/2026;09:25:00;24917.0;24937.0;24911.0;24927.0;2925
26/02/2026;09:26:00;24927.25;24970.5;24927.25;24963.25;3666
26/02/2026;09:27:00;24964.0;24966.5;24905.75;24908.0;3020
26/02/2026;09:28:00;24908.5;24925.25;24885.0;24906.5;3176
26/02/2026;09:29:00;24906.0;24940.75;24902.5;24932.25;2349
26/02/2026;09:30:00;24933.0;24936.5;24894.25;24904.0;3007
26/02/2026;09:31:00;24904.5;24934.75;24892.75;24921.25;2186
26/02/2026;09:32:00;24921.25;24930.25;24897.25;24899.0;1824
26/02/2026;09:33:00;24899.25;24913.0;24890.25;24904.25;1773
26/02/2026;09:34:00;24903.0;24903.0;24861.75;24871.25;3264
26/02/2026;09:35:00;24872.5;24911.0;24871.0;24907.0;2791
26/02/2026;09:36:00;24905.5;24921.0;24888.75;24913.75;2582
26/02/2026;09:37:00;24912.75;24936.75;24905.75;24934.25;2200
26/02/2026;09:38:00;24933.75;24970.0;24929.5;24968.5;2444
26/02/2026;09:39:00;24968.5;24976.0;24955.0;24975.25;2546
26/02/2026;09:40:00;24974.75;24995.75;24969.0;24973.75;2405
26/02/2026;09:41:00;24973.25;24997.75;24966.25;24989.0;2120
26/02/2026;09:42:00;24988.0;24997.25;24959.25;24972.25;2470
26/02/2026;09:43:00;24972.25;24999.0;24971.75;24992.75;1523
26/02/2026;09:44:00;24992.75;25000.75;24983.75;24989.5;1227
26/02/2026;09:45:00;24989.5;25019.75;24989.5;25016.25;2219
26/02/2026;09:46:00;25015.5;25025.0;24982.25;24986.75;2381
26/02/2026;09:47:00;24986.5;25009.0;24979.25;25006.75;1669
26/02/2026;09:48:00;25007.75;25019.25;24998.0;25015.75;1725
26/02/2026;09:49:00;25016.0;25026.25;25001.25;25015.0;1325
26/02/2026;09:50:00;25013.5;25014.75;24991.0;25000.75;1685
26/02/2026;09:51:00;25000.75;25002.0;24984.25;24987.75;1649
26/02/2026;09:52:00;24987.0;25026.75;24985.25;25014.25;2005
26/02/2026;09:53:00;25015.5;25018.25;24991.5;25000.5;1235
26/02/2026;09:54:00;25001.5;25013.5;24994.0;25009.5;897
26/02/2026;09:55:00;25009.25;25016.5;24990.0;24997.0;961
26/02/2026;09:56:00;24997.5;25002.0;24980.5;24985.75;1483
26/02/2026;09:57:00;24986.25;25014.5;24981.0;25013.75;1199
26/02/2026;09:58:00;25013.75;25024.0;25011.25;25015.75;1221
26/02/2026;09:59:00;25016.75;25017.25;24989.5;24998.75;1338
26/02/2026;10:00:00;24999.5;25022.25;24997.0;25019.75;1162
26/02/2026;10:01:00;25018.5;25023.75;24999.0;25002.25;1313
26/02/2026;10:02:00;25002.0;25009.5;24985.5;25008.5;1471
26/02/2026;10:03:00;25008.0;25027.0;25002.75;25007.75;1500
26/02/2026;10:04:00;25007.75;25025.0;25001.0;25023.75;1183
26/02/2026;10:05:00;25024.25;25041.0;25018.5;25028.25;2831
26/02/2026;10:06:00;25028.5;25032.75;24997.25;25012.0;1432
26/02/2026;10:07:00;25011.5;25032.25;25004.25;25021.75;1065
26/02/2026;10:08:00;25022.0;25028.5;25012.25;25025.25;744
26/02/2026;10:09:00;25024.0;25032.25;25019.25;25023.5;571
26/02/2026;10:10:00;25024.25;25033.0;25020.0;25024.0;695
26/02/2026;10:11:00;25025.25;25035.5;25021.25;25028.25;761
26/02/2026;10:12:00;25030.0;25051.0;25030.0;25037.5;1492
26/02/2026;10:13:00;25036.75;25037.75;25024.0;25034.0;881
26/02/2026;10:14:00;25034.25;25047.25;25026.5;25047.0;944
26/02/2026;10:15:00;25047.5;25063.5;25044.5;25060.75;1401
26/02/2026;10:16:00;25061.0;25069.75;25052.0;25067.75;1320
26/02/2026;10:17:00;25068.5;25069.0;25042.0;25052.0;987
26/02/2026;10:18:00;25052.0;25053.25;25042.0;25047.0;713
26/02/2026;10:19:00;25046.5;25048.75;25031.25;25034.75;936
26/02/2026;10:20:00;25034.75;25042.0;25027.75;25034.25;914
26/02/2026;10:21:00;25034.0;25046.25;25033.5;25038.25;806
26/02/2026;10:22:00;25038.5;25057.75;25038.0;25050.75;1061
26/02/2026;10:23:00;25051.75;25060.0;25041.25;25045.5;869
26/02/2026;10:24:00;25045.25;25051.0;25043.75;25048.75;628
26/02/2026;10:25:00;25050.5;25076.0;25049.75;25075.0;1393
26/02/2026;10:26:00;25075.25;25085.5;25062.25;25068.5;1513
26/02/2026;10:27:00;25068.5;25069.5;25057.75;25065.5;641
26/02/2026;10:28:00;25066.25;25069.0;25061.0;25065.0;564
26/02/2026;10:29:00;25065.5;25067.25;25056.25;25058.75;1030
26/02/2026;10:30:00;25058.75;25067.25;25051.25;25062.5;1062
26/02/2026;10:31:00;25063.0;25065.5;25046.0;25049.25;1293
26/02/2026;10:32:00;25050.0;25068.75;25049.25;25062.0;807
26/02/2026;10:33:00;25062.5;25068.25;25052.25;25061.5;741
26/02/2026;10:34:00;25062.25;25070.0;25058.5;25064.5;614
26/02/2026;10:35:00;25065.0;25068.25;25057.0;25057.0;572
26/02/2026;10:36:00;25057.5;25058.5;25029.5;25032.0;1652
26/02/2026;10:37:00;25032.5;25033.75;25021.25;25022.25;1553
26/02/2026;10:38:00;25022.0;25026.25;25006.75;25022.5;1569
26/02/2026;10:39:00;25022.5;25026.25;25013.75;25017.75;828
26/02/2026;10:40:00;25017.5;25019.5;25009.0;25018.0;1055
26/02/2026;10:41:00;25018.75;25036.25;25018.0;25026.0;1265
26/02/2026;10:42:00;25026.5;25031.75;25017.5;25026.75;883
26/02/2026;10:43:00;25027.0;25027.0;25008.0;25010.5;1042
26/02/2026;10:44:00;25011.0;25014.5;24997.0;25001.5;1126
26/02/2026;10:45:00;25001.75;25003.25;24984.5;24986.75;1296
26/02/2026;10:46:00;24986.75;25000.0;24975.0;24987.5;1970
26/02/2026;10:47:00;24987.0;25004.0;24984.0;24998.25;1327
26/02/2026;10:48:00;24996.75;25016.25;24992.75;25011.5;954
26/02/2026;10:49:00;25011.0;25022.25;25008.25;25020.0;921
26/02/2026;10:50:00;25020.0;25029.5;25003.75;25003.75;1217
26/02/2026;10:51:00;25004.0;25019.0;25003.0;25006.25;1138
26/02/2026;10:52:00;25005.0;25013.0;24998.0;24998.75;927
26/02/2026;10:53:00;24998.5;25000.75;24985.75;24991.5;967
26/02/2026;10:54:00;24991.25;24992.25;24977.0;24977.5;935
26/02/2026;10:55:00;24979.25;24983.25;24965.0;24970.75;1296
26/02/2026;10:56:00;24970.25;24983.25;24964.5;24964.5;1009
26/02/2026;10:57:00;24965.25;24967.5;24955.0;24960.0;1153
26/02/2026;10:58:00;24959.25;24971.75;24954.25;24960.5;1029
26/02/2026;10:59:00;24959.0;24972.0;24959.0;24963.5;771
26/02/2026;11:00:00;24963.75;24988.5;24960.0;24987.5;1385
26/02/2026;11:01:00;24987.5;24988.0;24976.25;24977.0;683
26/02/2026;11:02:00;24977.5;24980.75;24972.0;24973.0;652
26/02/2026;11:03:00;24972.75;24990.25;24971.25;24987.75;765
26/02/2026;11:04:00;24986.75;24998.5;24984.5;24995.5;789
26/02/2026;11:05:00;24995.5;25006.25;24991.0;24996.25;838
26/02/2026;11:06:00;24995.25;25004.0;24989.75;24989.75;710
26/02/2026;11:07:00;24990.25;25005.75;24987.0;25003.25;706
26/02/2026;11:08:00;25003.0;25009.25;24997.0;24998.75;682
26/02/2026;11:09:00;24998.25;25002.75;24987.75;24989.0;569
26/02/2026;11:10:00;24989.0;25000.5;24989.0;24993.5;515
26/02/2026;11:11:00;24993.0;25002.5;24990.0;24997.75;422
26/02/2026;11:12:00;24997.25;25003.25;24991.75;24999.5;565
26/02/2026;11:13:00;25000.5;25001.5;24985.0;24989.75;556
26/02/2026;11:14:00;24989.5;24991.0;24966.5;24966.5;896
26/02/2026;11:15:00;24967.0;24967.75;24955.0;24955.25;1126
26/02/2026;11:16:00;24955.5;24968.75;24953.0;24959.5;979
26/02/2026;11:17:00;24959.75;24966.75;24956.25;24962.0;579
26/02/2026;11:18:00;24961.5;24972.5;24958.5;24967.75;725
26/02/2026;11:19:00;24967.0;24977.5;24963.75;24965.5;707
26/02/2026;11:20:00;24966.0;24969.75;24962.75;24964.75;523
26/02/2026;11:21:00;24964.5;24970.5;24955.75;24960.0;754
26/02/2026;11:22:00;24960.0;24967.75;24955.5;24959.0;522
26/02/2026;11:23:00;24958.5;24964.25;24954.75;24957.25;395
26/02/2026;11:24:00;24958.0;24968.5;24958.0;24965.25;481
26/02/2026;11:25:00;24965.25;24974.25;24963.5;24966.25;543
26/02/2026;11:26:00;24966.25;24971.5;24962.0;24963.5;556
26/02/2026;11:27:00;24963.75;24968.25;24962.0;24965.5;376
26/02/2026;11:28:00;24965.75;24970.75;24959.0;24963.5;433
26/02/2026;11:29:00;24963.0;24971.75;24962.75;24968.0;342
26/02/2026;11:30:00;24966.75;24981.75;24964.75;24970.75;743
26/02/2026;11:31:00;24970.5;24982.5;24968.75;24979.0;639
26/02/2026;11:32:00;24978.75;24996.0;24978.0;24995.5;994
26/02/2026;11:33:00;24996.0;25008.0;24992.0;24997.75;1386
26/02/2026;11:34:00;24997.5;25001.5;24990.5;24992.5;554
26/02/2026;11:35:00;24992.5;24992.75;24972.5;24974.5;759
26/02/2026;11:36:00;24974.25;24977.0;24958.0;24959.25;976
26/02/2026;11:37:00;24958.75;24959.25;24944.5;24946.0;1240
26/02/2026;11:38:00;24945.5;24954.75;24945.25;24951.75;660
26/02/2026;11:39:00;24951.0;24958.75;24949.5;24955.25;581
26/02/2026;11:40:00;24955.5;24963.5;24949.75;24955.5;644
26/02/2026;11:41:00;24956.25;24956.75;24946.25;24947.0;488
26/02/2026;11:42:00;24947.5;24954.25;24945.5;24947.25;522
26/02/2026;11:43:00;24946.75;24951.25;24942.75;24950.75;744
26/02/2026;11:44:00;24950.0;24951.25;24942.25;24944.5;443
26/02/2026;11:45:00;24944.25;24948.25;24939.5;24943.75;641
26/02/2026;11:46:00;24942.0;24943.0;24936.25;24941.5;626
26/02/2026;11:47:00;24941.5;24949.25;24935.75;24939.0;696
26/02/2026;11:48:00;24938.25;24942.75;24935.25;24937.75;505
26/02/2026;11:49:00;24937.25;24937.5;24915.75;24921.75;1294
26/02/2026;11:50:00;24921.25;24925.25;24912.0;24923.25;1171
26/02/2026;11:51:00;24922.75;24936.5;24920.25;24935.75;1280
26/02/2026;11:52:00;24936.5;24950.75;24933.75;24948.0;1047
26/02/2026;11:53:00;24947.5;24952.0;24941.5;24946.0;607
26/02/2026;11:54:00;24945.0;24953.5;24941.25;24951.25;678
26/02/2026;11:55:00;24950.75;24950.75;24934.25;24936.75;704
26/02/2026;11:56:00;24936.5;24943.5;24935.25;24938.0;483
26/02/2026;11:57:00;24937.75;24938.5;24931.0;24932.25;565
26/02/2026;11:58:00;24931.75;24937.5;24926.25;24935.25;538
26/02/2026;11:59:00;24935.75;24943.75;24934.75;24934.75;574
26/02/2026;12:00:00;24935.25;24938.0;24930.0;24930.0;450
26/02/2026;12:01:00;24930.5;24938.25;24928.0;24931.25;362
26/02/2026;12:02:00;24931.0;24939.0;24924.0;24924.5;579
26/02/2026;12:03:00;24924.0;24926.0;24908.0;24914.0;1122
26/02/2026;12:04:00;24912.75;24921.0;24912.75;24915.25;477
26/02/2026;12:05:00;24917.0;24926.5;24915.0;24915.75;994
26/02/2026;12:06:00;24915.5;24921.0;24906.5;24907.25;673
26/02/2026;12:07:00;24907.5;24913.5;24905.25;24906.25;600
26/02/2026;12:08:00;24906.25;24910.25;24888.75;24901.25;2148
26/02/2026;12:09:00;24901.5;24906.5;24891.5;24905.5;1187
26/02/2026;12:10:00;24905.0;24917.5;24902.5;24913.25;1058
26/02/2026;12:11:00;24913.0;24922.5;24903.25;24916.5;1304
26/02/2026;12:12:00;24917.0;24917.0;24903.0;24903.5;584
26/02/2026;12:13:00;24904.0;24911.25;24901.0;24905.25;818
26/02/2026;12:14:00;24905.25;24911.5;24902.5;24908.25;416
26/02/2026;12:15:00;24908.0;24908.5;24900.0;24900.75;661
26/02/2026;12:16:00;24901.0;24902.5;24890.5;24899.75;784
26/02/2026;12:17:00;24900.5;24919.75;24900.25;24915.75;798
26/02/2026;12:18:00;24915.75;24925.5;24914.0;24923.75;1015
26/02/2026;12:19:00;24924.0;24931.0;24919.5;24929.0;779
26/02/2026;12:20:00;24928.75;24932.0;24921.25;24928.75;776
26/02/2026;12:21:00;24928.5;24932.0;24914.0;24916.0;711
26/02/2026;12:22:00;24916.25;24924.5;24916.25;24921.25;477
26/02/2026;12:23:00;24920.5;24921.0;24907.0;24915.5;701
26/02/2026;12:24:00;24915.5;24932.75;24914.75;24932.25;836
26/02/2026;12:25:00;24930.75;24935.0;24929.25;24930.75;593
26/02/2026;12:26:00;24930.5;24934.5;24926.75;24933.25;465
26/02/2026;12:27:00;24933.25;24935.75;24921.75;24924.0;697
26/02/2026;12:28:00;24924.5;24924.5;24917.25;24921.0;458
26/02/2026;12:29:00;24921.0;24926.75;24916.5;24919.75;453
26/02/2026;12:30:00;24918.75;24929.75;24916.0;24926.75;650
26/02/2026;12:31:00;24926.75;24929.25;24908.25;24923.0;1002
26/02/2026;12:32:00;24923.0;24924.5;24918.75;24923.5;354
26/02/2026;12:33:00;24923.25;24958.75;24919.0;24954.25;2727
26/02/2026;12:34:00;24954.5;24981.0;24950.0;24974.75;2922
26/02/2026;12:35:00;24975.25;24978.75;24958.5;24966.75;1191
26/02/2026;12:36:00;24965.5;24999.0;24963.0;24998.25;1446
26/02/2026;12:37:00;24997.75;25006.75;24987.25;25000.0;1648
26/02/2026;12:38:00;24999.0;25000.0;24986.0;24990.0;765
26/02/2026;12:39:00;24990.5;25002.5;24990.5;24997.5;737
26/02/2026;12:40:00;24998.75;25003.75;24989.5;24996.75;691
26/02/2026;12:41:00;24997.5;25007.0;24994.75;25002.75;601
26/02/2026;12:42:00;25004.5;25004.5;24991.0;24998.25;603
26/02/2026;12:43:00;24999.0;25014.0;24997.75;25006.5;1027
26/02/2026;12:44:00;25006.25;25006.75;24998.75;24999.5;432
26/02/2026;12:45:00;24999.75;25030.75;24999.75;25024.75;1453
26/02/2026;12:46:00;25025.25;25026.0;25009.75;25011.5;825
26/02/2026;12:47:00;25012.25;25014.75;25001.25;25002.75;699
26/02/2026;12:48:00;25002.75;25006.25;24986.25;24989.75;973
26/02/2026;12:49:00;24989.25;24999.75;24982.25;24999.75;793
26/02/2026;12:50:00;24999.75;25001.0;24980.25;24981.5;712
26/02/2026;12:51:00;24981.5;24990.0;24977.25;24982.75;670
26/02/2026;12:52:00;24982.5;24996.0;24980.75;24990.25;480
26/02/2026;12:53:00;24991.0;24996.75;24987.5;24990.5;397
26/02/2026;12:54:00;24991.75;24994.0;24988.75;24992.25;272
26/02/2026;12:55:00;24991.75;24996.25;24986.5;24994.25;355
26/02/2026;12:56:00;24994.75;25011.25;24991.0;25009.25;554
26/02/2026;12:57:00;25008.5;25009.75;25000.0;25008.0;544
26/02/2026;12:58:00;25008.25;25011.75;25003.5;25003.75;528
26/02/2026;12:59:00;25004.5;25006.0;24998.0;25001.5;438
26/02/2026;13:00:00;25002.0;25004.0;24988.25;24998.5;1422
26/02/2026;13:01:00;24998.0;25010.0;24997.75;25005.0;664
26/02/2026;13:02:00;25005.0;25013.25;25002.5;25009.25;545
26/02/2026;13:03:00;25009.5;25027.75;25009.25;25025.75;801
26/02/2026;13:04:00;25026.25;25031.75;25021.5;25026.5;494
26/02/2026;13:05:00;25027.0;25031.5;25023.75;25030.5;580
26/02/2026;13:06:00;25031.0;25041.0;25026.0;25036.75;827
26/02/2026;13:07:00;25036.0;25043.5;25031.25;25042.75;539
26/02/2026;13:08:00;25042.5;25051.5;25040.0;25051.25;687
26/02/2026;13:09:00;25051.5;25058.75;25049.25;25055.25;650
26/02/2026;13:10:00;25056.0;25072.0;25055.0;25068.75;1315
26/02/2026;13:11:00;25068.5;25071.75;25050.0;25050.5;1172
26/02/2026;13:12:00;25050.5;25057.75;25048.0;25056.5;893
26/02/2026;13:13:00;25056.25;25062.75;25052.25;25059.25;594
26/02/2026;13:14:00;25059.5;25061.0;25055.5;25059.5;377
26/02/2026;13:15:00;25059.75;25068.75;25058.5;25066.75;647
26/02/2026;13:16:00;25066.5;25078.5;25065.5;25071.0;1525
26/02/2026;13:17:00;25071.25;25077.0;25069.0;25070.75;639
26/02/2026;13:18:00;25072.75;25082.0;25066.0;25067.75;907
26/02/2026;13:19:00;25067.25;25069.5;25060.25;25063.0;677
26/02/2026;13:20:00;25063.5;25075.75;25058.5;25074.5;610
26/02/2026;13:21:00;25074.25;25077.5;25070.5;25075.0;540
26/02/2026;13:22:00;25075.0;25077.75;25069.0;25074.5;409
26/02/2026;13:23:00;25075.0;25086.25;25074.25;25082.0;626
26/02/2026;13:24:00;25081.25;25086.25;25076.75;25078.75;547
26/02/2026;13:25:00;25078.0;25078.75;25065.25;25068.0;857
26/02/2026;13:26:00;25067.5;25068.75;25054.0;25065.25;1103
26/02/2026;13:27:00;25065.75;25067.0;25054.75;25056.0;739
26/02/2026;13:28:00;25056.25;25058.75;25043.75;25051.0;760
26/02/2026;13:29:00;25050.5;25053.5;25040.25;25048.25;870
26/02/2026;13:30:00;25048.75;25054.5;25039.5;25051.25;857
26/02/2026;13:31:00;25051.75;25061.5;25050.0;25061.0;728
26/02/2026;13:32:00;25061.25;25074.75;25061.25;25067.75;827
26/02/2026;13:33:00;25067.75;25070.25;25064.75;25067.25;428
26/02/2026;13:34:00;25067.5;25078.25;25067.5;25072.5;564
26/02/2026;13:35:00;25072.75;25075.0;25069.25;25073.0;480
26/02/2026;13:36:00;25072.75;25074.25;25064.0;25069.5;503
26/02/2026;13:37:00;25069.75;25070.25;25064.5;25066.5;294
26/02/2026;13:38:00;25066.25;25072.5;25060.5;25062.75;576
26/02/2026;13:39:00;25063.25;25064.5;25057.75;25062.75;556
26/02/2026;13:40:00;25063.5;25065.25;25057.5;25064.5;431
26/02/2026;13:41:00;25065.0;25067.5;25060.75;25062.0;396
26/02/2026;13:42:00;25062.5;25066.25;25059.0;25062.5;322
26/02/2026;13:43:00;25063.25;25064.25;25055.5;25064.25;384
26/02/2026;13:44:00;25063.75;25068.5;25059.5;25063.5;360
26/02/2026;13:45:00;25064.25;25074.75;25063.5;25072.75;624
26/02/2026;13:46:00;25073.25;25079.5;25068.5;25078.75;532
26/02/2026;13:47:00;25079.25;25093.75;25077.5;25089.5;1180
26/02/2026;13:48:00;25089.75;25091.0;25080.75;25081.75;458
26/02/2026;13:49:00;25081.0;25087.75;25080.25;25085.75;349
26/02/2026;13:50:00;25085.5;25085.5;25070.25;25071.5;807
26/02/2026;13:51:00;25071.0;25083.5;25070.75;25083.25;597
26/02/2026;13:52:00;25083.25;25088.75;25083.25;25087.25;425
26/02/2026;13:53:00;25086.75;25091.0;25085.75;25086.5;404
26/02/2026;13:54:00;25086.5;25091.0;25083.0;25090.5;498
26/02/2026;13:55:00;25091.0;25099.0;25087.75;25092.25;822
26/02/2026;13:56:00;25092.25;25096.5;25086.0;25088.0;572
26/02/2026;13:57:00;25088.0;25091.25;25085.75;25086.5;420
26/02/2026;13:58:00;25086.25;25086.5;25067.75;25068.5;1070
26/02/2026;13:59:00;25068.25;25070.5;25061.25;25063.0;1188
26/02/2026;14:00:00;25062.75;25065.5;25053.75;25063.75;1142
26/02/2026;14:01:00;25063.5;25065.75;25057.25;25063.75;578
26/02/2026;14:02:00;25064.0;25071.75;25064.0;25068.0;629
26/02/2026;14:03:00;25068.0;25084.25;25065.5;25080.25;908
26/02/2026;14:04:00;25079.75;25088.0;25075.25;25084.0;552
26/02/2026;14:05:00;25083.75;25084.25;25078.5;25081.25;405
26/02/2026;14:06:00;25082.0;25094.75;25081.0;25083.5;826
26/02/2026;14:07:00;25083.75;25084.75;25065.75;25065.75;619
26/02/2026;14:08:00;25065.75;25069.75;25057.75;25058.75;667
26/02/2026;14:09:00;25059.25;25060.75;25048.25;25049.5;877
26/02/2026;14:10:00;25049.75;25053.25;25043.25;25046.25;901
26/02/2026;14:11:00;25046.25;25052.0;25041.5;25043.75;593
26/02/2026;14:12:00;25043.75;25051.5;25043.25;25047.75;410
26/02/2026;14:13:00;25047.25;25047.25;25039.75;25043.0;509
26/02/2026;14:14:00;25043.75;25047.0;25036.75;25037.25;537
26/02/2026;14:15:00;25037.0;25038.25;25026.75;25031.0;1154
26/02/2026;14:16:00;25031.5;25041.75;25027.0;25039.0;707
26/02/2026;14:17:00;25039.0;25044.25;25035.75;25040.5;496
26/02/2026;14:18:00;25040.75;25048.0;25039.0;25047.5;546
26/02/2026;14:19:00;25047.5;25053.5;25044.25;25047.5;723
26/02/2026;14:20:00;25047.75;25051.0;25040.25;25041.75;538
26/02/2026;14:21:00;25041.5;25041.5;25031.25;25033.75;614
26/02/2026;14:22:00;25033.75;25040.25;25033.0;25034.75;466
26/02/2026;14:23:00;25034.5;25035.5;25024.0;25029.75;752
26/02/2026;14:24:00;25030.0;25036.75;25027.0;25033.5;547
26/02/2026;14:25:00;25034.25;25042.0;25033.5;25038.25;441
26/02/2026;14:26:00;25038.25;25045.75;25038.25;25042.75;431
26/02/2026;14:27:00;25043.0;25045.0;25037.0;25040.5;424
26/02/2026;14:28:00;25041.25;25042.75;25028.75;25030.25;698
26/02/2026;14:29:00;25030.0;25031.25;25026.25;25029.75;675
26/02/2026;14:30:00;25028.75;25036.75;25027.5;25032.5;537
26/02/2026;14:31:00;25031.75;25043.5;25029.75;25041.75;552
26/02/2026;14:32:00;25042.5;25056.5;25041.25;25053.25;823
26/02/2026;14:33:00;25053.75;25055.75;25047.5;25055.5;553
26/02/2026;14:34:00;25055.5;25069.5;25052.75;25069.0;887
26/02/2026;14:35:00;25069.5;25071.0;25063.25;25068.25;834
26/02/2026;14:36:00;25068.0;25070.75;25060.75;25067.5;643
26/02/2026;14:37:00;25066.75;25067.0;25056.0;25057.25;697
26/02/2026;14:38:00;25056.75;25072.75;25056.25;25069.75;736
26/02/2026;14:39:00;25069.5;25072.0;25066.0;25070.0;411
26/02/2026;14:40:00;25069.5;25072.0;25062.0;25063.0;478
26/02/2026;14:41:00;25062.25;25067.0;25053.5;25054.75;695
26/02/2026;14:42:00;25054.5;25059.25;25051.25;25056.25;709
26/02/2026;14:43:00;25056.5;25059.75;25053.25;25055.5;550
26/02/2026;14:44:00;25055.25;25067.75;25055.0;25065.25;631
26/02/2026;14:45:00;25065.25;25069.25;25060.0;25063.0;823
26/02/2026;14:46:00;25062.75;25063.75;25050.0;25057.25;809
26/02/2026;14:47:00;25057.25;25065.0;25051.5;25052.0;663
26/02/2026;14:48:00;25051.75;25054.0;25046.25;25051.25;790
26/02/2026;14:49:00;25051.25;25061.5;25050.75;25057.75;765
26/02/2026;14:50:00;25057.0;25067.25;25044.75;25049.5;1360
26/02/2026;14:51:00;25049.5;25058.25;25046.5;25055.0;715
26/02/2026;14:52:00;25054.0;25054.75;25040.25;25052.25;1155
26/02/2026;14:53:00;25052.0;25059.5;25049.0;25054.75;816
26/02/2026;14:54:00;25054.5;25066.5;25051.5;25065.0;1207
26/02/2026;14:55:00;25064.5;25065.5;25056.5;25062.75;1385
26/02/2026;14:56:00;25062.75;25071.25;25061.75;25066.75;1073
26/02/2026;14:57:00;25066.75;25073.0;25062.0;25065.5;1317
26/02/2026;14:58:00;25065.5;25077.0;25064.25;25074.5;1499
26/02/2026;14:59:00;25074.75;25086.75;25068.5;25083.25;8941
26/02/2026;15:00:00;25082.75;25088.0;25068.0;25072.0;2988
26/02/2026;15:01:00;25072.0;25079.0;25070.0;25075.5;937
26/02/2026;15:02:00;25075.25;25085.25;25074.5;25083.75;633
26/02/2026;15:03:00;25083.25;25090.0;25080.75;25084.5;821
26/02/2026;15:04:00;25083.0;25084.0;25080.25;25082.5;199
26/02/2026;15:05:00;25082.0;25088.5;25073.5;25076.0;522
26/02/2026;15:06:00;25076.25;25078.25;25072.5;25075.75;329
26/02/2026;15:07:00;25075.5;25075.5;25065.75;25068.5;488
26/02/2026;15:08:00;25068.75;25076.5;25066.0;25066.25;481
26/02/2026;15:09:00;25066.25;25069.75;25058.0;25063.5;550
26/02/2026;15:10:00;25063.25;25069.75;25060.25;25069.75;481
26/02/2026;15:11:00;25069.0;25070.25;25061.0;25062.5;270
26/02/2026;15:12:00;25062.5;25070.5;25062.25;25069.5;238
26/02/2026;15:13:00;25069.75;25070.75;25066.25;25066.25;265
26/02/2026;15:14:00;25066.0;25071.0;25064.75;25070.0;198
26/02/2026;15:15:00;25070.0;25074.25;25068.75;25068.75;250
26/02/2026;15:16:00;25068.0;25069.75;25066.0;25069.0;158
26/02/2026;15:17:00;25069.0;25071.0;25066.5;25067.25;135
26/02/2026;15:18:00;25067.0;25073.5;25067.0;25073.0;165
26/02/2026;15:19:00;25072.25;25072.25;25067.5;25068.75;179
26/02/2026;15:20:00;25068.0;25073.75;25066.25;25072.25;134
26/02/2026;15:21:00;25072.75;25075.5;25068.25;25068.5;125
26/02/2026;15:22:00;25070.0;25070.75;25064.75;25065.75;201
26/02/2026;15:23:00;25066.5;25067.25;25064.25;25065.5;64
26/02/2026;15:24:00;25065.0;25067.75;25062.75;25067.0;94
26/02/2026;15:25:00;25066.5;25067.75;25062.25;25063.0;145
26/02/2026;15:26:00;25063.25;25067.0;25062.75;25066.0;77
26/02/2026;15:27:00;25065.25;25067.0;25064.25;25066.5;50
26/02/2026;15:28:00;25066.5;25069.5;25066.0;25069.5;71
26/02/2026;15:29:00;25068.25;25068.75;25067.25;25068.0;48
26/02/2026;15:30:00;25068.25;25071.25;25067.5;25069.5;146
26/02/2026;15:31:00;25069.25;25072.0;25067.75;25072.0;74
26/02/2026;15:32:00;25071.75;25071.75;25066.5;25069.0;78
26/02/2026;15:33:00;25069.0;25069.0;25062.5;25064.75;217
26/02/2026;15:34:00;25064.5;25064.75;25063.0;25063.75;46
26/02/2026;15:35:00;25063.5;25064.75;25055.25;25056.75;216
26/02/2026;15:36:00;25056.5;25056.75;25048.0;25052.0;263
26/02/2026;15:37:00;25052.0;25055.75;25049.25;25055.5;91
26/02/2026;15:38:00;25055.5;25057.75;25054.0;25055.5;104
26/02/2026;15:39:00;25055.75;25058.25;25055.0;25056.25;70
26/02/2026;15:40:00;25057.0;25059.75;25056.75;25057.75;113
26/02/2026;15:41:00;25058.25;25058.25;25055.75;25056.25;119
26/02/2026;15:42:00;25057.0;25058.5;25052.5;25053.5;120
26/02/2026;15:43:00;25053.25;25053.25;25047.5;25050.0;225
26/02/2026;15:44:00;25050.75;25052.75;25048.25;25050.5;128
26/02/2026;15:45:00;25049.5;25050.25;25040.5;25040.5;177
26/02/2026;15:46:00;25040.75;25042.75;25038.25;25038.25;169
26/02/2026;15:47:00;25038.75;25045.5;25038.75;25045.5;172
26/02/2026;15:48:00;25044.0;25045.25;25040.75;25041.25;157
26/02/2026;15:49:00;25041.75;25044.75;25039.0;25042.5;229
26/02/2026;15:50:00;25042.75;25048.25;25042.5;25047.75;187
26/02/2026;15:51:00;25047.0;25052.0;25046.5;25049.25;196
26/02/2026;15:52:00;25048.25;25049.0;25045.5;25046.75;126
26/02/2026;15:53:00;25047.25;25049.0;25043.25;25045.75;174
26/02/2026;15:54:00;25046.0;25046.5;25038.25;25039.5;184
26/02/2026;15:55:00;25039.75;25044.25;25038.25;25040.0;151
26/02/2026;15:56:00;25039.75;25040.25;25028.75;25034.25;240
26/02/2026;15:57:00;25034.5;25035.0;25028.5;25029.75;133
26/02/2026;15:58:00;25029.5;25032.75;25026.5;25032.5;214
26/02/2026;15:59:00;25033.5;25034.0;25024.75;25028.0;247
26/02/2026;17:00:00;25024.25;25028.25;24991.0;24994.75;0
26/02/2026;17:01:00;24994.75;25030.0;24993.0;25011.0;504
26/02/2026;17:02:00;25013.0;25025.25;25001.0;25003.5;305
26/02/2026;17:03:00;25004.5;25006.25;24985.5;24986.5;318
26/02/2026;17:04:00;24987.75;24989.0;24975.0;24980.0;418
26/02/2026;17:05:00;24980.75;24984.0;24955.0;24964.25;655
26/02/2026;17:06:00;24962.0;24974.25;24962.0;24971.5;262
26/02/2026;17:07:00;24972.25;24988.0;24965.25;24969.0;342
26/02/2026;17:08:00;24970.75;24984.25;24969.75;24982.5;150
26/02/2026;17:09:00;24983.25;24987.25;24978.5;24982.25;143
26/02/2026;17:10:00;24982.5;24985.0;24975.5;24981.5;144
26/02/2026;17:11:00;24983.0;24992.75;24981.0;24992.75;215
26/02/2026;17:12:00;24993.0;25009.5;24993.0;25007.25;356
26/02/2026;17:13:00;25008.5;25014.25;25004.0;25009.0;275
26/02/2026;17:14:00;25009.0;25022.5;25007.75;25017.25;280
26/02/2026;17:15:00;25018.5;25024.0;25014.0;25018.5;236
26/02/2026;17:16:00;25017.75;25022.75;25017.0;25020.25;79
26/02/2026;17:17:00;25018.25;25023.75;25010.0;25020.75;267
26/02/2026;17:18:00;25021.25;25027.25;25020.5;25027.25;146
26/02/2026;17:19:00;25027.75;25035.0;25024.0;25029.25;296
26/02/2026;17:20:00;25029.5;25038.0;25029.5;25033.25;211
26/02/2026;17:21:00;25035.25;25037.0;25026.5;25030.0;155
26/02/2026;17:22:00;25031.25;25032.75;25024.25;25027.25;105
26/02/2026;17:23:00;25027.25;25029.5;25024.0;25029.5;87
26/02/2026;17:24:00;25027.0;25028.25;25024.25;25024.25;81
26/02/2026;17:25:00;25025.0;25025.0;25010.75;25015.75;416
26/02/2026;17:26:00;25014.25;25025.25;25013.5;25025.25;84
26/02/2026;17:27:00;25025.5;25025.5;25019.5;25022.0;118
26/02/2026;17:28:00;25021.0;25023.5;25019.5;25021.25;58
26/02/2026;17:29:00;25021.25;25023.25;25017.25;25022.0;52
26/02/2026;17:30:00;25023.25;25023.5;25018.0;25018.25;47
26/02/2026;17:31:00;25019.0;25019.0;25013.5;25013.5;123
26/02/2026;17:32:00;25013.75;25013.75;25004.5;25007.0;220
26/02/2026;17:33:00;25008.25;25011.75;25003.5;25008.25;155
26/02/2026;17:34:00;25008.25;25010.0;25004.75;25009.5;60
26/02/2026;17:35:00;25009.5;25009.5;25002.0;25003.0;87
26/02/2026;17:36:00;25002.75;25004.25;24992.0;24994.5;251
26/02/2026;17:37:00;24995.25;24997.75;24987.5;24994.75;157
26/02/2026;17:38:00;24994.0;25008.0;24992.5;25006.5;168
26/02/2026;17:39:00;25005.25;25009.5;25000.5;25006.0;268
26/02/2026;17:40:00;25004.5;25006.25;25000.0;25002.75;52
26/02/2026;17:41:00;25002.0;25003.0;24998.5;25001.5;39
26/02/2026;17:42:00;25001.25;25002.0;24995.25;24995.25;88
26/02/2026;17:43:00;24996.5;24999.75;24990.5;24992.0;110
26/02/2026;17:44:00;24991.25;24993.5;24984.75;24990.25;180
26/02/2026;17:45:00;24991.25;24993.25;24982.25;24988.25;197
26/02/2026;17:46:00;24989.25;25000.5;24989.0;24997.5;227
26/02/2026;17:47:00;24996.75;24996.75;24978.25;24979.25;177
26/02/2026;17:48:00;24981.25;24986.5;24980.25;24983.75;114
26/02/2026;17:49:00;24984.0;24985.75;24978.0;24978.5;99
26/02/2026;17:50:00;24979.0;24983.5;24978.0;24979.25;103
26/02/2026;17:51:00;24978.75;24982.75;24975.0;24982.0;195
26/02/2026;17:52:00;24983.0;24995.75;24980.5;24991.75;312
26/02/2026;17:53:00;24990.75;24995.25;24987.0;24991.75;110
26/02/2026;17:54:00;24990.5;24997.0;24990.25;24995.75;58
26/02/2026;17:55:00;24996.25;25000.75;24993.25;25000.0;92
26/02/2026;17:56:00;25001.0;25004.0;24994.75;24996.75;93
26/02/2026;17:57:00;24994.75;24994.75;24986.75;24990.0;174
26/02/2026;17:58:00;24990.25;24991.75;24989.25;24990.5;20
26/02/2026;17:59:00;24991.0;24997.0;24990.5;24995.25;52
26/02/2026;18:00:00;24995.0;24998.5;24990.75;24994.75;141
26/02/2026;18:01:00;24993.25;24997.75;24993.0;24997.75;110
26/02/2026;18:02:00;24997.25;24999.5;24994.75;24997.5;97
26/02/2026;18:03:00;24996.25;24996.25;24993.0;24995.25;58
26/02/2026;18:04:00;24993.5;24995.5;24981.25;24985.75;181
26/02/2026;18:05:00;24985.75;24996.25;24982.75;24992.5;202
26/02/2026;18:06:00;24992.75;24994.0;24989.5;24994.0;103
26/02/2026;18:07:00;24994.75;24999.5;24994.0;24997.75;80
26/02/2026;18:08:00;24999.25;25011.5;24996.75;24999.0;285
26/02/2026;18:09:00;24999.5;25006.0;24997.25;25006.0;81
26/02/2026;18:10:00;25007.5;25012.5;25006.25;25010.0;138
26/02/2026;18:11:00;25010.0;25021.25;25010.0;25015.5;341
26/02/2026;18:12:00;25015.25;25015.5;25002.75;25008.75;311
26/02/2026;18:13:00;25007.25;25011.25;25005.5;25010.0;101
26/02/2026;18:14:00;25010.0;25012.0;25007.75;25011.75;29
26/02/2026;18:15:00;25010.5;25015.5;25010.0;25014.0;140
26/02/2026;18:16:00;25014.5;25014.5;25011.0;25011.5;84
26/02/2026;18:17:00;25010.75;25015.75;25008.0;25011.75;103
26/02/2026;18:18:00;25012.25;25018.0;25008.25;25018.0;70
26/02/2026;18:19:00;25018.25;25023.5;25018.25;25021.0;119
26/02/2026;18:20:00;25020.25;25021.75;25017.0;25018.0;72
26/02/2026;18:21:00;25019.0;25023.5;25014.25;25023.5;66
26/02/2026;18:22:00;25023.75;25026.5;25014.5;25014.75;180
26/02/2026;18:23:00;25015.75;25016.25;25008.25;25009.0;132
26/02/2026;18:24:00;25011.25;25012.25;25006.5;25011.5;71
26/02/2026;18:25:00;25012.0;25012.0;25006.75;25007.0;80
26/02/2026;18:26:00;25006.75;25006.75;24999.0;25003.25;129
26/02/2026;18:27:00;25002.5;25003.25;24994.0;24998.75;182
26/02/2026;18:28:00;24999.0;25001.0;24996.0;24998.25;116
26/02/2026;18:29:00;24999.25;25000.0;24995.5;24999.0;62
26/02/2026;18:30:00;24998.5;24999.25;24992.5;24997.0;120
26/02/2026;18:31:00;24998.25;25001.25;24994.75;24997.25;125
26/02/2026;18:32:00;24997.5;25003.25;24994.25;24999.25;143
26/02/2026;18:33:00;24997.75;24998.75;24981.5;24982.25;232
26/02/2026;18:34:00;24982.0;24990.25;24982.0;24990.25;205
26/02/2026;18:35:00;24989.25;24998.5;24986.75;24995.0;104
26/02/2026;18:36:00;24994.5;24997.0;24989.0;24992.25;61
26/02/2026;18:37:00;24992.25;24992.25;24974.5;24974.75;233
26/02/2026;18:38:00;24974.75;24977.0;24969.75;24976.75;171
26/02/2026;18:39:00;24977.5;24977.5;24972.25;24972.25;83
26/02/2026;18:40:00;24973.0;24977.5;24972.25;24975.75;173
26/02/2026;18:41:00;24974.25;24976.5;24971.0;24973.5;83
26/02/2026;18:42:00;24973.0;24979.0;24971.25;24978.5;62
26/02/2026;18:43:00;24977.75;24979.0;24966.5;24967.25;141
26/02/2026;18:44:00;24968.25;24968.75;24958.0;24960.25;251
26/02/2026;18:45:00;24960.0;24966.0;24959.0;24962.25;186
26/02/2026;18:46:00;24963.75;24963.75;24954.75;24962.25;253
26/02/2026;18:47:00;24964.75;24978.5;24964.75;24973.0;190
26/02/2026;18:48:00;24972.25;24981.5;24972.25;24975.75;190
26/02/2026;18:49:00;24977.25;24987.25;24976.25;24986.75;212
26/02/2026;18:50:00;24987.0;24990.0;24982.25;24982.75;153
26/02/2026;18:51:00;24984.25;24991.0;24984.25;24989.5;102
26/02/2026;18:52:00;24989.0;24996.25;24989.0;24996.0;214
26/02/2026;18:53:00;24995.25;24995.25;24989.0;24990.25;70
26/02/2026;18:54:00;24988.25;24990.0;24984.75;24985.75;67
26/02/2026;18:55:00;24985.75;24987.75;24982.25;24986.75;97
26/02/2026;18:56:00;24986.5;24987.25;24981.75;24985.0;103
26/02/2026;18:57:00;24984.75;24988.0;24980.0;24982.0;106
26/02/2026;18:58:00;24981.5;24987.75;24981.25;24985.5;115
26/02/2026;18:59:00;24986.75;24989.0;24984.25;24986.0;61
26/02/2026;19:00:00;24986.0;24996.25;24986.0;24991.25;180
26/02/2026;19:01:00;24991.5;24998.75;24990.0;24994.0;187
26/02/2026;19:02:00;24994.5;24998.0;24993.25;24998.0;35
26/02/2026;19:03:00;24998.0;24998.0;24990.0;24993.25;51
26/02/2026;19:04:00;24994.0;24998.25;24991.0;24996.5;70
26/02/2026;19:05:00;24997.0;25000.0;24995.5;24999.75;78
26/02/2026;19:06:00;24999.75;25001.0;24994.0;24994.25;76
26/02/2026;19:07:00;24994.0;24995.25;24981.5;24987.0;277
26/02/2026;19:08:00;24987.5;24991.0;24984.25;24989.5;127
26/02/2026;19:09:00;24990.0;24990.25;24978.0;24979.0;160
26/02/2026;19:10:00;24979.75;24987.75;24975.75;24980.5;156
26/02/2026;19:11:00;24980.0;24985.75;24978.25;24984.25;58
26/02/2026;19:12:00;24986.0;24990.0;24983.0;24987.25;80
26/02/2026;19:13:00;24988.75;24996.5;24988.25;24995.25;118
26/02/2026;19:14:00;24995.5;25006.0;24995.5;25003.5;212
26/02/2026;19:15:00;25003.75;25016.25;25002.5;25016.25;260
26/02/2026;19:16:00;25016.5;25018.25;25010.0;25014.75;91
26/02/2026;19:17:00;25014.0;25017.0;25009.75;25010.25;83
26/02/2026;19:18:00;25011.25;25015.25;25006.0;25007.75;79
26/02/2026;19:19:00;25007.75;25008.75;24999.75;25003.0;113
26/02/2026;19:20:00;25001.75;25007.5;25000.75;25006.75;51
26/02/2026;19:21:00;25003.5;25007.0;25001.5;25002.75;26
26/02/2026;19:22:00;25003.25;25004.75;24999.5;25000.25;81
26/02/2026;19:23:00;24999.25;25002.25;24988.75;24992.25;174
26/02/2026;19:24:00;24993.25;24995.25;24986.75;24992.0;240
26/02/2026;19:25:00;24992.75;24996.0;24990.75;24995.5;48
26/02/2026;19:26:00;24995.5;25007.5;24995.25;25006.75;235
26/02/2026;19:27:00;25004.0;25006.0;24999.5;25002.75;66
26/02/2026;19:28:00;25004.0;25004.25;24998.0;24998.0;50
26/02/2026;19:29:00;24999.25;24999.25;24986.75;24989.0;218
26/02/2026;19:30:00;24987.25;24988.0;24975.5;24976.0;182
26/02/2026;19:31:00;24977.0;24980.25;24972.75;24978.0;106
26/02/2026;19:32:00;24976.25;24992.0;24976.25;24987.0;137
26/02/2026;19:33:00;24985.5;24992.5;24984.75;24988.25;55
26/02/2026;19:34:00;24989.25;24997.25;24987.75;24997.25;54
26/02/2026;19:35:00;24997.25;25006.5;24997.25;25003.0;227
26/02/2026;19:36:00;25003.25;25003.25;24996.25;24997.75;81
26/02/2026;19:37:00;24996.75;24999.0;24989.75;24994.0;81
26/02/2026;19:38:00;24996.25;25006.0;24995.25;24998.5;205
26/02/2026;19:39:00;25000.5;25001.5;24991.5;24995.5;100
26/02/2026;19:40:00;24995.75;24995.75;24978.5;24984.0;296
26/02/2026;19:41:00;24983.5;24985.75;24977.5;24978.25;135
26/02/2026;19:42:00;24979.25;24982.25;24976.5;24979.75;126
26/02/2026;19:43:00;24980.25;24985.0;24977.5;24978.0;111
26/02/2026;19:44:00;24978.75;24980.25;24975.0;24976.25;163
26/02/2026;19:45:00;24976.0;24980.75;24976.0;24979.25;55
26/02/2026;19:46:00;24979.0;24987.5;24978.75;24986.75;84
26/02/2026;19:47:00;24985.0;24986.5;24980.25;24981.0;36
26/02/2026;19:48:00;24980.25;24982.75;24978.75;24979.75;23
26/02/2026;19:49:00;24979.25;24979.25;24971.0;24974.5;89
26/02/2026;19:50:00;24977.5;24984.25;24975.5;24984.0;58
26/02/2026;19:51:00;24984.75;24992.25;24982.75;24983.5;115
26/02/2026;19:52:00;24986.75;24990.25;24985.5;24990.25;73
26/02/2026;19:53:00;24990.75;24995.25;24989.5;24994.0;49
26/02/2026;19:54:00;24994.5;24995.0;24986.75;24991.5;128
26/02/2026;19:55:00;24990.75;24997.25;24988.0;24991.0;129
26/02/2026;19:56:00;24991.0;24994.75;24990.75;24994.75;43
26/02/2026;19:57:00;24993.75;25003.5;24988.5;24990.25;196
26/02/2026;19:58:00;24988.75;24996.75;24986.5;24994.0;39
26/02/2026;19:59:00;24993.25;24997.0;24989.25;24991.75;36
26/02/2026;20:00:00;24994.5;25000.75;24994.5;24997.0;88
26/02/2026;20:01:00;24997.75;25004.25;24996.0;25004.25;71
26/02/2026;20:02:00;25005.0;25006.25;25002.25;25005.0;71
26/02/2026;20:03:00;25005.25;25006.25;25000.75;25000.75;76
26/02/2026;20:04:00;25003.0;25004.25;25002.0;25003.25;28
26/02/2026;20:05:00;25002.5;25012.25;25002.5;25010.75;134
26/02/2026;20:06:00;25010.0;25017.25;25010.0;25016.0;141
26/02/2026;20:07:00;25016.0;25016.75;25007.5;25007.5;81
26/02/2026;20:08:00;25009.0;25010.0;25005.5;25008.0;87
26/02/2026;20:09:00;25006.0;25006.0;24998.75;25002.75;145
26/02/2026;20:10:00;25002.25;25002.75;24986.0;24994.75;384
26/02/2026;20:11:00;24994.25;24994.25;24985.25;24991.5;141
26/02/2026;20:12:00;24992.0;25001.25;24991.25;24997.5;75
26/02/2026;20:13:00;24998.75;24998.75;24995.0;24995.5;26
26/02/2026;20:14:00;24995.0;25000.25;24994.25;24999.0;64
26/02/2026;20:15:00;24998.5;25005.5;24997.75;25005.0;45
26/02/2026;20:16:00;25005.0;25013.0;25005.0;25013.0;104
26/02/2026;20:17:00;25011.5;25013.25;25009.0;25013.25;50
26/02/2026;20:18:00;25012.0;25013.0;25009.25;25010.25;37
26/02/2026;20:19:00;25010.5;25012.75;25008.5;25010.5;51
26/02/2026;20:20:00;25011.0;25011.25;25006.0;25007.25;42
26/02/2026;20:21:00;25006.75;25007.0;25002.25;25005.0;60
26/02/2026;20:22:00;25005.75;25013.0;25005.5;25010.75;52
26/02/2026;20:23:00;25011.0;25014.25;25010.75;25014.25;31
26/02/2026;20:24:00;25014.0;25014.0;25007.5;25009.0;41
26/02/2026;20:25:00;25008.75;25015.0;25008.75;25015.0;45
26/02/2026;20:26:00;25014.5;25018.75;25013.5;25017.25;70
26/02/2026;20:27:00;25017.0;25018.0;25015.25;25017.0;43
26/02/2026;20:28:00;25016.75;25019.0;25010.75;25010.75;79
26/02/2026;20:29:00;25011.75;25016.5;25011.75;25016.25;37
26/02/2026;20:30:00;25015.0;25016.5;25014.25;25015.25;28
26/02/2026;20:31:00;25013.75;25015.5;25009.75;25010.75;46
26/02/2026;20:32:00;25013.0;25015.75;25010.25;25010.25;29
26/02/2026;20:33:00;25012.5;25013.25;25009.25;25009.25;81
26/02/2026;20:34:00;25009.5;25010.0;25005.25;25005.5;99
26/02/2026;20:35:00;25005.5;25006.5;24997.75;24997.75;125
26/02/2026;20:36:00;24997.5;25002.0;24995.25;24995.75;108
26/02/2026;20:37:00;24995.75;24999.0;24993.5;24996.0;70
26/02/2026;20:38:00;24995.75;25006.5;24993.5;25003.5;220
26/02/2026;20:39:00;25003.0;25007.25;25003.0;25004.25;60
26/02/2026;20:40:00;25004.5;25005.0;24998.0;25004.75;122
26/02/2026;20:41:00;25004.0;25005.0;25001.5;25004.25;28
26/02/2026;20:42:00;25003.5;25006.25;25002.75;25002.75;43
26/02/2026;20:43:00;25001.5;25003.0;24999.5;25000.0;32
26/02/2026;20:44:00;25000.5;25008.0;25000.5;25006.75;60
26/02/2026;20:45:00;25007.25;25008.0;25002.75;25004.75;30
26/02/2026;20:46:00;25007.0;25013.5;25007.0;25013.5;65
26/02/2026;20:47:00;25012.5;25014.25;25011.5;25012.25;55
26/02/2026;20:48:00;25012.5;25017.25;25012.0;25016.0;45
26/02/2026;20:49:00;25015.5;25017.25;25014.75;25017.25;29
26/02/2026;20:50:00;25016.75;25018.75;25013.5;25015.5;72
26/02/2026;20:51:00;25014.75;25016.5;25011.5;25015.0;43
26/02/2026;20:52:00;25015.75;25016.25;25015.0;25016.0;7
26/02/2026;20:53:00;25016.0;25017.5;25013.0;25017.5;29
26/02/2026;20:54:00;25016.75;25023.5;25016.5;25021.25;120
26/02/2026;20:55:00;25022.0;25023.25;25017.75;25018.5;51
26/02/2026;20:56:00;25018.5;25022.0;25018.5;25021.0;86
26/02/2026;20:57:00;25021.75;25028.25;25021.5;25027.0;166
26/02/2026;20:58:00;25028.25;25032.0;25027.0;25030.75;179
26/02/2026;20:59:00;25031.25;25033.25;25028.0;25031.75;78
26/02/2026;21:00:00;25032.0;25036.0;25029.25;25029.25;154
26/02/2026;21:01:00;25030.25;25032.25;25029.25;25029.75;21
26/02/2026;21:02:00;25030.75;25031.5;25029.0;25029.0;22
26/02/2026;21:03:00;25030.0;25035.25;25029.5;25035.25;69
26/02/2026;21:04:00;25034.75;25034.75;25032.0;25034.0;55
26/02/2026;21:05:00;25034.25;25034.5;25032.5;25033.5;32
26/02/2026;21:06:00;25034.25;25034.5;25032.25;25032.25;27
26/02/2026;21:07:00;25032.5;25033.25;25029.25;25032.25;109
26/02/2026;21:08:00;25032.5;25032.5;25030.5;25031.25;34
26/02/2026;21:09:00;25031.75;25033.5;25029.75;25031.25;50
26/02/2026;21:10:00;25030.0;25031.5;25027.75;25028.5;113
26/02/2026;21:11:00;25029.25;25030.0;25024.0;25029.25;122
26/02/2026;21:12:00;25029.5;25029.5;25025.5;25025.75;48
26/02/2026;21:13:00;25025.25;25027.25;25025.0;25026.0;18
26/02/2026;21:14:00;25026.25;25027.5;25025.5;25026.75;22
26/02/2026;21:15:00;25027.25;25032.25;25025.5;25027.25;84
26/02/2026;21:16:00;25028.0;25028.0;25026.0;25027.75;16
26/02/2026;21:17:00;25028.25;25028.25;25026.0;25026.0;27
26/02/2026;21:18:00;25025.5;25026.25;25019.0;25025.5;111
26/02/2026;21:19:00;25025.0;25028.0;25023.5;25024.0;66
26/02/2026;21:20:00;25024.25;25024.25;25018.75;25020.0;59
26/02/2026;21:21:00;25018.5;25021.5;25017.0;25018.5;52
26/02/2026;21:22:00;25018.25;25020.25;25013.75;25016.5;54
26/02/2026;21:23:00;25016.5;25019.25;25016.5;25018.5;18
26/02/2026;21:24:00;25019.0;25021.25;25015.0;25019.75;81
26/02/2026;21:25:00;25018.75;25018.75;25014.25;25014.5;36
26/02/2026;21:26:00;25015.5;25019.75;25015.25;25016.5;114
26/02/2026;21:27:00;25017.25;25017.75;25011.25;25012.25;57
26/02/2026;21:28:00;25013.75;25016.0;25013.5;25016.0;34
26/02/2026;21:29:00;25014.75;25016.75;25013.75;25015.0;43
26/02/2026;21:30:00;25015.0;25020.5;25015.0;25019.75;113
26/02/2026;21:31:00;25020.0;25020.0;25014.75;25014.75;25
26/02/2026;21:32:00;25015.25;25022.5;25015.25;25021.25;111
26/02/2026;21:33:00;25023.0;25023.5;25017.0;25018.75;89
26/02/2026;21:34:00;25019.75;25021.75;25015.0;25017.5;67
26/02/2026;21:35:00;25018.25;25019.0;25015.0;25015.0;31
26/02/2026;21:36:00;25014.0;25014.0;25006.0;25009.0;87
26/02/2026;21:37:00;25010.5;25010.75;25001.75;25005.5;105
26/02/2026;21:38:00;25005.75;25013.25;25005.75;25013.25;60
26/02/2026;21:39:00;25013.25;25014.0;25009.75;25011.25;21
26/02/2026;21:40:00;25011.0;25017.25;25010.75;25014.25;85
26/02/2026;21:41:00;25014.75;25016.0;25013.5;25014.0;22
26/02/2026;21:42:00;25015.75;25016.75;25011.25;25015.0;37
26/02/2026;21:43:00;25015.25;25015.5;25012.25;25014.25;25
26/02/2026;21:44:00;25014.5;25018.25;25014.5;25017.75;33
26/02/2026;21:45:00;25017.25;25017.25;25011.75;25014.5;37
26/02/2026;21:46:00;25012.5;25014.0;25012.25;25014.0;11
26/02/2026;21:47:00;25014.25;25019.25;25014.25;25018.75;27
26/02/2026;21:48:00;25017.5;25020.25;25015.0;25020.0;70
26/02/2026;21:49:00;25020.25;25027.0;25020.0;25022.0;108
26/02/2026;21:50:00;25021.0;25022.75;25019.75;25020.25;28
26/02/2026;21:51:00;25019.25;25021.0;25018.0;25019.0;36
26/02/2026;21:52:00;25018.5;25026.25;25018.0;25026.25;49
26/02/2026;21:53:00;25027.0;25028.25;25026.0;25028.0;29
26/02/2026;21:54:00;25028.5;25028.5;25022.75;25023.5;57
26/02/2026;21:55:00;25025.0;25028.5;25025.0;25027.75;22
26/02/2026;21:56:00;25027.75;25031.75;25027.5;25031.75;53
26/02/2026;21:57:00;25031.75;25031.75;25026.75;25029.5;66
26/02/2026;21:58:00;25030.25;25034.25;25028.25;25029.0;68
26/02/2026;21:59:00;25027.5;25029.5;25024.75;25024.75;50
26/02/2026;22:00:00;25026.5;25036.25;25026.0;25030.25;165
26/02/2026;22:01:00;25030.0;25030.25;25025.25;25027.25;57
26/02/2026;22:02:00;25025.0;25029.0;25025.0;25028.0;9
26/02/2026;22:03:00;25028.5;25031.0;25027.0;25031.0;28
26/02/2026;22:04:00;25031.25;25034.5;25027.5;25033.5;84
26/02/2026;22:05:00;25034.0;25036.0;25031.75;25032.0;66
26/02/2026;22:06:00;25033.25;25034.75;25031.25;25032.5;24
26/02/2026;22:07:00;25034.0;25036.25;25030.75;25033.0;64
26/02/2026;22:08:00;25032.75;25035.25;25031.5;25032.25;50
26/02/2026;22:09:00;25031.75;25032.25;25026.25;25030.25;94
26/02/2026;22:10:00;25032.25;25034.5;25030.25;25032.0;57
26/02/2026;22:11:00;25031.25;25031.25;25028.75;25029.75;16
26/02/2026;22:12:00;25030.75;25030.75;25027.0;25027.0;25
26/02/2026;22:13:00;25028.75;25028.75;25024.5;25024.5;54
26/02/2026;22:14:00;25024.75;25025.5;25023.0;25024.25;36
26/02/2026;22:15:00;25024.75;25024.75;25015.75;25019.25;103
26/02/2026;22:16:00;25020.0;25020.0;25017.25;25017.5;25
26/02/2026;22:17:00;25017.0;25017.5;25012.0;25012.0;75
26/02/2026;22:18:00;25013.5;25016.25;25013.25;25015.0;37
26/02/2026;22:19:00;25015.75;25016.0;25013.25;25015.0;24
26/02/2026;22:20:00;25013.25;25016.0;25012.25;25013.75;22
26/02/2026;22:21:00;25014.75;25018.5;25014.75;25018.25;30
26/02/2026;22:22:00;25019.0;25022.0;25017.5;25020.25;51
26/02/2026;22:23:00;25020.75;25025.25;25020.25;25025.0;46
26/02/2026;22:24:00;25026.0;25029.5;25025.75;25027.75;51
26/02/2026;22:25:00;25027.75;25028.5;25026.5;25026.75;17
26/02/2026;22:26:00;25026.75;25030.0;25026.75;25027.25;30
26/02/2026;22:27:00;25028.0;25028.25;25027.0;25027.75;17
26/02/2026;22:28:00;25028.75;25029.0;25026.75;25027.75;8
26/02/2026;22:29:00;25027.75;25030.0;25027.25;25027.5;33
26/02/2026;22:30:00;25027.25;25028.0;25021.75;25023.0;57
26/02/2026;22:31:00;25025.0;25025.0;25021.5;25023.5;30
26/02/2026;22:32:00;25024.25;25027.0;25024.25;25025.25;48
26/02/2026;22:33:00;25025.25;25027.5;25024.75;25025.5;13
26/02/2026;22:34:00;25025.75;25025.75;25025.0;25025.25;6
26/02/2026;22:35:00;25024.0;25024.25;25017.25;25022.25;114
26/02/2026;22:36:00;25022.0;25026.0;25021.5;25026.0;31
26/02/2026;22:37:00;25026.0;25033.0;25022.0;25032.0;140
26/02/2026;22:38:00;25033.25;25034.25;25027.5;25033.25;114
26/02/2026;22:39:00;25033.5;25034.5;25029.5;25029.5;40
26/02/2026;22:40:00;25029.5;25031.5;25028.0;25030.0;19
26/02/2026;22:41:00;25029.25;25031.5;25029.25;25030.75;6
26/02/2026;22:42:00;25032.0;25032.75;25029.25;25030.0;45
26/02/2026;22:43:00;25030.75;25034.5;25027.75;25029.5;45
26/02/2026;22:44:00;25029.0;25032.5;25029.0;25032.5;12
26/02/2026;22:45:00;25032.25;25032.25;25029.0;25029.25;11
26/02/2026;22:46:00;25027.75;25027.75;25026.0;25026.0;38
26/02/2026;22:47:00;25026.5;25029.25;25026.25;25027.75;9
26/02/2026;22:48:00;25028.5;25030.0;25027.75;25028.25;11
26/02/2026;22:49:00;25028.5;25030.5;25028.0;25029.0;17
26/02/2026;22:50:00;25029.75;25030.5;25029.75;25030.5;3
26/02/2026;22:51:00;25029.25;25030.0;25029.25;25030.0;2
26/02/2026;22:52:00;25031.0;25032.0;25030.75;25030.75;12
26/02/2026;22:53:00;25029.5;25030.75;25027.75;25028.25;8
26/02/2026;22:54:00;25028.75;25028.75;25022.75;25023.5;26
26/02/2026;22:55:00;25024.25;25024.25;25020.5;25022.5;61
26/02/2026;22:56:00;25022.5;25023.25;25020.5;25023.25;12
26/02/2026;22:57:00;25023.25;25025.75;25022.5;25023.5;17
26/02/2026;22:58:00;25024.25;25024.25;25021.5;25021.5;12
26/02/2026;23:09:00;25041.0;25042.0;25037.25;25037.25;45
26/02/2026;23:10:00;25037.0;25038.5;25033.0;25033.5;100
26/02/2026;23:11:00;25034.75;25041.5;25033.5;25039.0;57
26/02/2026;23:12:00;25039.75;25044.0;25039.75;25043.75;21
26/02/2026;23:13:00;25043.75;25045.75;25043.25;25045.0;47
26/02/2026;23:14:00;25044.75;25047.25;25042.75;25046.75;90
26/02/2026;23:15:00;25045.75;25047.5;25045.0;25046.25;37
26/02/2026;23:16:00;25046.5;25049.25;25046.0;25049.0;38
26/02/2026;23:17:00;25049.0;25051.5;25049.0;25050.25;134
26/02/2026;23:18:00;25049.5;25052.75;25049.25;25051.75;45
26/02/2026;23:19:00;25051.75;25052.75;25050.0;25052.0;40
26/02/2026;23:20:00;25052.25;25057.0;25051.75;25056.5;98
26/02/2026;23:21:00;25055.75;25055.75;25049.5;25049.5;81
26/02/2026;23:22:00;25049.75;25052.0;25048.25;25052.0;43
26/02/2026;23:23:00;25051.25;25052.5;25047.75;25048.25;61
26/02/2026;23:24:00;25048.0;25051.0;25048.0;25049.0;35
26/02/2026;23:25:00;25049.5;25052.75;25049.25;25051.25;35
26/02/2026;23:26:00;25050.75;25051.0;25049.25;25050.0;25
26/02/2026;23:27:00;25050.25;25055.0;25050.0;25055.0;29
26/02/2026;23:28:00;25054.0;25057.25;25054.0;25055.5;41
26/02/2026;23:29:00;25056.5;25056.75;25052.5;25055.5;94
26/02/2026;23:30:00;25055.25;25058.25;25054.5;25057.5;55
26/02/2026;23:31:00;25058.0;25059.0;25057.25;25059.0;36
26/02/2026;23:32:00;25058.25;25059.5;25057.5;25058.5;62
26/02/2026;23:33:00;25057.75;25057.75;25054.75;25055.75;47
26/02/2026;23:34:00;25055.75;25058.25;25054.0;25058.25;28
26/02/2026;23:35:00;25058.5;25059.0;25055.0;25056.0;36
26/02/2026;23:36:00;25055.75;25057.75;25050.0;25050.0;51
26/02/2026;23:37:00;25050.0;25056.0;25049.25;25055.25;68
26/02/2026;23:38:00;25052.25;25052.25;25048.75;25052.25;33
26/02/2026;23:39:00;25051.25;25055.0;25051.0;25055.0;19
26/02/2026;23:40:00;25055.0;25055.25;25051.0;25051.0;37
26/02/2026;23:41:00;25051.75;25051.75;25048.0;25050.25;30
26/02/2026;23:42:00;25051.0;25053.75;25050.25;25052.75;22
26/02/2026;23:43:00;25052.75;25055.0;25052.0;25053.75;30
26/02/2026;23:44:00;25052.5;25054.75;25052.5;25054.5;9
26/02/2026;23:45:00;25055.75;25061.0;25054.5;25055.75;80
26/02/2026;23:46:00;25056.25;25057.75;25055.5;25056.25;43
26/02/2026;23:47:00;25057.0;25058.0;25053.75;25053.75;18
26/02/2026;23:48:00;25053.5;25056.25;25051.75;25054.75;63
26/02/2026;23:49:00;25055.25;25057.5;25054.25;25055.75;45
26/02/2026;23:50:00;25055.5;25057.25;25054.5;25055.0;28
26/02/2026;23:51:00;25055.0;25056.25;25052.0;25055.0;51
26/02/2026;23:52:00;25055.0;25055.0;25051.5;25054.0;25
26/02/2026;23:53:00;25054.5;25054.5;25044.0;25045.75;87
26/02/2026;23:54:00;25046.5;25050.25;25046.5;25049.0;35
26/02/2026;23:55:00;25050.5;25051.75;25049.0;25051.0;26
26/02/2026;23:56:00;25049.25;25049.5;25042.5;25042.5;98
26/02/2026;23:57:00;25044.25;25044.75;25041.75;25043.25;27
26/02/2026;23:58:00;25042.0;25045.0;25041.75;25042.75;31
26/02/2026;23:59:00;25042.5;25042.5;25035.5;25039.5;99
27/02/2026;00:00:00;25040.0;25043.25;25039.25;25040.5;88
27/02/2026;00:01:00;25042.0;25044.75;25041.0;25042.0;21
27/02/2026;00:02:00;25041.25;25042.0;25035.5;25037.0;45
27/02/2026;00:03:00;25036.0;25040.0;25034.0;25038.75;68
27/02/2026;00:04:00;25039.75;25042.0;25036.0;25040.25;73
27/02/2026;00:05:00;25037.75;25039.75;25035.75;25039.5;44
27/02/2026;00:06:00;25039.0;25046.25;25038.75;25043.0;111
27/02/2026;00:07:00;25043.25;25044.5;25040.75;25041.75;25
27/02/2026;00:08:00;25039.75;25042.25;25038.25;25038.5;29
27/02/2026;00:09:00;25038.5;25041.25;25038.5;25041.25;29
27/02/2026;00:10:00;25041.75;25041.75;25033.0;25034.25;62
27/02/2026;00:11:00;25035.5;25035.5;25026.25;25028.5;90
27/02/2026;00:12:00;25029.0;25032.25;25015.25;25015.5;190
27/02/2026;00:13:00;25015.5;25017.75;25010.25;25016.5;128
27/02/2026;00:14:00;25016.75;25020.25;25014.25;25014.5;76
27/02/2026;00:15:00;25015.0;25018.25;25009.75;25012.25;77
27/02/2026;00:16:00;25012.0;25013.0;25002.25;25005.25;114
27/02/2026;00:17:00;25007.0;25007.75;25000.75;25002.75;93
27/02/2026;00:18:00;25002.25;25004.75;25000.25;25003.0;79
27/02/2026;00:19:00;25003.25;25009.25;25001.5;25004.75;82
27/02/2026;00:20:00;25005.25;25008.0;25002.0;25007.25;50
27/02/2026;00:21:00;25006.0;25006.0;24991.75;24996.75;192
27/02/2026;00:22:00;24996.25;25001.25;24994.75;24995.75;62
27/02/2026;00:23:00;24996.0;25001.5;24996.0;25000.75;31
27/02/2026;00:24:00;24998.75;25000.25;24996.25;24997.5;111
27/02/2026;00:25:00;24997.0;25001.25;24991.75;24998.5;107
27/02/2026;00:26:00;24997.0;25008.0;24997.0;25002.5;92
27/02/2026;00:27:00;25002.75;25003.25;24997.75;25001.25;56
27/02/2026;00:28:00;25000.5;25005.75;24998.0;25000.75;51
27/02/2026;00:29:00;25003.0;25007.0;25002.0;25006.0;59
27/02/2026;00:30:00;25004.25;25025.25;25003.0;25024.0;203
27/02/2026;00:31:00;25023.5;25024.75;25017.0;25018.0;64
27/02/2026;00:32:00;25019.25;25026.5;25017.5;25026.5;67
27/02/2026;00:33:00;25026.25;25028.5;25017.5;25018.25;57
27/02/2026;00:34:00;25018.5;25024.75;25018.5;25024.75;41
27/02/2026;00:35:00;25025.5;25033.0;25025.5;25029.5;106
27/02/2026;00:36:00;25029.5;25034.5;25026.75;25034.0;70
27/02/2026;00:37:00;25034.0;25036.75;25032.25;25033.0;59
27/02/2026;00:38:00;25031.25;25031.25;25024.25;25025.5;61
27/02/2026;00:39:00;25025.0;25029.25;25024.5;25028.0;87
27/02/2026;00:40:00;25029.75;25031.5;25027.0;25028.0;32
27/02/2026;00:41:00;25027.0;25032.5;25026.5;25032.25;59
27/02/2026;00:42:00;25033.0;25035.25;25030.75;25034.0;52
27/02/2026;00:43:00;25034.25;25034.5;25028.5;25030.75;34
27/02/2026;00:44:00;25031.75;25032.25;25031.25;25031.25;10
27/02/2026;00:45:00;25032.5;25037.25;25032.25;25037.0;38
27/02/2026;00:46:00;25036.0;25036.25;25028.75;25030.5;39
27/02/2026;00:47:00;25030.0;25031.0;25029.25;25031.0;12
27/02/2026;00:48:00;25030.75;25035.25;25030.75;25032.5;34
27/02/2026;00:49:00;25033.5;25035.5;25033.25;25035.5;14
27/02/2026;00:50:00;25035.75;25035.75;25033.0;25034.5;9
27/02/2026;00:51:00;25032.75;25032.75;25028.25;25028.5;36
27/02/2026;00:52:00;25027.75;25030.25;25027.0;25030.25;22
27/02/2026;00:53:00;25030.25;25033.0;25029.25;25032.5;33
27/02/2026;00:54:00;25033.5;25033.5;25025.25;25026.75;57
27/02/2026;00:55:00;25026.25;25031.5;25022.0;25028.25;172
27/02/2026;00:56:00;25027.5;25032.0;25027.5;25032.0;17
27/02/2026;00:57:00;25032.0;25032.75;25029.5;25031.0;25
27/02/2026;00:58:00;25030.75;25034.25;25030.75;25032.25;30
27/02/2026;00:59:00;25031.75;25032.75;25029.5;25032.0;35
27/02/2026;01:00:00;25033.0;25050.25;25032.75;25048.25;277
27/02/2026;01:01:00;25048.5;25048.75;25041.75;25044.75;104
27/02/2026;01:02:00;25044.75;25048.5;25043.0;25047.75;50
27/02/2026;01:03:00;25047.75;25051.25;25045.0;25046.0;107
27/02/2026;01:04:00;25046.0;25047.75;25041.75;25042.5;93
27/02/2026;01:05:00;25043.5;25046.0;25040.0;25046.0;69
27/02/2026;01:06:00;25046.25;25048.0;25041.25;25044.25;53
27/02/2026;01:07:00;25043.5;25048.5;25042.25;25048.5;39
27/02/2026;01:08:00;25048.75;25054.25;25048.75;25053.75;121
27/02/2026;01:09:00;25053.75;25054.75;25048.0;25050.0;41
27/02/2026;01:10:00;25050.0;25053.5;25047.75;25053.5;69
27/02/2026;01:11:00;25053.75;25053.75;25050.25;25050.5;50
27/02/2026;01:12:00;25049.75;25050.25;25045.5;25047.0;49
27/02/2026;01:13:00;25047.25;25048.0;25044.0;25047.25;42
27/02/2026;01:14:00;25047.75;25048.25;25046.25;25047.75;19
27/02/2026;01:15:00;25046.0;25050.75;25045.5;25049.25;49
27/02/2026;01:16:00;25049.0;25057.5;25048.75;25054.25;120
27/02/2026;01:17:00;25054.25;25056.25;25052.0;25056.25;39
27/02/2026;01:18:00;25055.75;25056.5;25050.0;25054.0;50
27/02/2026;01:19:00;25054.75;25059.75;25054.0;25058.75;85
27/02/2026;01:20:00;25058.0;25058.25;25055.0;25056.5;48
27/02/2026;01:21:00;25057.25;25062.0;25057.25;25061.0;94
27/02/2026;01:22:00;25061.0;25064.0;25056.5;25057.75;88
27/02/2026;01:23:00;25058.25;25060.75;25057.75;25060.75;38
27/02/2026;01:24:00;25062.0;25066.25;25062.0;25064.5;118
27/02/2026;01:25:00;25065.0;25072.5;25065.0;25070.5;169
27/02/2026;01:26:00;25070.75;25071.5;25068.75;25070.0;99
27/02/2026;01:27:00;25071.0;25071.25;25067.75;25069.5;49
27/02/2026;01:28:00;25070.5;25073.25;25070.0;25071.0;54
27/02/2026;01:29:00;25070.5;25073.0;25068.75;25071.0;67
27/02/2026;01:30:00;25070.5;25072.25;25069.0;25069.0;70
27/02/2026;01:31:00;25069.75;25071.25;25069.75;25070.75;35
27/02/2026;01:32:00;25070.5;25070.5;25063.75;25065.25;107
27/02/2026;01:33:00;25065.75;25068.25;25065.5;25067.25;64
27/02/2026;01:34:00;25067.5;25069.0;25066.75;25069.0;19
27/02/2026;01:35:00;25069.5;25074.0;25067.25;25072.5;83
27/02/2026;01:36:00;25071.5;25072.5;25069.25;25071.0;70
27/02/2026;01:37:00;25072.0;25075.0;25071.25;25071.5;74
27/02/2026;01:38:00;25070.75;25071.25;25065.0;25068.0;94
27/02/2026;01:39:00;25068.25;25070.5;25067.5;25067.5;82
27/02/2026;01:40:00;25066.75;25068.5;25061.25;25061.5;146
27/02/2026;01:41:00;25063.5;25065.25;25063.25;25064.75;41
27/02/2026;01:42:00;25065.5;25070.25;25064.5;25067.5;58
27/02/2026;01:43:00;25067.0;25067.5;25065.5;25067.0;39
27/02/2026;01:44:00;25067.25;25072.0;25067.0;25071.0;50
27/02/2026;01:45:00;25071.5;25075.5;25070.75;25070.75;111
27/02/2026;01:46:00;25071.75;25074.75;25070.75;25074.25;46
27/02/2026;01:47:00;25075.0;25078.0;25074.5;25076.25;99
27/02/2026;01:48:00;25077.25;25079.0;25076.0;25076.0;56
27/02/2026;01:49:00;25076.75;25077.25;25072.25;25074.5;62
27/02/2026;01:50:00;25075.0;25077.0;25073.75;25076.75;24
27/02/2026;01:51:00;25076.75;25079.0;25076.0;25077.75;57
27/02/2026;01:52:00;25078.0;25078.0;25073.0;25073.75;45
27/02/2026;01:53:00;25073.25;25073.75;25069.0;25069.0;53
27/02/2026;01:54:00;25069.5;25072.0;25067.5;25069.75;66
27/02/2026;01:55:00;25071.0;25071.25;25063.75;25065.5;74
27/02/2026;01:56:00;25066.5;25074.5;25066.0;25073.5;78
27/02/2026;01:57:00;25073.5;25076.5;25072.5;25073.25;47
27/02/2026;01:58:00;25073.0;25074.5;25070.25;25071.0;29
27/02/2026;01:59:00;25072.0;25075.0;25071.5;25074.5;40
27/02/2026;02:00:00;25072.5;25082.25;25069.0;25069.0;289
27/02/2026;02:01:00;25069.25;25089.75;25067.0;25084.5;303
27/02/2026;02:02:00;25083.5;25086.25;25074.25;25075.75;157
27/02/2026;02:03:00;25074.5;25083.5;25070.75;25083.0;149
27/02/2026;02:04:00;25081.75;25084.25;25073.0;25075.5;93
27/02/2026;02:05:00;25076.25;25076.75;25071.0;25075.75;104
27/02/2026;02:06:00;25076.25;25086.25;25076.25;25084.25;116
27/02/2026;02:07:00;25083.75;25083.75;25065.5;25067.25;168
27/02/2026;02:08:00;25066.75;25069.0;25061.5;25063.25;86
27/02/2026;02:09:00;25061.75;25068.25;25058.75;25068.25;117
27/02/2026;02:10:00;25068.25;25070.0;25063.5;25068.0;94
27/02/2026;02:11:00;25067.0;25072.0;25061.5;25071.5;81
27/02/2026;02:12:00;25072.25;25072.75;25065.5;25069.25;74
27/02/2026;02:13:00;25069.25;25069.25;25056.25;25057.5;119
27/02/2026;02:14:00;25057.0;25057.75;25045.75;25048.0;202
27/02/2026;02:15:00;25047.5;25049.0;25038.25;25041.0;172
27/02/2026;02:16:00;25040.0;25051.5;25040.0;25044.5;130
27/02/2026;02:17:00;25045.5;25061.75;25045.5;25061.75;165
27/02/2026;02:18:00;25059.75;25065.0;25058.0;25061.5;97
27/02/2026;02:19:00;25061.0;25067.75;25058.75;25065.5;111
27/02/2026;02:20:00;25067.0;25070.0;25062.75;25069.75;71
27/02/2026;02:21:00;25070.0;25071.25;25059.5;25063.0;132
27/02/2026;02:22:00;25064.75;25065.5;25059.5;25063.75;69
27/02/2026;02:23:00;25064.25;25064.75;25055.0;25058.0;103
27/02/2026;02:24:00;25058.0;25058.5;25053.5;25054.0;53
27/02/2026;02:25:00;25052.75;25056.0;25047.5;25052.0;117
27/02/2026;02:26:00;25051.75;25053.75;25048.75;25052.5;50
27/02/2026;02:27:00;25053.5;25060.0;25053.25;25060.0;96
27/02/2026;02:28:00;25059.75;25065.0;25053.75;25061.0;151
27/02/2026;02:29:00;25061.25;25065.75;25055.25;25056.0;137
27/02/2026;02:30:00;25057.25;25076.5;25055.5;25071.5;143
27/02/2026;02:31:00;25071.25;25075.0;25067.0;25073.5;73
27/02/2026;02:32:00;25074.0;25074.0;25060.0;25060.0;79
27/02/2026;02:33:00;25059.25;25060.75;25055.75;25057.75;52
27/02/2026;02:34:00;25059.5;25060.0;25049.0;25049.0;80
27/02/2026;02:35:00;25049.25;25054.5;25046.25;25052.5;56
27/02/2026;02:36:00;25051.5;25060.0;25047.5;25054.5;159
27/02/2026;02:37:00;25054.25;25060.0;25051.75;25053.5;81
27/02/2026;02:38:00;25054.75;25058.75;25053.0;25058.5;38
27/02/2026;02:39:00;25058.5;25060.0;25054.0;25060.0;80
27/02/2026;02:40:00;25059.75;25062.0;25058.0;25059.25;65
27/02/2026;02:41:00;25061.5;25062.0;25054.25;25059.25;47
27/02/2026;02:42:00;25059.0;25059.0;25054.75;25056.75;54
27/02/2026;02:43:00;25056.75;25059.25;25054.25;25055.25;48
27/02/2026;02:44:00;25058.0;25060.5;25056.25;25057.0;26
27/02/2026;02:45:00;25056.25;25058.5;25052.5;25055.25;35
27/02/2026;02:46:00;25055.5;25060.25;25052.75;25057.75;68
27/02/2026;02:47:00;25057.75;25063.0;25057.75;25063.0;48
27/02/2026;02:48:00;25063.0;25063.0;25056.75;25059.25;43
27/02/2026;02:49:00;25059.0;25061.0;25054.0;25057.75;63
27/02/2026;02:50:00;25059.5;25064.75;25056.5;25063.0;52
27/02/2026;02:51:00;25060.75;25065.0;25060.0;25064.25;33
27/02/2026;02:52:00;25064.75;25067.5;25059.0;25059.0;38
27/02/2026;02:53:00;25059.25;25063.5;25058.75;25062.75;63
27/02/2026;02:54:00;25062.75;25062.75;25058.0;25061.0;69
27/02/2026;02:55:00;25060.0;25063.5;25058.25;25063.25;49
27/02/2026;02:56:00;25064.25;25068.75;25063.0;25066.75;82
27/02/2026;02:57:00;25066.75;25066.75;25062.25;25065.75;49
27/02/2026;02:58:00;25064.5;25070.25;25062.75;25069.0;146
27/02/2026;02:59:00;25068.25;25070.75;25066.5;25067.25;50
27/02/2026;03:00:00;25067.75;25073.5;25062.75;25064.5;292
27/02/2026;03:01:00;25063.75;25069.25;25056.75;25064.0;192
27/02/2026;03:02:00;25064.0;25065.75;25050.75;25051.75;155
27/02/2026;03:03:00;25052.25;25060.5;25051.5;25057.5;133
27/02/2026;03:04:00;25057.25;25060.5;25050.5;25060.25;157
27/02/2026;03:05:00;25062.5;25072.5;25062.5;25071.75;109
27/02/2026;03:06:00;25071.75;25080.5;25068.75;25077.5;215
27/02/2026;03:07:00;25078.5;25078.5;25071.25;25073.25;67
27/02/2026;03:08:00;25073.25;25076.75;25069.25;25073.25;64
27/02/2026;03:09:00;25072.75;25073.0;25065.75;25068.0;63
27/02/2026;03:10:00;25067.0;25073.5;25066.0;25073.5;53
27/02/2026;03:11:00;25072.5;25073.5;25070.75;25073.5;39
27/02/2026;03:12:00;25072.75;25088.75;25072.75;25086.0;224
27/02/2026;03:13:00;25085.25;25086.5;25074.25;25076.0;144
27/02/2026;03:14:00;25075.75;25081.25;25074.5;25081.0;35
27/02/2026;03:15:00;25080.75;25092.5;25080.75;25090.5;186
27/02/2026;03:16:00;25090.75;25093.25;25089.25;25092.0;77
27/02/2026;03:17:00;25091.5;25094.5;25088.75;25092.5;135
27/02/2026;03:18:00;25093.0;25096.25;25091.0;25095.0;60
27/02/2026;03:19:00;25093.5;25095.0;25090.0;25092.5;56
27/02/2026;03:20:00;25091.0;25098.25;25090.0;25097.5;104
27/02/2026;03:21:00;25098.5;25098.75;25073.25;25086.75;626
27/02/2026;03:22:00;25087.0;25092.25;25081.25;25081.25;235
27/02/2026;03:23:00;25082.25;25086.75;25068.25;25071.0;243
27/02/2026;03:24:00;25069.75;25076.75;25068.0;25072.5;222
27/02/2026;03:25:00;25073.0;25075.0;25068.5;25075.0;88
27/02/2026;03:26:00;25073.5;25075.0;25067.5;25072.25;91
27/02/2026;03:27:00;25071.25;25074.5;25070.25;25074.25;67
27/02/2026;03:28:00;25074.0;25078.75;25072.0;25076.25;92
27/02/2026;03:29:00;25075.75;25081.25;25073.5;25078.5;58
27/02/2026;03:30:00;25078.0;25078.5;25073.25;25074.5;49
27/02/2026;03:31:00;25077.75;25077.75;25070.75;25072.5;166
27/02/2026;03:32:00;25072.25;25075.5;25071.25;25075.0;73
27/02/2026;03:33:00;25073.75;25074.5;25069.75;25070.0;58
27/02/2026;03:34:00;25069.75;25071.5;25063.75;25064.0;96
27/02/2026;03:35:00;25065.0;25068.25;25064.0;25067.75;52
27/02/2026;03:36:00;25068.5;25068.5;25056.75;25057.75;128
27/02/2026;03:37:00;25058.5;25058.5;25048.5;25049.0;106
27/02/2026;03:38:00;25050.0;25051.0;25039.0;25041.25;132
27/02/2026;03:39:00;25041.25;25053.0;25041.25;25050.75;159
27/02/2026;03:40:00;25051.25;25053.75;25043.0;25043.0;162
27/02/2026;03:41:00;25044.75;25048.25;25034.75;25035.5;93
27/02/2026;03:42:00;25035.25;25039.5;25032.5;25035.5;151
27/02/2026;03:43:00;25035.5;25040.75;25034.75;25034.75;79
27/02/2026;03:44:00;25035.5;25036.75;25030.0;25031.0;102
27/02/2026;03:45:00;25031.0;25033.0;25024.5;25025.25;345
27/02/2026;03:46:00;25024.75;25037.0;25024.75;25031.0;124
27/02/2026;03:47:00;25032.0;25037.5;25032.0;25035.5;113
27/02/2026;03:48:00;25037.0;25040.0;25030.5;25034.75;128
27/02/2026;03:49:00;25035.25;25035.5;25029.5;25035.0;108
27/02/2026;03:50:00;25034.75;25041.0;25034.0;25037.25;90
27/02/2026;03:51:00;25037.75;25047.5;25036.5;25043.5;218
27/02/2026;03:52:00;25043.0;25043.75;25037.5;25038.0;75
27/02/2026;03:53:00;25039.75;25039.75;25030.25;25031.0;85
27/02/2026;03:54:00;25032.75;25034.5;25028.25;25030.75;42
27/02/2026;03:55:00;25030.75;25038.0;25030.75;25034.5;181
27/02/2026;03:56:00;25034.5;25036.5;25031.75;25035.25;24
27/02/2026;03:57:00;25036.0;25040.25;25034.75;25037.5;69
27/02/2026;03:58:00;25036.75;25039.5;25035.0;25036.25;38
27/02/2026;03:59:00;25034.25;25036.5;25029.25;25029.25;90
27/02/2026;04:00:00;25030.0;25032.75;25026.75;25028.5;104
27/02/2026;04:01:00;25028.5;25028.5;25017.75;25023.0;329
27/02/2026;04:02:00;25022.75;25026.75;25010.0;25011.25;170
27/02/2026;04:03:00;25012.0;25014.25;25010.0;25012.0;135
27/02/2026;04:04:00;25010.75;25011.75;24988.0;24992.0;445
27/02/2026;04:05:00;24993.0;25002.25;24990.75;24994.75;203
27/02/2026;04:06:00;24995.25;25000.5;24993.25;24999.0;244
27/02/2026;04:07:00;24998.0;25004.75;24993.0;25003.75;147
27/02/2026;04:08:00;25004.75;25010.0;25004.25;25008.0;116
27/02/2026;04:09:00;25008.0;25011.0;25003.0;25006.0;78
27/02/2026;04:10:00;25005.0;25008.75;25005.0;25006.75;55
27/02/2026;04:11:00;25006.5;25006.5;24984.25;24984.75;200
27/02/2026;04:12:00;24986.0;24990.5;24966.75;24967.5;407
27/02/2026;04:13:00;24968.75;24981.25;24966.75;24978.25;330
27/02/2026;04:14:00;24977.75;24988.5;24977.25;24987.75;122
27/02/2026;04:15:00;24987.5;25000.25;24987.25;25000.25;243
27/02/2026;04:16:00;25000.0;25006.0;24999.75;25004.0;150
27/02/2026;04:17:00;25004.25;25008.5;25000.0;25008.0;141
27/02/2026;04:18:00;25008.5;25012.25;25006.25;25011.75;120
27/02/2026;04:19:00;25011.0;25011.5;25003.25;25006.25;122
27/02/2026;04:20:00;25007.0;25010.0;25004.25;25006.25;172
27/02/2026;04:21:00;25007.75;25017.25;25006.25;25016.0;105
27/02/2026;04:22:00;25016.0;25016.25;25008.75;25009.0;95
27/02/2026;04:23:00;25008.75;25008.75;25003.0;25004.0;99
27/02/2026;04:24:00;25005.5;25015.75;25005.25;25015.0;74
27/02/2026;04:25:00;25015.0;25021.0;25010.75;25020.0;113
27/02/2026;04:26:00;25020.0;25020.5;25014.25;25017.0;86
27/02/2026;04:27:00;25017.25;25021.75;25017.25;25019.25;134
27/02/2026;04:28:00;25019.0;25019.0;25011.0;25013.25;127
27/02/2026;04:29:00;25013.25;25017.75;25009.75;25017.75;184
27/02/2026;04:30:00;25017.5;25033.25;25017.0;25033.0;270
27/02/2026;04:31:00;25033.0;25034.5;25018.75;25025.0;325
27/02/2026;04:32:00;25025.75;25032.25;25020.75;25032.25;390
27/02/2026;04:33:00;25031.75;25043.5;25031.5;25042.5;335
27/02/2026;04:34:00;25043.0;25045.0;25036.75;25037.75;109
27/02/2026;04:35:00;25038.75;25038.75;25027.5;25027.5;147
27/02/2026;04:36:00;25026.75;25030.25;25025.25;25025.75;47
27/02/2026;04:37:00;25027.25;25033.75;25026.75;25031.5;58
27/02/2026;04:38:00;25032.0;25033.25;25031.5;25032.25;28
27/02/2026;04:39:00;25032.25;25032.25;25020.25;25021.75;122
27/02/2026;04:40:00;25020.75;25025.75;25020.5;25024.5;127
27/02/2026;04:41:00;25025.25;25034.25;25025.25;25032.25;160
27/02/2026;04:42:00;25032.75;25037.25;25031.75;25037.25;96
27/02/2026;04:43:00;25036.25;25036.75;25031.25;25034.25;44
27/02/2026;04:44:00;25033.75;25036.25;25032.5;25035.75;93
27/02/2026;04:45:00;25035.75;25035.75;25024.5;25026.25;128
27/02/2026;04:46:00;25025.75;25026.75;25015.75;25016.25;142
27/02/2026;04:47:00;25017.0;25017.75;25010.25;25016.0;176
27/02/2026;04:48:00;25016.25;25017.5;25015.0;25015.0;65
27/02/2026;04:49:00;25014.75;25019.75;25010.5;25012.0;144
27/02/2026;04:50:00;25012.0;25013.75;25006.5;25013.75;134
27/02/2026;04:51:00;25014.75;25019.0;25014.0;25015.0;83
27/02/2026;04:52:00;25015.0;25017.0;25010.25;25010.25;75
27/02/2026;04:53:00;25012.0;25012.25;25000.75;25002.25;133
27/02/2026;04:54:00;25001.25;25004.75;24998.0;25001.0;135
27/02/2026;04:55:00;25000.25;25004.0;24992.75;24993.25;178
27/02/2026;04:56:00;24992.25;24994.75;24986.75;24989.25;286
27/02/2026;04:57:00;24988.75;24993.25;24984.75;24992.25;140
27/02/2026;04:58:00;24991.75;25002.75;24991.5;24999.0;97
27/02/2026;04:59:00;24999.5;25003.0;24997.0;25001.25;54
27/02/2026;05:00:00;25000.25;25005.0;24999.25;25005.0;95
27/02/2026;05:01:00;25005.25;25012.75;25004.75;25007.25;83
27/02/2026;05:02:00;25007.0;25007.0;24995.0;25000.75;98
27/02/2026;05:03:00;25001.75;25003.75;24998.75;25003.75;71
27/02/2026;05:04:00;25003.0;25004.5;24999.5;25002.25;63
27/02/2026;05:05:00;25001.75;25006.25;25001.5;25002.5;69
27/02/2026;05:06:00;25003.0;25007.75;24999.0;25004.0;40
27/02/2026;05:07:00;25004.75;25004.75;24998.25;25001.75;62
27/02/2026;05:08:00;25001.75;25001.75;24992.75;24995.5;72
27/02/2026;05:09:00;24995.5;25001.0;24993.75;24995.75;83
27/02/2026;05:10:00;24996.75;25000.75;24994.5;24995.25;58
27/02/2026;05:11:00;24995.5;25001.5;24992.0;24997.5;93
27/02/2026;05:12:00;24996.5;24997.25;24986.25;24988.25;141
27/02/2026;05:13:00;24989.25;24996.25;24986.25;24993.75;200
27/02/2026;05:14:00;24994.75;25000.5;24994.25;24994.25;108
27/02/2026;05:15:00;24994.25;24997.0;24990.25;24992.5;68
27/02/2026;05:16:00;24994.25;24995.75;24989.5;24995.75;78
27/02/2026;05:17:00;24995.0;24995.0;24989.75;24992.25;40
27/02/2026;05:18:00;24991.75;24992.5;24988.75;24989.5;39
27/02/2026;05:19:00;24989.75;24996.0;24987.0;24995.25;130
27/02/2026;05:20:00;24996.0;24998.5;24992.75;24992.75;93
27/02/2026;05:21:00;24993.0;24993.0;24986.75;24988.25;142
27/02/2026;05:22:00;24990.0;24999.5;24987.75;24996.5;151
27/02/2026;05:23:00;24997.0;24999.0;24991.25;24998.25;83
27/02/2026;05:24:00;24997.75;24999.0;24994.75;24995.25;87
27/02/2026;05:25:00;24996.25;25007.75;24995.0;25006.5;208
27/02/2026;05:26:00;25006.0;25007.0;24987.5;24993.75;494
27/02/2026;05:27:00;24993.75;24998.0;24992.0;24996.5;41
27/02/2026;05:28:00;24997.0;24999.5;24994.75;24998.75;34
27/02/2026;05:29:00;24998.75;24999.25;24990.25;24991.0;58
27/02/2026;05:30:00;24991.0;24997.25;24990.0;24994.0;82
27/02/2026;05:31:00;24993.25;24993.25;24983.25;24986.0;127
27/02/2026;05:32:00;24985.25;24991.0;24985.25;24988.5;94
27/02/2026;05:33:00;24988.75;24998.0;24988.75;24997.75;59
27/02/2026;05:34:00;24997.25;25002.5;24994.5;24994.5;119
27/02/2026;05:35:00;24995.0;24996.0;24986.0;24987.5;125
27/02/2026;05:36:00;24987.25;24987.25;24969.5;24969.75;264
27/02/2026;05:37:00;24970.0;24971.25;24959.5;24964.5;311
27/02/2026;05:38:00;24964.25;24972.0;24961.5;24966.75;125
27/02/2026;05:39:00;24967.5;24970.5;24961.25;24963.75;97
27/02/2026;05:40:00;24963.5;24963.5;24953.25;24958.75;277
27/02/2026;05:41:00;24961.0;24967.75;24954.25;24955.0;163
27/02/2026;05:42:00;24955.0;24957.5;24928.75;24937.5;621
27/02/2026;05:43:00;24939.5;24944.25;24934.5;24943.0;221
27/02/2026;05:44:00;24942.25;24943.25;24930.0;24938.25;285
27/02/2026;05:45:00;24939.25;24948.25;24939.25;24942.0;192
27/02/2026;05:46:00;24941.0;24950.75;24938.25;24946.75;137
27/02/2026;05:47:00;24947.25;24955.5;24940.0;24952.75;261
27/02/2026;05:48:00;24953.75;24958.0;24944.5;24946.75;209
27/02/2026;05:49:00;24946.0;24948.0;24943.25;24947.0;105
27/02/2026;05:50:00;24948.25;24951.75;24941.25;24948.75;266
27/02/2026;05:51:00;24950.75;24958.75;24949.75;24955.25;151
27/02/2026;05:52:00;24955.25;24955.5;24939.25;24939.5;206
27/02/2026;05:53:00;24939.0;24946.0;24936.5;24941.25;232
27/02/2026;05:54:00;24942.75;24946.25;24937.5;24937.75;111
27/02/2026;05:55:00;24937.5;24940.75;24933.0;24935.0;158
27/02/2026;05:56:00;24935.5;24940.5;24931.25;24936.5;111
27/02/2026;05:57:00;24936.0;24951.0;24935.0;24948.75;202
27/02/2026;05:58:00;24949.75;24952.25;24944.75;24949.5;202
27/02/2026;05:59:00;24950.25;24956.75;24950.25;24954.0;174
27/02/2026;06:00:00;24952.75;24957.5;24937.75;24941.75;277
27/02/2026;06:01:00;24941.75;24942.5;24925.0;24927.5;574
27/02/2026;06:02:00;24928.5;24935.5;24921.25;24925.0;197
27/02/2026;06:03:00;24926.25;24942.0;24924.75;24942.0;186
27/02/2026;06:04:00;24941.25;24943.25;24935.5;24937.5;120
27/02/2026;06:05:00;24938.25;24939.0;24924.0;24930.5;229
27/02/2026;06:06:00;24931.0;24937.0;24927.0;24928.75;262
27/02/2026;06:07:00;24929.25;24956.75;24926.75;24956.0;539
27/02/2026;06:08:00;24956.75;24957.0;24941.0;24941.0;199
27/02/2026;06:09:00;24940.75;24944.25;24936.0;24942.25;183
27/02/2026;06:10:00;24940.5;24953.0;24935.5;24951.0;166
27/02/2026;06:11:00;24951.25;24958.5;24951.0;24955.5;114
27/02/2026;06:12:00;24956.0;24973.5;24954.0;24972.0;373
27/02/2026;06:13:00;24971.5;24978.0;24971.25;24976.5;274
27/02/2026;06:14:00;24977.25;24979.5;24970.75;24976.75;242
27/02/2026;06:15:00;24977.5;24981.0;24975.25;24975.75;112
27/02/2026;06:16:00;24976.5;24983.25;24976.5;24977.75;221
27/02/2026;06:17:00;24977.25;24979.5;24972.5;24979.5;150
27/02/2026;06:18:00;24979.25;24979.5;24971.5;24973.25;76
27/02/2026;06:19:00;24973.75;24979.5;24973.75;24978.25;64
27/02/2026;06:20:00;24977.5;24988.5;24977.25;24988.5;157
27/02/2026;06:21:00;24987.75;24993.5;24987.75;24993.5;143
27/02/2026;06:22:00;24993.5;24994.0;24987.0;24988.75;140
27/02/2026;06:23:00;24990.25;24990.25;24984.0;24984.0;125
27/02/2026;06:24:00;24984.0;24991.75;24983.75;24990.75;96
27/02/2026;06:25:00;24990.25;24990.25;24983.25;24984.0;104
27/02/2026;06:26:00;24984.25;24987.25;24975.5;24975.5;102
27/02/2026;06:27:00;24975.5;24983.75;24975.5;24979.0;89
27/02/2026;06:28:00;24978.75;24982.75;24975.75;24977.5;113
27/02/2026;06:29:00;24977.5;24977.75;24972.25;24973.75;125
27/02/2026;06:30:00;24974.25;24980.0;24969.5;24978.0;146
27/02/2026;06:31:00;24978.5;24985.5;24977.75;24982.25;158
27/02/2026;06:32:00;24983.75;24983.75;24973.0;24975.25;97
27/02/2026;06:33:00;24975.75;24983.25;24975.75;24979.5;118
27/02/2026;06:34:00;24981.25;24981.25;24974.5;24975.5;65
27/02/2026;06:35:00;24975.5;24976.75;24964.5;24965.0;139
27/02/2026;06:36:00;24965.75;24967.25;24954.5;24958.25;257
27/02/2026;06:37:00;24958.75;24968.25;24958.0;24959.0;163
27/02/2026;06:38:00;24958.25;24958.25;24943.0;24949.5;538
27/02/2026;06:39:00;24951.25;24960.25;24951.25;24954.75;151
27/02/2026;06:40:00;24955.25;24957.25;24944.75;24950.75;132
27/02/2026;06:41:00;24951.5;24954.25;24944.0;24946.75;91
27/02/2026;06:42:00;24947.0;24949.25;24936.25;24940.25;176
27/02/2026;06:43:00;24941.25;24946.0;24937.5;24940.75;116
27/02/2026;06:44:00;24940.0;24941.25;24925.75;24928.0;208
27/02/2026;06:45:00;24927.25;24938.0;24927.0;24930.25;249
27/02/2026;06:46:00;24931.75;24934.5;24924.25;24931.5;287
27/02/2026;06:47:00;24932.25;24935.75;24911.25;24918.25;672
27/02/2026;06:48:00;24920.0;24925.0;24916.25;24923.5;127
27/02/2026;06:49:00;24922.75;24922.75;24914.0;24915.25;251
27/02/2026;06:50:00;24914.5;24920.0;24912.25;24918.0;220
27/02/2026;06:51:00;24918.5;24929.5;24917.0;24928.5;388
27/02/2026;06:52:00;24928.75;24932.0;24923.25;24924.25;215
27/02/2026;06:53:00;24925.5;24934.25;24923.75;24927.25;183
27/02/2026;06:54:00;24927.0;24929.5;24920.75;24921.5;201
27/02/2026;06:55:00;24921.75;24923.75;24906.0;24910.5;290
27/02/2026;06:56:00;24912.25;24921.75;24911.75;24912.25;235
27/02/2026;06:57:00;24911.75;24912.75;24901.0;24903.75;321
27/02/2026;06:58:00;24903.0;24908.0;24898.0;24905.75;301
27/02/2026;06:59:00;24906.75;24922.5;24905.75;24921.75;377
27/02/2026;07:00:00;24919.5;24928.75;24915.5;24922.75;356
27/02/2026;07:01:00;24922.25;24927.0;24916.0;24920.5;215
27/02/2026;07:02:00;24920.75;24932.75;24920.0;24932.0;219
27/02/2026;07:03:00;24931.25;24931.25;24921.0;24927.25;121
27/02/2026;07:04:00;24925.0;24938.0;24917.25;24937.5;215
27/02/2026;07:05:00;24936.5;24936.75;24923.25;24931.75;199
27/02/2026;07:06:00;24930.25;24942.75;24928.25;24940.5;202
27/02/2026;07:07:00;24942.25;24942.5;24929.75;24929.75;190
27/02/2026;07:08:00;24930.5;24933.0;24914.75;24916.75;285
27/02/2026;07:09:00;24916.75;24923.25;24914.25;24916.75;230
27/02/2026;07:10:00;24918.25;24929.0;24916.5;24928.0;121
27/02/2026;07:11:00;24928.25;24938.25;24921.5;24922.5;290
27/02/2026;07:12:00;24923.25;24927.25;24916.75;24921.0;245
27/02/2026;07:13:00;24922.0;24926.25;24917.25;24919.75;154
27/02/2026;07:14:00;24920.0;24921.0;24905.25;24910.5;230
27/02/2026;07:15:00;24911.75;24917.75;24904.0;24913.5;405
27/02/2026;07:16:00;24914.0;24921.0;24908.75;24909.0;243
27/02/2026;07:17:00;24908.75;24912.0;24904.0;24909.5;157
27/02/2026;07:18:00;24910.0;24913.5;24892.75;24893.25;327
27/02/2026;07:19:00;24894.5;24902.25;24890.5;24901.5;367
27/02/2026;07:20:00;24900.25;24911.75;24898.25;24911.0;235
27/02/2026;07:21:00;24910.75;24924.0;24909.5;24919.5;311
27/02/2026;07:22:00;24918.75;24920.25;24906.0;24906.25;192
27/02/2026;07:23:00;24907.5;24907.75;24898.0;24903.75;180
27/02/2026;07:24:00;24904.75;24905.25;24894.0;24895.75;168
27/02/2026;07:25:00;24895.5;24898.0;24886.0;24894.5;384
27/02/2026;07:26:00;24895.25;24898.0;24882.25;24885.75;308
27/02/2026;07:27:00;24886.0;24886.0;24878.75;24880.25;397
27/02/2026;07:28:00;24879.25;24881.25;24874.0;24876.5;487
27/02/2026;07:29:00;24875.5;24892.75;24875.5;24880.25;412
27/02/2026;07:30:00;24881.25;24883.25;24815.0;24854.75;1725
27/02/2026;07:31:00;24850.5;24867.0;24830.75;24834.75;897
27/02/2026;07:32:00;24835.5;24858.0;24828.0;24848.75;1148
27/02/2026;07:33:00;24848.5;24850.0;24828.75;24840.25;551
27/02/2026;07:34:00;24841.25;24849.75;24831.5;24836.25;411
27/02/2026;07:35:00;24837.75;24845.5;24829.25;24834.25;614
27/02/2026;07:36:00;24833.5;24833.5;24811.0;24818.5;845
27/02/2026;07:37:00;24819.0;24825.0;24805.75;24811.75;725
27/02/2026;07:38:00;24811.75;24830.25;24806.5;24823.5;781
27/02/2026;07:39:00;24822.5;24831.5;24817.5;24825.25;434
27/02/2026;07:40:00;24823.75;24834.5;24815.75;24818.0;849
27/02/2026;07:41:00;24818.25;24819.25;24799.75;24805.25;1142
27/02/2026;07:42:00;24805.25;24812.5;24793.75;24806.5;804
27/02/2026;07:43:00;24806.25;24828.0;24804.25;24822.75;875
27/02/2026;07:44:00;24823.5;24845.0;24819.25;24839.75;1285
27/02/2026;07:45:00;24840.0;24854.25;24838.5;24840.5;747
27/02/2026;07:46:00;24841.5;24851.75;24832.25;24841.75;1025
27/02/2026;07:47:00;24841.75;24850.0;24835.0;24848.25;877
27/02/2026;07:48:00;24847.25;24852.0;24844.75;24848.5;462
27/02/2026;07:49:00;24849.75;24862.75;24847.5;24858.5;526
27/02/2026;07:50:00;24859.5;24868.0;24844.25;24846.5;588
27/02/2026;07:51:00;24846.75;24856.75;24840.5;24856.5;322
27/02/2026;07:52:00;24857.25;24858.0;24843.75;24845.25;229
27/02/2026;07:53:00;24844.75;24850.5;24839.5;24849.25;387
27/02/2026;07:54:00;24850.0;24853.25;24840.75;24845.75;366
27/02/2026;07:55:00;24846.5;24854.0;24839.5;24840.0;387
27/02/2026;07:56:00;24839.0;24852.0;24838.75;24849.5;333
27/02/2026;07:57:00;24850.75;24853.0;24840.75;24847.0;176
27/02/2026;07:58:00;24847.75;24866.75;24847.75;24866.0;443
27/02/2026;07:59:00;24865.75;24879.25;24863.75;24870.5;505
27/02/2026;08:00:00;24871.0;24878.0;24860.5;24862.25;616
27/02/2026;08:01:00;24862.75;24873.0;24859.5;24859.75;342
27/02/2026;08:02:00;24859.5;24863.5;24851.5;24860.25;400
27/02/2026;08:03:00;24860.25;24860.5;24843.75;24849.25;440
27/02/2026;08:04:00;24850.25;24853.25;24841.75;24846.5;349
27/02/2026;08:05:00;24847.25;24849.25;24835.25;24847.25;294
27/02/2026;08:06:00;24847.25;24848.75;24837.75;24843.5;183
27/02/2026;08:07:00;24843.75;24844.25;24831.5;24842.5;349
27/02/2026;08:08:00;24842.0;24850.25;24841.5;24844.25;210
27/02/2026;08:09:00;24844.25;24847.25;24835.25;24845.0;215
27/02/2026;08:10:00;24843.25;24852.0;24838.0;24850.5;278
27/02/2026;08:11:00;24849.5;24860.25;24849.0;24853.25;301
27/02/2026;08:12:00;24853.5;24859.25;24838.5;24839.25;314
27/02/2026;08:13:00;24839.75;24844.25;24836.25;24838.5;313
27/02/2026;08:14:00;24842.0;24849.75;24841.0;24844.75;363
27/02/2026;08:15:00;24844.0;24844.75;24832.75;24832.75;676
27/02/2026;08:16:00;24832.75;24837.0;24828.0;24829.0;378
27/02/2026;08:17:00;24829.5;24834.0;24825.25;24826.5;361
27/02/2026;08:18:00;24826.5;24830.0;24818.5;24825.75;524
27/02/2026;08:19:00;24826.0;24827.5;24817.25;24821.0;395
27/02/2026;08:20:00;24821.25;24829.25;24819.75;24825.75;305
27/02/2026;08:21:00;24825.75;24831.5;24818.5;24827.25;389
27/02/2026;08:22:00;24828.5;24838.75;24828.0;24833.5;366
27/02/2026;08:23:00;24834.25;24837.75;24826.75;24829.5;217
27/02/2026;08:24:00;24828.5;24829.75;24824.25;24824.75;291
27/02/2026;08:25:00;24824.25;24835.0;24820.0;24830.25;826
27/02/2026;08:26:00;24829.5;24829.5;24818.25;24825.75;412
27/02/2026;08:27:00;24825.75;24828.25;24801.25;24805.75;813
27/02/2026;08:28:00;24805.25;24815.5;24796.0;24806.25;1658
27/02/2026;08:29:00;24806.25;24819.75;24800.75;24814.25;1521
27/02/2026;08:30:00;24815.25;24866.75;24807.5;24828.25;5766
27/02/2026;08:31:00;24828.5;24839.5;24805.0;24824.75;3320
27/02/2026;08:32:00;24824.75;24883.0;24824.25;24881.25;3307
27/02/2026;08:33:00;24880.75;24904.25;24876.75;24894.25;2909
27/02/2026;08:34:00;24892.75;24897.5;24863.25;24880.5;2287
27/02/2026;08:35:00;24881.25;24887.5;24860.25;24874.5;1860
27/02/2026;08:36:00;24874.0;24885.0;24851.0;24865.5;2358
27/02/2026;08:37:00;24866.75;24891.5;24842.25;24842.75;2046
27/02/2026;08:38:00;24843.25;24889.0;24840.5;24875.0;2123
27/02/2026;08:39:00;24875.0;24909.0;24859.0;24900.75;2613
27/02/2026;08:40:00;24900.25;24903.5;24864.0;24873.5;1886
27/02/2026;08:41:00;24873.0;24875.25;24848.0;24854.25;1379
27/02/2026;08:42:00;24853.75;24854.5;24820.0;24822.75;2331
27/02/2026;08:43:00;24825.0;24826.5;24782.0;24798.5;3315
27/02/2026;08:44:00;24798.75;24864.0;24796.25;24844.25;3008
27/02/2026;08:45:00;24845.25;24872.25;24816.25;24859.25;3416
27/02/2026;08:46:00;24857.5;24914.0;24856.25;24899.0;3452
27/02/2026;08:47:00;24899.0;24900.5;24858.0;24870.0;1950
27/02/2026;08:48:00;24870.0;24928.0;24869.5;24923.25;2352
27/02/2026;08:49:00;24924.0;24938.5;24917.5;24926.75;2441
27/02/2026;08:50:00;24926.75;24932.5;24892.0;24905.25;2264
27/02/2026;08:51:00;24905.25;24935.5;24902.75;24915.25;1710
27/02/2026;08:52:00;24915.75;24915.75;24886.75;24896.75;1572
27/02/2026;08:53:00;24896.0;24900.5;24875.0;24888.75;1520
27/02/2026;08:54:00;24889.5;24906.5;24870.75;24883.75;1418
27/02/2026;08:55:00;24882.5;24896.5;24860.75;24866.0;1741
27/02/2026;08:56:00;24865.5;24877.0;24850.0;24871.25;1387
27/02/2026;08:57:00;24870.0;24900.0;24867.5;24872.0;1687
27/02/2026;08:58:00;24872.0;24890.5;24860.25;24882.0;1391
27/02/2026;08:59:00;24881.25;24891.75;24870.5;24880.0;864
27/02/2026;09:00:00;24879.5;24904.0;24866.5;24889.5;2000
27/02/2026;09:01:00;24889.25;24932.25;24889.0;24914.25;2285
27/02/2026;09:02:00;24914.5;24953.5;24912.75;24927.5;2584
27/02/2026;09:03:00;24927.75;24932.25;24903.75;24917.75;1588
27/02/2026;09:04:00;24918.0;24924.5;24893.25;24921.75;1239
27/02/2026;09:05:00;24923.25;24947.5;24918.25;24943.25;1571
27/02/2026;09:06:00;24942.75;24963.0;24939.0;24941.5;1996
27/02/2026;09:07:00;24941.5;24967.5;24940.25;24961.0;1349
27/02/2026;09:08:00;24960.75;24980.25;24957.0;24975.0;1901
27/02/2026;09:09:00;24974.5;24978.5;24954.5;24954.5;1315
27/02/2026;09:10:00;24956.0;24977.5;24952.25;24970.75;1296
27/02/2026;09:11:00;24970.5;24993.5;24961.25;24992.75;1842
27/02/2026;09:12:00;24992.5;24993.5;24974.0;24976.5;1388
27/02/2026;09:13:00;24977.75;24983.0;24969.0;24974.0;1316
27/02/2026;09:14:00;24975.25;24979.75;24950.0;24953.25;1616
27/02/2026;09:15:00;24954.25;24971.0;24952.0;24954.75;1477
27/02/2026;09:16:00;24956.25;24957.5;24939.25;24948.25;1510
27/02/2026;09:17:00;24948.25;24955.75;24940.5;24944.25;1019
27/02/2026;09:18:00;24945.0;24948.75;24921.25;24927.25;1765
27/02/2026;09:19:00;24927.75;24959.5;24924.0;24948.0;1313
27/02/2026;09:20:00;24947.25;24976.0;24940.0;24964.25;1474
27/02/2026;09:21:00;24964.25;24973.5;24948.75;24955.25;990
27/02/2026;09:22:00;24956.25;24966.75;24944.5;24953.5;1055
27/02/2026;09:23:00;24952.5;24979.25;24952.25;24969.25;1101
27/02/2026;09:24:00;24969.0;24997.5;24966.5;24981.25;1808
27/02/2026;09:25:00;24980.5;24981.5;24955.5;24958.25;1157
27/02/2026;09:26:00;24958.75;24961.0;24945.0;24952.75;1138
27/02/2026;09:27:00;24952.0;24974.0;24951.0;24967.25;977
27/02/2026;09:28:00;24966.0;24983.5;24961.25;24979.5;951
27/02/2026;09:29:00;24979.5;24983.0;24959.5;24971.25;859
27/02/2026;09:30:00;24971.0;24977.25;24960.0;24972.25;912
27/02/2026;09:31:00;24973.0;24974.25;24946.25;24955.0;832
27/02/2026;09:32:00;24955.5;24956.25;24928.0;24931.25;1105
27/02/2026;09:33:00;24930.5;24968.0;24928.5;24962.75;1335
27/02/2026;09:34:00;24962.75;24965.25;24946.75;24954.75;1138
27/02/2026;09:35:00;24954.5;24970.75;24952.75;24960.75;895
27/02/2026;09:36:00;24959.5;24975.75;24952.75;24975.0;756
27/02/2026;09:37:00;24975.0;24995.0;24970.75;24970.75;1600
27/02/2026;09:38:00;24971.0;24990.75;24967.0;24982.0;1007
27/02/2026;09:39:00;24982.0;24983.5;24972.5;24973.0;863
27/02/2026;09:40:00;24973.75;24977.75;24960.0;24971.75;946
27/02/2026;09:41:00;24971.75;24972.75;24955.5;24970.75;808
27/02/2026;09:42:00;24970.75;24982.5;24968.5;24982.0;722
27/02/2026;09:43:00;24981.75;25001.75;24977.75;24993.0;1463
27/02/2026;09:44:00;24993.0;25007.25;24990.75;24998.5;1565
27/02/2026;09:45:00;24999.25;25017.25;24997.75;25000.25;1704
27/02/2026;09:46:00;25000.0;25010.5;24991.5;25001.5;1251
27/02/2026;09:47:00;25001.0;25010.0;24998.75;25001.5;728
27/02/2026;09:48:00;25001.0;25003.5;24976.25;24988.25;1364
27/02/2026;09:49:00;24988.0;24998.5;24978.0;24982.0;1072
27/02/2026;09:50:00;24982.75;24986.25;24964.0;24971.0;1450
27/02/2026;09:51:00;24971.25;24971.25;24943.0;24944.0;1654
27/02/2026;09:52:00;24944.25;24960.25;24938.5;24946.5;1428
27/02/2026;09:53:00;24945.75;24949.0;24934.5;24936.75;1102
27/02/2026;09:54:00;24936.25;24945.5;24925.25;24942.75;1524
27/02/2026;09:55:00;24942.75;24948.75;24922.5;24944.5;1292
27/02/2026;09:56:00;24943.5;24968.5;24941.25;24957.5;1212
27/02/2026;09:57:00;24957.75;24980.5;24949.5;24979.5;1205
27/02/2026;09:58:00;24980.0;24985.25;24970.25;24971.5;911
27/02/2026;09:59:00;24970.75;24987.25;24968.25;24982.75;1080
27/02/2026;10:00:00;24983.5;24988.25;24976.25;24982.75;1143
27/02/2026;10:01:00;24984.0;25000.0;24983.75;24987.25;1234
27/02/2026;10:02:00;24987.75;25006.0;24984.75;25002.5;962
27/02/2026;10:03:00;25003.75;25015.0;24998.25;25009.25;1121
27/02/2026;10:04:00;25009.25;25021.5;24999.0;25002.75;1205
27/02/2026;10:05:00;25002.5;25006.25;24991.75;24997.0;1241
27/02/2026;10:06:00;24996.25;24997.25;24984.5;24986.0;818
27/02/2026;10:07:00;24987.0;24988.5;24974.75;24978.25;766
27/02/2026;10:08:00;24977.75;24981.0;24962.25;24962.25;1159
27/02/2026;10:09:00;24961.25;24961.75;24943.25;24950.75;1106
27/02/2026;10:10:00;24951.0;24972.0;24950.5;24961.0;1255
27/02/2026;10:11:00;24961.75;24976.0;24960.0;24966.25;844
27/02/2026;10:12:00;24966.25;24970.0;24955.75;24960.0;586
27/02/2026;10:13:00;24961.0;24993.0;24960.25;24986.5;1021
27/02/2026;10:14:00;24985.5;24993.75;24978.75;24988.0;702
27/02/2026;10:15:00;24988.75;25000.25;24986.75;24997.5;1130
27/02/2026;10:16:00;24998.25;24998.25;24978.0;24987.5;669
27/02/2026;10:17:00;24989.0;25011.75;24986.75;25009.5;971
27/02/2026;10:18:00;25009.25;25013.75;25000.5;25008.0;710
27/02/2026;10:19:00;25008.0;25009.75;24988.0;24990.25;1172
27/02/2026;10:20:00;24989.25;24991.0;24968.0;24970.25;1159
27/02/2026;10:21:00;24969.75;24978.5;24963.25;24971.0;777
27/02/2026;10:22:00;24970.75;24976.0;24958.75;24967.5;927
27/02/2026;10:23:00;24967.5;24969.75;24954.5;24964.5;665
27/02/2026;10:24:00;24965.0;24987.0;24956.75;24985.0;870
27/02/2026;10:25:00;24983.75;24993.5;24978.0;24990.75;836
27/02/2026;10:26:00;24991.5;24997.5;24980.0;24984.5;585
27/02/2026;10:27:00;24984.25;24987.75;24962.75;24966.75;712
27/02/2026;10:28:00;24968.5;24981.25;24964.0;24979.75;727
27/02/2026;10:29:00;24979.75;24991.75;24964.75;24968.0;970
27/02/2026;10:30:00;24969.0;24989.75;24966.25;24989.25;1160
27/02/2026;10:31:00;24989.75;24999.0;24979.75;24997.0;618
27/02/2026;10:32:00;24997.0;25004.5;24991.0;25000.25;807
27/02/2026;10:33:00;25001.25;25001.25;24985.5;24999.25;618
27/02/2026;10:34:00;24997.5;25009.75;24993.5;25005.5;863
27/02/2026;10:35:00;25006.75;25009.25;24989.25;24991.5;784
27/02/2026;10:36:00;24991.0;25000.75;24982.0;24983.25;615
27/02/2026;10:37:00;24983.5;24987.5;24977.0;24982.0;707
27/02/2026;10:38:00;24981.75;24988.5;24975.25;24981.0;576
27/02/2026;10:39:00;24982.25;24984.0;24972.25;24976.0;567
27/02/2026;10:40:00;24975.25;24975.25;24955.0;24962.0;1487
27/02/2026;10:41:00;24961.25;24967.75;24955.25;24964.5;598
27/02/2026;10:42:00;24963.5;24965.0;24946.5;24951.0;797
27/02/2026;10:43:00;24951.25;24952.5;24935.75;24944.75;1123
27/02/2026;10:44:00;24944.25;24948.5;24932.5;24936.0;692
27/02/2026;10:45:00;24936.0;24951.0;24931.5;24941.75;1036
27/02/2026;10:46:00;24941.0;24955.25;24940.5;24948.75;793
27/02/2026;10:47:00;24949.0;24954.75;24939.0;24941.0;589
27/02/2026;10:48:00;24942.0;24946.5;24935.0;24937.25;515
27/02/2026;10:49:00;24937.0;24943.25;24933.0;24936.5;553
27/02/2026;10:50:00;24936.75;24958.25;24936.25;24958.25;874
27/02/2026;10:51:00;24958.75;24981.25;24952.0;24980.0;1354
27/02/2026;10:52:00;24979.75;24980.25;24970.75;24978.75;690
27/02/2026;10:53:00;24978.5;24980.25;24964.0;24973.75;839
27/02/2026;10:54:00;24974.5;24988.5;24973.5;24987.0;694
27/02/2026;10:55:00;24986.5;25005.75;24985.75;24994.25;1857
27/02/2026;10:56:00;24994.5;25004.0;24988.0;24994.5;747
27/02/2026;10:57:00;24995.0;25000.25;24988.25;24994.25;613
27/02/2026;10:58:00;24994.0;24994.75;24981.0;24984.5;693
27/02/2026;10:59:00;24984.75;24985.25;24965.0;24968.75;1082
27/02/2026;11:00:00;24969.25;24998.75;24967.5;24995.5;1015
27/02/2026;11:01:00;24995.0;24998.75;24988.25;24998.0;582
27/02/2026;11:02:00;24997.75;25008.0;24991.5;24995.0;816
27/02/2026;11:03:00;24995.0;25012.25;24994.75;25007.75;1006
27/02/2026;11:04:00;25007.75;25012.25;24996.75;25000.5;655
27/02/2026;11:05:00;25000.5;25009.5;24993.75;25002.75;780
27/02/2026;11:06:00;25003.5;25018.25;25002.25;25009.75;918
27/02/2026;11:07:00;25009.25;25026.25;25008.25;25021.5;1026
27/02/2026;11:08:00;25021.5;25036.75;25020.5;25031.25;1166
27/02/2026;11:09:00;25032.0;25032.5;25024.5;25027.25;730
27/02/2026;11:10:00;25028.0;25029.0;24995.75;24996.25;1397
27/02/2026;11:11:00;24996.5;24998.25;24981.75;24983.75;838
27/02/2026;11:12:00;24983.75;24986.0;24974.75;24974.75;690
27/02/2026;11:13:00;24975.25;24978.5;24962.25;24965.25;943
27/02/2026;11:14:00;24965.5;24970.0;24956.5;24960.75;774
27/02/2026;11:15:00;24961.25;24962.75;24952.0;24959.0;846
27/02/2026;11:16:00;24959.25;24959.5;24946.25;24950.5;770
27/02/2026;11:17:00;24950.5;24952.25;24941.25;24944.25;827
27/02/2026;11:18:00;24944.0;24949.25;24940.0;24944.25;606
27/02/2026;11:19:00;24943.5;24946.25;24936.5;24942.25;823
27/02/2026;11:20:00;24941.5;24946.0;24928.25;24934.25;1080
27/02/2026;11:21:00;24933.75;24938.25;24925.25;24926.25;716
27/02/2026;11:22:00;24926.5;24928.0;24900.25;24903.25;1905
27/02/2026;11:23:00;24902.75;24927.5;24901.0;24924.5;1427
27/02/2026;11:24:00;24924.0;24941.75;24921.25;24938.75;1610
27/02/2026;11:25:00;24938.25;24953.75;24934.25;24942.25;1651
27/02/2026;11:26:00;24942.25;24963.0;24935.75;24958.75;1156
27/02/2026;11:27:00;24959.0;24967.25;24946.75;24956.5;1105
27/02/2026;11:28:00;24957.5;24966.5;24954.25;24963.25;522
27/02/2026;11:29:00;24963.0;24963.0;24948.5;24952.75;557
27/02/2026;11:30:00;24952.5;24984.5;24946.25;24956.25;2627
27/02/2026;11:31:00;24957.25;24960.5;24930.0;24952.5;2452
27/02/2026;11:32:00;24951.75;24974.5;24947.75;24966.0;1854
27/02/2026;11:33:00;24965.75;24975.5;24951.25;24972.25;796
27/02/2026;11:34:00;24973.25;24990.0;24972.5;24982.75;992
27/02/2026;11:35:00;24982.5;24987.75;24972.0;24981.0;807
27/02/2026;11:36:00;24981.0;24994.0;24975.5;24975.75;794
27/02/2026;11:37:00;24976.25;24981.25;24967.75;24979.75;715
27/02/2026;11:38:00;24980.25;24981.75;24967.25;24967.75;555
27/02/2026;11:39:00;24967.75;24976.5;24958.75;24959.5;551
27/02/2026;11:40:00;24960.25;24965.5;24951.5;24952.5;681
27/02/2026;11:41:00;24953.0;24956.25;24940.5;24943.0;974
27/02/2026;11:42:00;24944.0;24947.75;24926.5;24928.5;872
27/02/2026;11:43:00;24928.5;24944.0;24925.25;24935.0;733
27/02/2026;11:44:00;24934.75;24944.5;24928.0;24933.75;521
27/02/2026;11:45:00;24934.75;24935.0;24923.75;24925.5;569
27/02/2026;11:46:00;24926.75;24931.0;24914.0;24926.5;792
27/02/2026;11:47:00;24927.25;24930.75;24916.25;24925.75;628
27/02/2026;11:48:00;24926.0;24927.75;24916.0;24917.75;462
27/02/2026;11:49:00;24918.0;24930.75;24914.25;24926.0;670
27/02/2026;11:50:00;24926.5;24935.5;24919.5;24925.75;731
27/02/2026;11:51:00;24925.75;24932.25;24916.5;24924.75;627
27/02/2026;11:52:00;24924.5;24928.75;24915.25;24923.0;440
27/02/2026;11:53:00;24924.25;24947.75;24923.75;24936.5;1282
27/02/2026;11:54:00;24937.0;24946.25;24935.0;24936.25;483
27/02/2026;11:55:00;24936.25;24948.25;24936.0;24945.25;475
27/02/2026;11:56:00;24946.0;24953.0;24937.5;24950.75;424
27/02/2026;11:57:00;24951.5;24953.75;24945.75;24947.75;395
27/02/2026;11:58:00;24949.5;24952.25;24936.75;24951.75;443
27/02/2026;11:59:00;24951.25;24951.75;24942.75;24945.5;365
27/02/2026;12:00:00;24945.0;24955.25;24940.75;24942.5;526
27/02/2026;12:01:00;24943.5;24944.75;24928.75;24932.25;1016
27/02/2026;12:02:00;24933.0;24940.75;24922.25;24940.25;726
27/02/2026;12:03:00;24939.25;24943.25;24927.75;24937.25;596
27/02/2026;12:04:00;24936.25;24944.75;24929.0;24929.5;400
27/02/2026;12:05:00;24928.75;24930.75;24916.0;24918.5;629
27/02/2026;12:06:00;24919.75;24936.0;24919.25;24933.25;551
27/02/2026;12:07:00;24933.0;24943.25;24927.5;24942.0;520
27/02/2026;12:08:00;24941.75;24941.75;24925.0;24930.0;309
27/02/2026;12:09:00;24928.25;24930.5;24921.5;24921.75;420
27/02/2026;12:10:00;24921.25;24927.0;24913.0;24922.0;542
27/02/2026;12:11:00;24922.25;24933.5;24921.25;24927.0;461
27/02/2026;12:12:00;24927.5;24927.75;24914.0;24914.25;512
27/02/2026;12:13:00;24913.75;24921.25;24911.25;24918.75;437
27/02/2026;12:14:00;24917.25;24920.75;24912.75;24914.25;313
27/02/2026;12:15:00;24912.5;24920.0;24906.25;24907.0;750
27/02/2026;12:16:00;24906.5;24917.75;24905.75;24914.5;629
27/02/2026;12:17:00;24913.0;24914.25;24904.75;24907.5;470
27/02/2026;12:18:00;24907.75;24914.5;24905.25;24907.5;357
27/02/2026;12:19:00;24906.75;24910.75;24894.0;24898.5;1022
27/02/2026;12:20:00;24897.75;24907.25;24890.0;24904.25;842
27/02/2026;12:21:00;24904.5;24904.5;24880.5;24881.75;956
27/02/2026;12:22:00;24881.5;24899.5;24881.25;24898.25;774
27/02/2026;12:23:00;24897.75;24903.75;24889.25;24893.0;801
27/02/2026;12:24:00;24892.75;24897.75;24890.25;24892.0;365
27/02/2026;12:25:00;24893.0;24895.0;24877.75;24878.5;686
27/02/2026;12:26:00;24878.75;24886.5;24877.0;24882.75;558
27/02/2026;12:27:00;24882.75;24885.25;24874.75;24882.5;530
27/02/2026;12:28:00;24881.75;24901.75;24881.75;24898.0;840
27/02/2026;12:29:00;24900.25;24918.0;24897.5;24911.0;1392
27/02/2026;12:30:00;24911.0;24914.5;24904.25;24906.25;853
27/02/2026;12:31:00;24904.75;24917.5;24902.0;24913.5;651
27/02/2026;12:32:00;24911.25;24912.0;24895.75;24897.5;524
27/02/2026;12:33:00;24898.0;24911.0;24894.25;24901.75;606
27/02/2026;12:34:00;24901.0;24914.25;24899.75;24902.25;514
27/02/2026;12:35:00;24902.5;24911.0;24901.5;24902.0;351
27/02/2026;12:36:00;24901.75;24913.25;24900.5;24905.75;336
27/02/2026;12:37:00;24906.0;24907.0;24888.0;24894.75;700
27/02/2026;12:38:00;24894.5;24906.0;24892.75;24906.0;435
27/02/2026;12:39:00;24906.5;24914.5;24901.0;24907.0;778
27/02/2026;12:40:00;24906.0;24925.25;24906.0;24921.5;1024
27/02/2026;12:41:00;24921.5;24928.75;24917.75;24923.25;646
27/02/2026;12:42:00;24923.25;24931.25;24920.5;24920.5;499
27/02/2026;12:43:00;24920.25;24922.0;24908.0;24914.75;640
27/02/2026;12:44:00;24914.5;24919.75;24909.5;24912.0;304
27/02/2026;12:45:00;24912.25;24917.5;24906.0;24915.0;704
27/02/2026;12:46:00;24915.0;24917.0;24906.0;24908.25;568
27/02/2026;12:47:00;24907.75;24924.0;24901.75;24918.5;681
27/02/2026;12:48:00;24919.0;24922.75;24906.5;24908.0;496
27/02/2026;12:49:00;24908.0;24908.0;24901.75;24905.25;433
27/02/2026;12:50:00;24905.25;24909.25;24891.75;24893.25;739
27/02/2026;12:51:00;24893.0;24902.75;24892.25;24897.5;499
27/02/2026;12:52:00;24898.25;24916.0;24894.5;24913.5;682
27/02/2026;12:53:00;24913.5;24914.25;24908.25;24909.5;352
27/02/2026;12:54:00;24910.25;24911.25;24898.75;24900.75;421
27/02/2026;12:55:00;24900.0;24902.25;24893.5;24896.25;464
27/02/2026;12:56:00;24896.0;24897.75;24886.0;24890.0;486
27/02/2026;12:57:00;24890.5;24897.5;24889.75;24894.75;398
27/02/2026;12:58:00;24894.0;24904.25;24891.5;24904.25;493
27/02/2026;12:59:00;24903.5;24911.0;24899.75;24902.75;661
27/02/2026;13:00:00;24902.5;24912.75;24900.25;24908.75;575
27/02/2026;13:01:00;24908.5;24922.75;24908.0;24920.5;644
27/02/2026;13:02:00;24920.5;24929.0;24916.75;24922.75;686
27/02/2026;13:03:00;24924.0;24940.75;24922.75;24940.0;1160
27/02/2026;13:04:00;24940.5;24947.0;24936.25;24944.0;755
27/02/2026;13:05:00;24944.0;24946.25;24934.25;24943.5;775
27/02/2026;13:06:00;24943.25;24963.0;24942.75;24950.75;1185
27/02/2026;13:07:00;24950.0;24950.75;24935.5;24937.25;656
27/02/2026;13:08:00;24938.0;24938.5;24914.5;24915.25;1171
27/02/2026;13:09:00;24914.75;24918.0;24904.75;24911.5;702
27/02/2026;13:10:00;24911.0;24915.75;24902.75;24902.75;674
27/02/2026;13:11:00;24903.25;24909.5;24897.25;24908.0;715
27/02/2026;13:12:00;24908.25;24914.5;24905.75;24907.25;478
27/02/2026;13:13:00;24907.5;24922.25;24905.0;24919.0;739
27/02/2026;13:14:00;24919.25;24921.5;24908.75;24909.25;517
27/02/2026;13:15:00;24910.25;24913.5;24901.75;24907.5;656
27/02/2026;13:16:00;24907.25;24913.75;24905.75;24907.75;388
27/02/2026;13:17:00;24907.5;24919.5;24905.75;24915.0;367
27/02/2026;13:18:00;24915.5;24921.75;24908.75;24914.0;297
27/02/2026;13:19:00;24914.25;24919.0;24908.25;24909.0;251
27/02/2026;13:20:00;24909.75;24917.5;24908.25;24909.75;313
27/02/2026;13:21:00;24909.75;24913.0;24902.75;24904.75;358
27/02/2026;13:22:00;24905.25;24912.0;24900.0;24902.25;321
27/02/2026;13:23:00;24901.75;24908.0;24898.75;24903.25;331
27/02/2026;13:24:00;24903.5;24909.0;24903.0;24905.25;246
27/02/2026;13:25:00;24904.75;24909.75;24899.75;24899.75;420
27/02/2026;13:26:00;24900.0;24908.75;24898.0;24907.25;545
27/02/2026;13:27:00;24907.75;24922.0;24907.75;24917.0;736
27/02/2026;13:28:00;24918.0;24918.25;24906.75;24915.25;454
27/02/2026;13:29:00;24912.25;24914.0;24903.75;24906.75;334
27/02/2026;13:30:00;24906.25;24907.25;24892.5;24894.75;850
27/02/2026;13:31:00;24894.0;24898.5;24889.75;24894.5;362
27/02/2026;13:32:00;24895.0;24902.5;24894.75;24897.25;473
27/02/2026;13:33:00;24896.75;24904.25;24891.0;24901.0;438
27/02/2026;13:34:00;24900.75;24907.5;24898.25;24900.75;422
27/02/2026;13:35:00;24900.0;24912.0;24899.5;24908.0;596
27/02/2026;13:36:00;24908.0;24911.0;24901.75;24907.75;374
27/02/2026;13:37:00;24908.75;24919.5;24905.5;24911.0;707
27/02/2026;13:38:00;24910.5;24912.25;24905.75;24910.5;268
27/02/2026;13:39:00;24911.0;24919.5;24910.5;24911.5;441
27/02/2026;13:40:00;24909.25;24913.5;24900.0;24901.25;546
27/02/2026;13:41:00;24902.0;24907.0;24897.5;24901.75;379
27/02/2026;13:42:00;24901.25;24902.0;24888.75;24890.5;737
27/02/2026;13:43:00;24889.25;24890.25;24882.0;24882.5;758
27/02/2026;13:44:00;24882.5;24887.75;24873.0;24887.0;843
27/02/2026;13:45:00;24886.5;24899.0;24884.0;24893.5;741
27/02/2026;13:46:00;24892.5;24896.25;24886.0;24895.0;419
27/02/2026;13:47:00;24894.25;24895.5;24887.5;24889.25;323
27/02/2026;13:48:00;24889.5;24891.0;24884.0;24884.25;288
27/02/2026;13:49:00;24885.25;24886.5;24880.0;24884.75;386
27/02/2026;13:50:00;24884.5;24887.75;24881.5;24882.5;335
27/02/2026;13:51:00;24882.5;24886.0;24881.5;24884.25;291
27/02/2026;13:52:00;24883.75;24891.0;24882.0;24888.0;395
27/02/2026;13:53:00;24887.5;24891.0;24885.5;24887.0;230
27/02/2026;13:54:00;24886.5;24896.0;24885.0;24887.0;445
27/02/2026;13:55:00;24886.75;24898.5;24885.25;24897.5;479
27/02/2026;13:56:00;24897.5;24903.5;24896.5;24897.25;451
27/02/2026;13:57:00;24897.75;24903.25;24897.25;24903.25;330
27/02/2026;13:58:00;24903.25;24904.25;24894.75;24898.5;356
27/02/2026;13:59:00;24898.0;24900.75;24892.5;24895.25;413
27/02/2026;14:00:00;24894.25;24909.5;24893.5;24902.25;743
27/02/2026;14:01:00;24902.75;24910.5;24898.25;24907.25;489
27/02/2026;14:02:00;24908.25;24916.25;24906.75;24913.5;666
27/02/2026;14:03:00;24913.0;24915.5;24906.75;24910.0;365
27/02/2026;14:04:00;24910.25;24917.5;24900.25;24900.25;628
27/02/2026;14:05:00;24900.25;24912.5;24898.0;24909.5;786
27/02/2026;14:06:00;24910.0;24911.0;24900.25;24902.25;484
27/02/2026;14:07:00;24902.5;24916.25;24901.5;24916.25;561
27/02/2026;14:08:00;24917.0;24920.75;24915.5;24920.5;667
27/02/2026;14:09:00;24920.25;24924.0;24913.25;24915.0;647
27/02/2026;14:10:00;24915.0;24940.0;24913.25;24939.5;1432
27/02/2026;14:11:00;24939.5;24942.5;24931.25;24940.25;807
27/02/2026;14:12:00;24940.75;24962.5;24938.0;24955.0;1104
27/02/2026;14:13:00;24955.5;24956.25;24947.0;24947.0;673
27/02/2026;14:14:00;24947.5;24968.75;24947.5;24968.75;1051
27/02/2026;14:15:00;24968.5;24974.75;24964.75;24968.0;1014
27/02/2026;14:16:00;24968.25;24974.25;24964.75;24968.5;721
27/02/2026;14:17:00;24968.5;24980.5;24967.75;24978.0;958
27/02/2026;14:18:00;24978.75;24980.25;24968.75;24977.75;654
27/02/2026;14:19:00;24978.25;24985.25;24973.75;24980.75;772
27/02/2026;14:20:00;24980.75;24980.75;24967.5;24968.75;877
27/02/2026;14:21:00;24969.25;24987.25;24966.25;24985.5;1287
27/02/2026;14:22:00;24985.0;24988.0;24980.0;24984.5;561
27/02/2026;14:23:00;24984.0;24996.75;24983.25;24996.0;837
27/02/2026;14:24:00;24997.0;25004.5;24993.25;24993.5;981
27/02/2026;14:25:00;24992.75;24996.5;24989.0;24996.5;882
27/02/2026;14:26:00;24996.5;25002.0;24991.0;24996.25;882
27/02/2026;14:27:00;24996.0;24998.25;24981.0;24986.5;880
27/02/2026;14:28:00;24986.0;24994.75;24985.0;24989.5;431
27/02/2026;14:29:00;24989.5;24989.75;24976.25;24978.75;809
27/02/2026;14:30:00;24978.5;24985.75;24974.75;24979.25;901
27/02/2026;14:31:00;24979.25;24984.0;24971.0;24977.0;667
27/02/2026;14:32:00;24977.5;24979.75;24968.5;24972.0;711
27/02/2026;14:33:00;24971.75;24975.25;24968.0;24972.0;709
27/02/2026;14:34:00;24971.75;24971.75;24957.25;24960.25;1167
27/02/2026;14:35:00;24960.25;24961.0;24949.0;24953.5;1105
27/02/2026;14:36:00;24953.25;24959.25;24951.25;24954.75;656
27/02/2026;14:37:00;24954.0;24957.25;24936.0;24936.5;981
27/02/2026;14:38:00;24935.75;24937.75;24921.75;24925.0;1097
27/02/2026;14:39:00;24925.0;24932.5;24923.25;24925.0;767
27/02/2026;14:40:00;24925.5;24939.25;24923.5;24935.75;1282
27/02/2026;14:41:00;24935.5;24938.0;24923.25;24927.5;982
27/02/2026;14:42:00;24927.25;24940.25;24924.25;24940.25;884
27/02/2026;14:43:00;24940.0;24956.25;24939.5;24953.25;1196
27/02/2026;14:44:00;24952.75;24958.5;24931.25;24935.5;1183
27/02/2026;14:45:00;24935.25;24946.0;24931.25;24944.75;1083
27/02/2026;14:46:00;24944.5;24952.0;24940.0;24943.75;774
27/02/2026;14:47:00;24943.5;24947.0;24932.75;24934.0;860
27/02/2026;14:48:00;24933.75;24951.75;24929.75;24951.25;1007
27/02/2026;14:49:00;24951.0;24957.0;24947.0;24953.25;807
27/02/2026;14:50:00;24953.5;24981.25;24942.25;24958.75;3309
27/02/2026;14:51:00;24958.5;24964.75;24946.0;24960.75;1163
27/02/2026;14:52:00;24960.5;24964.5;24952.0;24957.75;1093
27/02/2026;14:53:00;24958.5;24980.0;24950.75;24973.5;1710
27/02/2026;14:54:00;24973.0;24985.75;24967.25;24982.5;2470
27/02/2026;14:55:00;24983.25;24994.75;24970.0;24976.25;2410
27/02/2026;14:56:00;24976.25;24992.0;24966.5;24991.0;1678
27/02/2026;14:57:00;24990.75;25001.25;24987.75;24999.75;1974
27/02/2026;14:58:00;24999.25;25005.5;24990.75;24996.5;2504
27/02/2026;14:59:00;24996.25;25022.75;24979.0;24998.25;14124
27/02/2026;15:00:00;24998.25;24998.75;24972.75;24984.25;4233
27/02/2026;15:01:00;24984.5;24992.5;24973.75;24975.5;1921
27/02/2026;15:02:00;24975.5;24991.75;24974.5;24986.75;1079
27/02/2026;15:03:00;24986.75;24991.0;24980.75;24988.5;765
27/02/2026;15:04:00;24988.25;24988.75;24980.75;24982.0;437
27/02/2026;15:05:00;24982.25;24982.75;24973.5;24975.0;637
27/02/2026;15:06:00;24974.25;24977.0;24971.5;24975.0;661
27/02/2026;15:07:00;24975.0;24985.75;24974.0;24976.0;440
27/02/2026;15:08:00;24975.25;24977.0;24968.0;24969.0;531
27/02/2026;15:09:00;24968.5;24970.25;24962.0;24967.5;498
27/02/2026;15:10:00;24967.0;24971.5;24964.25;24964.25;262
27/02/2026;15:11:00;24964.0;24970.25;24962.5;24965.75;280
27/02/2026;15:12:00;24965.5;24973.25;24965.5;24972.0;312
27/02/2026;15:13:00;24971.75;24978.0;24971.25;24973.25;416
27/02/2026;15:14:00;24972.75;24979.5;24968.5;24976.5;386
27/02/2026;15:15:00;24976.75;24976.75;24962.0;24964.0;341
27/02/2026;15:16:00;24963.5;24975.5;24962.5;24973.25;317
27/02/2026;15:17:00;24973.25;24980.25;24972.25;24977.5;376
27/02/2026;15:18:00;24977.0;24978.25;24970.0;24970.0;155
27/02/2026;15:19:00;24970.25;24971.25;24964.25;24965.5;256
27/02/2026;15:20:00;24965.75;24966.5;24952.75;24956.5;427
27/02/2026;15:21:00;24955.5;24956.0;24939.25;24948.5;498
27/02/2026;15:22:00;24949.5;24950.75;24943.0;24950.75;195
27/02/2026;15:23:00;24951.5;24955.5;24949.75;24951.25;263
27/02/2026;15:24:00;24950.75;24953.0;24948.0;24948.75;165
27/02/2026;15:25:00;24948.25;24955.0;24948.25;24953.25;229
27/02/2026;15:26:00;24953.0;24953.5;24944.0;24950.25;208
27/02/2026;15:27:00;24950.25;24954.0;24949.0;24953.75;171
27/02/2026;15:28:00;24955.0;24962.5;24955.0;24959.0;340
27/02/2026;15:29:00;24958.0;24966.25;24957.0;24960.5;299
27/02/2026;15:30:00;24961.25;24970.0;24959.25;24965.25;246
27/02/2026;15:31:00;24965.0;24969.5;24964.5;24968.25;160
27/02/2026;15:32:00;24968.5;24972.75;24967.25;24969.0;222
27/02/2026;15:33:00;24969.0;24976.0;24965.75;24976.0;186
27/02/2026;15:34:00;24976.5;24978.25;24970.5;24970.5;201
27/02/2026;15:35:00;24970.0;24976.25;24967.75;24974.75;197
27/02/2026;15:36:00;24975.0;24976.0;24971.0;24974.75;239
27/02/2026;15:37:00;24974.25;24974.25;24963.0;24963.5;283
27/02/2026;15:38:00;24963.25;24967.25;24961.5;24966.25;150
27/02/2026;15:39:00;24966.0;24967.0;24960.75;24960.75;130
27/02/2026;15:40:00;24960.75;24965.25;24960.5;24963.25;121
27/02/2026;15:41:00;24963.5;24969.0;24963.5;24966.75;84
27/02/2026;15:42:00;24966.5;24966.5;24960.75;24962.0;94
27/02/2026;15:43:00;24961.75;24964.25;24960.5;24961.75;58
27/02/2026;15:44:00;24962.5;24966.0;24962.0;24962.5;59
27/02/2026;15:45:00;24963.25;24963.75;24955.25;24955.25;147
27/02/2026;15:46:00;24956.0;24956.25;24951.5;24952.0;117
27/02/2026;15:47:00;24951.5;24952.75;24947.0;24949.0;139
27/02/2026;15:48:00;24950.0;24952.5;24946.75;24947.0;119
27/02/2026;15:49:00;24947.0;24952.5;24942.75;24948.75;154
27/02/2026;15:50:00;24947.75;24949.75;24944.0;24944.5;105
27/02/2026;15:51:00;24944.75;24947.75;24944.0;24945.5;50
27/02/2026;15:52:00;24946.5;24947.75;24944.25;24947.75;63
27/02/2026;15:53:00;24947.5;24952.0;24946.75;24949.75;97
27/02/2026;15:54:00;24949.5;24949.5;24942.25;24945.25;173
27/02/2026;15:55:00;24945.0;24950.0;24944.0;24946.0;113
27/02/2026;15:56:00;24945.25;24947.75;24943.25;24945.75;78
27/02/2026;15:57:00;24945.5;24949.0;24945.0;24947.5;74
27/02/2026;15:58:00;24947.75;24959.75;24946.5;24959.0;369
27/02/2026;15:59:00;24959.0;25004.75;24951.5;25004.75;184
